id,cliente,categoria,prioridad,agente,tiempo_resolucion_horas,satisfaccion,estado,fecha
1,Cliente_103,Entrega,Alta,Fernanda P.,54,1,Resuelto,2025-05-10
2,Cliente_436,Cuenta,Crítica,Fernanda P.,35,5,En espera,2024-02-07
3,Cliente_349,Entrega,Media,Fernanda P.,46,4,Resuelto,2024-04-07
4,Cliente_271,Cuenta,Alta,Fernanda P.,1,3,Resuelto,2024-02-27
5,Cliente_107,Técnico,Alta,Ana L.,41,5,Resuelto,2024-12-12
6,Cliente_72,Cuenta,Baja,Carlos M.,32,2,Resuelto,2025-06-12
7,Cliente_189,Técnico,Baja,Ana L.,40,1,Abierto,2025-06-18
8,Cliente_21,Técnico,Baja,Fernanda P.,11,1,Resuelto,2025-04-26
9,Cliente_103,Producto,Media,Carlos M.,62,3,Resuelto,2024-07-31
10,Cliente_122,Técnico,Baja,Ana L.,46,1,Abierto,2024-05-27
11,Cliente_467,Cuenta,Baja,Fernanda P.,48,1,Abierto,2024-04-05
12,Cliente_215,Producto,Baja,Carlos M.,43,4,En espera,2025-04-04
13,Cliente_331,Producto,Baja,Carlos M.,51,5,Resuelto,2024-09-16
14,Cliente_459,Técnico,Crítica,Fernanda P.,61,4,Abierto,2024-03-13
15,Cliente_88,Entrega,Baja,Fernanda P.,42,4,Resuelto,2024-11-26
16,Cliente_373,Entrega,Media,Carlos M.,26,1,Resuelto,2024-02-18
17,Cliente_100,Producto,Media,Fernanda P.,11,5,En espera,2024-08-09
18,Cliente_360,Técnico,Media,Ana L.,25,1,Resuelto,2024-12-30
19,Cliente_152,Entrega,Baja,Fernanda P.,40,1,Resuelto,2025-05-19
20,Cliente_131,Técnico,Media,Fernanda P.,25,4,Abierto,2024-02-01
21,Cliente_150,Técnico,Baja,Fernanda P.,52,2,Resuelto,2025-06-23
22,Cliente_309,Producto,Media,Carlos M.,3,2,Resuelto,2024-02-06
23,Cliente_258,Producto,Baja,Carlos M.,39,4,Resuelto,2024-06-27
24,Cliente_344,Facturación,Media,Fernanda P.,35,4,Resuelto,2024-02-26
25,Cliente_492,Entrega,Media,Carlos M.,40,1,Resuelto,2024-12-01
26,Cliente_414,Entrega,Media,Fernanda P.,22,5,Escalado,2025-05-10
27,Cliente_294,Entrega,Media,Ana L.,62,1,Escalado,2025-08-06
28,Cliente_386,Cuenta,Media,Carlos M.,19,1,Resuelto,2024-07-13
29,Cliente_192,Técnico,Alta,Fernanda P.,14,3,Resuelto,2024-01-03
30,Cliente_444,Producto,Baja,Carlos M.,50,1,Resuelto,2024-07-20
31,Cliente_277,Entrega,Alta,Ana L.,62,5,Resuelto,2024-07-09
32,Cliente_161,Facturación,Alta,Ana L.,43,1,Resuelto,2024-07-25
33,Cliente_460,Entrega,Media,Fernanda P.,55,4,Resuelto,2024-04-20
34,Cliente_314,Técnico,Baja,Carlos M.,40,5,Abierto,2024-12-12
35,Cliente_22,Técnico,Media,Ana L.,12,4,Abierto,2025-05-20
36,Cliente_253,Producto,Baja,Carlos M.,65,3,Resuelto,2025-07-16
37,Cliente_236,Cuenta,Baja,Fernanda P.,34,3,Resuelto,2024-05-13
38,Cliente_345,Producto,Baja,Ana L.,23,5,Resuelto,2024-10-07
39,Cliente_49,Entrega,Baja,Ana L.,71,2,Resuelto,2024-08-13
40,Cliente_475,Facturación,Media,Carlos M.,7,2,Abierto,2025-06-21
41,Cliente_59,Producto,Alta,Ana L.,65,5,Resuelto,2024-08-03
42,Cliente_170,Cuenta,Baja,Fernanda P.,18,5,Resuelto,2025-08-14
43,Cliente_476,Producto,Crítica,Fernanda P.,8,4,Resuelto,2024-10-18
44,Cliente_188,Técnico,Crítica,Ana L.,42,3,Escalado,2024-01-21
45,Cliente_464,Entrega,Crítica,Fernanda P.,1,5,Resuelto,2024-08-09
46,Cliente_271,Entrega,Alta,Ana L.,15,1,Resuelto,2025-07-14
47,Cliente_190,Entrega,Media,Ana L.,28,4,En espera,2024-12-05
48,Cliente_446,Entrega,Baja,Ana L.,36,3,Resuelto,2025-01-08
49,Cliente_175,Entrega,Media,Ana L.,46,4,Escalado,2025-07-25
50,Cliente_446,Entrega,Media,Carlos M.,21,3,Resuelto,2025-03-21
51,Cliente_51,Facturación,Alta,Ana L.,49,1,Resuelto,2025-01-13
52,Cliente_364,Cuenta,Crítica,Fernanda P.,39,3,Abierto,2025-06-14
53,Cliente_55,Entrega,Media,Carlos M.,38,4,Resuelto,2025-01-29
54,Cliente_244,Cuenta,Media,Fernanda P.,9,3,En espera,2025-08-12
55,Cliente_320,Entrega,Baja,Ana L.,20,4,En espera,2024-12-21
56,Cliente_131,Producto,Baja,Fernanda P.,8,5,Resuelto,2025-03-16
57,Cliente_485,Entrega,Media,Carlos M.,14,1,Resuelto,2024-08-01
58,Cliente_307,Técnico,Media,Fernanda P.,62,4,Resuelto,2024-05-07
59,Cliente_135,Facturación,Alta,Carlos M.,35,2,Resuelto,2025-05-26
60,Cliente_21,Producto,Media,Ana L.,55,2,Resuelto,2025-03-28
61,Cliente_329,Producto,Crítica,Ana L.,45,3,Resuelto,2024-11-13
62,Cliente_167,Técnico,Media,Fernanda P.,21,5,Resuelto,2024-02-14
63,Cliente_274,Entrega,Alta,Fernanda P.,53,5,Abierto,2024-02-26
64,Cliente_388,Facturación,Baja,Ana L.,54,2,En espera,2025-01-20
65,Cliente_89,Producto,Alta,Ana L.,43,3,Resuelto,2024-07-01
66,Cliente_316,Facturación,Media,Fernanda P.,6,5,Resuelto,2024-11-12
67,Cliente_14,Producto,Baja,Ana L.,55,5,Resuelto,2025-02-11
68,Cliente_242,Entrega,Baja,Carlos M.,44,3,En espera,2025-05-31
69,Cliente_265,Producto,Crítica,Carlos M.,68,4,Resuelto,2025-04-20
70,Cliente_346,Producto,Baja,Fernanda P.,4,2,Escalado,2024-01-19
71,Cliente_53,Cuenta,Media,Fernanda P.,63,5,En espera,2024-01-31
72,Cliente_386,Entrega,Media,Ana L.,58,4,En espera,2025-05-05
73,Cliente_340,Técnico,Media,Ana L.,54,4,Resuelto,2025-04-12
74,Cliente_92,Técnico,Alta,Carlos M.,38,4,Resuelto,2025-01-30
75,Cliente_367,Entrega,Media,Fernanda P.,60,4,Escalado,2025-02-22
76,Cliente_444,Técnico,Media,Fernanda P.,52,1,Resuelto,2025-01-07
77,Cliente_455,Entrega,Crítica,Fernanda P.,29,1,Resuelto,2024-11-23
78,Cliente_428,Técnico,Alta,Fernanda P.,40,3,Resuelto,2025-06-20
79,Cliente_264,Cuenta,Alta,Carlos M.,71,2,Resuelto,2024-06-01
80,Cliente_431,Técnico,Media,Carlos M.,8,3,En espera,2024-10-24
81,Cliente_35,Producto,Baja,Fernanda P.,35,1,Resuelto,2024-05-22
82,Cliente_206,Entrega,Media,Carlos M.,16,3,Abierto,2025-06-18
83,Cliente_81,Facturación,Alta,Fernanda P.,18,3,Resuelto,2024-04-21
84,Cliente_420,Facturación,Baja,Carlos M.,59,4,Resuelto,2024-09-25
85,Cliente_50,Entrega,Baja,Ana L.,34,5,Abierto,2024-04-05
86,Cliente_360,Cuenta,Baja,Carlos M.,4,1,Escalado,2024-11-26
87,Cliente_388,Técnico,Media,Fernanda P.,69,1,Escalado,2024-06-20
88,Cliente_2,Cuenta,Alta,Ana L.,65,3,Abierto,2025-04-06
89,Cliente_390,Facturación,Baja,Fernanda P.,61,5,Resuelto,2024-10-17
90,Cliente_54,Entrega,Media,Ana L.,46,3,Resuelto,2024-08-22
91,Cliente_106,Entrega,Crítica,Ana L.,21,2,Resuelto,2025-02-22
92,Cliente_260,Cuenta,Baja,Carlos M.,38,1,Resuelto,2024-11-01
93,Cliente_310,Cuenta,Media,Carlos M.,60,4,Resuelto,2025-05-02
94,Cliente_477,Técnico,Crítica,Ana L.,36,4,Resuelto,2024-03-27
95,Cliente_191,Producto,Crítica,Ana L.,6,4,Resuelto,2024-11-28
96,Cliente_402,Producto,Baja,Ana L.,39,1,Resuelto,2024-10-24
97,Cliente_218,Técnico,Baja,Fernanda P.,29,1,Resuelto,2024-05-22
98,Cliente_44,Producto,Baja,Carlos M.,27,4,Resuelto,2024-02-29
99,Cliente_162,Facturación,Alta,Fernanda P.,69,1,Abierto,2024-01-02
100,Cliente_202,Producto,Alta,Carlos M.,9,4,Resuelto,2025-02-20
101,Cliente_446,Técnico,Media,Fernanda P.,24,2,Resuelto,2024-06-01
102,Cliente_484,Producto,Media,Carlos M.,63,2,En espera,2024-09-10
103,Cliente_270,Entrega,Baja,Ana L.,19,2,Resuelto,2025-07-24
104,Cliente_351,Cuenta,Media,Ana L.,30,3,Escalado,2025-01-02
105,Cliente_304,Facturación,Media,Carlos M.,58,3,Resuelto,2024-01-25
106,Cliente_271,Entrega,Alta,Ana L.,40,5,Resuelto,2024-05-12
107,Cliente_456,Entrega,Media,Ana L.,68,5,Resuelto,2024-08-30
108,Cliente_462,Técnico,Media,Fernanda P.,32,5,En espera,2024-03-02
109,Cliente_215,Cuenta,Baja,Carlos M.,65,2,Resuelto,2025-03-02
110,Cliente_252,Cuenta,Baja,Ana L.,34,2,Resuelto,2025-03-27
111,Cliente_190,Facturación,Baja,Carlos M.,31,2,Escalado,2024-03-18
112,Cliente_296,Técnico,Baja,Fernanda P.,59,1,Abierto,2024-04-14
113,Cliente_213,Facturación,Media,Carlos M.,26,1,Abierto,2025-01-14
114,Cliente_208,Producto,Baja,Fernanda P.,22,2,En espera,2025-01-28
115,Cliente_237,Entrega,Baja,Fernanda P.,34,4,Abierto,2024-04-24
116,Cliente_338,Facturación,Alta,Fernanda P.,13,5,Resuelto,2025-08-20
117,Cliente_367,Entrega,Media,Ana L.,55,3,Resuelto,2025-06-23
118,Cliente_53,Técnico,Media,Fernanda P.,8,5,En espera,2024-02-17
119,Cliente_280,Producto,Alta,Carlos M.,62,4,Resuelto,2024-07-06
120,Cliente_410,Técnico,Media,Carlos M.,22,1,Resuelto,2025-08-18
121,Cliente_217,Producto,Crítica,Ana L.,56,2,Resuelto,2025-07-28
122,Cliente_252,Producto,Baja,Ana L.,21,1,Resuelto,2025-05-28
123,Cliente_188,Entrega,Alta,Fernanda P.,49,1,Resuelto,2024-02-20
124,Cliente_380,Técnico,Crítica,Fernanda P.,6,4,En espera,2024-08-13
125,Cliente_493,Técnico,Alta,Fernanda P.,35,1,En espera,2025-01-02
126,Cliente_41,Facturación,Baja,Ana L.,27,1,Resuelto,2024-03-20
127,Cliente_157,Técnico,Media,Ana L.,40,5,Abierto,2024-07-24
128,Cliente_15,Facturación,Baja,Carlos M.,14,5,Resuelto,2025-02-02
129,Cliente_301,Cuenta,Media,Fernanda P.,52,4,Resuelto,2025-06-10
130,Cliente_65,Cuenta,Alta,Fernanda P.,40,2,Resuelto,2024-08-04
131,Cliente_345,Cuenta,Media,Carlos M.,43,5,Resuelto,2024-02-12
132,Cliente_327,Técnico,Media,Carlos M.,58,1,Abierto,2025-03-31
133,Cliente_9,Técnico,Media,Carlos M.,3,3,Resuelto,2024-10-20
134,Cliente_344,Facturación,Media,Carlos M.,15,5,Resuelto,2025-07-28
135,Cliente_129,Producto,Alta,Fernanda P.,45,3,Resuelto,2025-05-13
136,Cliente_492,Facturación,Alta,Ana L.,11,2,Escalado,2024-08-25
137,Cliente_136,Cuenta,Baja,Fernanda P.,39,1,Abierto,2024-11-02
138,Cliente_472,Facturación,Media,Carlos M.,19,5,Resuelto,2025-08-12
139,Cliente_63,Producto,Baja,Ana L.,20,2,Escalado,2025-08-17
140,Cliente_139,Técnico,Media,Fernanda P.,71,4,Resuelto,2024-06-02
141,Cliente_499,Facturación,Crítica,Carlos M.,56,2,Resuelto,2024-04-06
142,Cliente_81,Cuenta,Alta,Ana L.,4,4,Resuelto,2024-06-22
143,Cliente_392,Cuenta,Media,Ana L.,9,4,Resuelto,2024-04-02
144,Cliente_163,Técnico,Baja,Ana L.,25,5,En espera,2024-01-29
145,Cliente_419,Facturación,Baja,Fernanda P.,47,3,Abierto,2024-03-01
146,Cliente_289,Producto,Media,Carlos M.,49,4,Resuelto,2024-02-10
147,Cliente_379,Técnico,Baja,Fernanda P.,27,1,Resuelto,2025-05-08
148,Cliente_261,Facturación,Media,Fernanda P.,28,5,Resuelto,2024-10-21
149,Cliente_490,Entrega,Baja,Fernanda P.,62,4,Abierto,2024-10-22
150,Cliente_231,Cuenta,Media,Ana L.,16,5,Resuelto,2024-06-27
151,Cliente_41,Producto,Baja,Carlos M.,46,1,Resuelto,2024-09-14
152,Cliente_28,Producto,Crítica,Fernanda P.,46,5,En espera,2025-03-24
153,Cliente_135,Producto,Alta,Carlos M.,40,5,Resuelto,2024-11-02
154,Cliente_201,Cuenta,Media,Ana L.,34,4,En espera,2024-04-29
155,Cliente_328,Facturación,Baja,Fernanda P.,10,2,Resuelto,2024-09-20
156,Cliente_268,Técnico,Media,Carlos M.,1,5,Resuelto,2024-10-13
157,Cliente_418,Facturación,Baja,Ana L.,66,4,Abierto,2025-07-04
158,Cliente_33,Técnico,Media,Fernanda P.,17,1,Resuelto,2024-07-06
159,Cliente_48,Producto,Alta,Fernanda P.,47,1,Resuelto,2024-08-29
160,Cliente_407,Facturación,Media,Carlos M.,24,2,Escalado,2025-08-17
161,Cliente_62,Producto,Media,Carlos M.,50,1,Resuelto,2024-07-23
162,Cliente_216,Entrega,Media,Fernanda P.,29,4,Resuelto,2024-10-05
163,Cliente_293,Producto,Crítica,Fernanda P.,72,2,Resuelto,2025-01-29
164,Cliente_99,Producto,Crítica,Ana L.,13,4,Resuelto,2025-04-16
165,Cliente_172,Técnico,Media,Ana L.,64,2,Resuelto,2025-01-11
166,Cliente_360,Entrega,Media,Fernanda P.,28,2,Resuelto,2024-11-20
167,Cliente_214,Producto,Media,Carlos M.,5,4,Resuelto,2024-01-12
168,Cliente_475,Producto,Baja,Carlos M.,9,2,Resuelto,2024-10-18
169,Cliente_35,Entrega,Media,Fernanda P.,14,4,Resuelto,2024-02-26
170,Cliente_449,Entrega,Media,Ana L.,10,1,Resuelto,2024-06-02
171,Cliente_227,Facturación,Baja,Fernanda P.,33,1,Resuelto,2025-04-08
172,Cliente_101,Técnico,Baja,Carlos M.,40,5,Resuelto,2025-05-30
173,Cliente_431,Entrega,Media,Fernanda P.,6,3,Resuelto,2024-01-22
174,Cliente_462,Entrega,Alta,Fernanda P.,17,3,Resuelto,2024-04-16
175,Cliente_131,Cuenta,Media,Ana L.,36,1,Resuelto,2024-11-21
176,Cliente_257,Entrega,Media,Carlos M.,70,5,Resuelto,2025-03-01
177,Cliente_5,Técnico,Media,Carlos M.,61,3,Resuelto,2024-08-26
178,Cliente_218,Producto,Media,Fernanda P.,49,4,Escalado,2024-12-06
179,Cliente_255,Producto,Media,Carlos M.,69,4,Resuelto,2024-02-08
180,Cliente_398,Producto,Media,Carlos M.,71,2,Abierto,2024-01-30
181,Cliente_359,Producto,Baja,Carlos M.,24,3,Resuelto,2025-02-17
182,Cliente_283,Cuenta,Media,Carlos M.,51,4,Abierto,2024-06-09
183,Cliente_393,Entrega,Baja,Ana L.,42,3,Resuelto,2024-11-04
184,Cliente_207,Producto,Media,Ana L.,19,2,Resuelto,2025-02-17
185,Cliente_15,Facturación,Crítica,Ana L.,62,1,En espera,2024-05-13
186,Cliente_346,Producto,Baja,Ana L.,67,5,Resuelto,2025-07-19
187,Cliente_42,Entrega,Media,Ana L.,30,2,Resuelto,2024-11-30
188,Cliente_380,Producto,Media,Carlos M.,38,2,Resuelto,2024-02-05
189,Cliente_461,Cuenta,Alta,Fernanda P.,6,2,Abierto,2024-03-20
190,Cliente_179,Técnico,Media,Fernanda P.,22,5,En espera,2025-03-12
191,Cliente_63,Técnico,Alta,Ana L.,11,4,Resuelto,2024-04-29
192,Cliente_352,Entrega,Alta,Carlos M.,72,3,Resuelto,2024-05-13
193,Cliente_231,Técnico,Media,Ana L.,29,1,Resuelto,2025-02-08
194,Cliente_241,Técnico,Media,Fernanda P.,8,1,Resuelto,2024-09-21
195,Cliente_52,Facturación,Media,Carlos M.,35,5,Resuelto,2024-08-20
196,Cliente_96,Entrega,Alta,Carlos M.,72,1,Resuelto,2025-03-22
197,Cliente_388,Entrega,Baja,Carlos M.,72,5,Resuelto,2025-03-02
198,Cliente_222,Técnico,Media,Fernanda P.,45,5,Resuelto,2024-01-28
199,Cliente_485,Técnico,Media,Fernanda P.,33,3,Resuelto,2024-10-27
200,Cliente_407,Técnico,Media,Ana L.,5,3,Resuelto,2025-07-23
201,Cliente_231,Cuenta,Media,Ana L.,62,5,Escalado,2024-01-29
202,Cliente_237,Producto,Media,Fernanda P.,37,3,Resuelto,2025-01-11
203,Cliente_143,Cuenta,Baja,Ana L.,17,4,Resuelto,2024-11-08
204,Cliente_171,Entrega,Media,Fernanda P.,22,2,Resuelto,2024-02-02
205,Cliente_29,Facturación,Media,Carlos M.,32,1,Escalado,2025-03-29
206,Cliente_36,Producto,Crítica,Ana L.,14,1,Resuelto,2025-05-15
207,Cliente_13,Facturación,Baja,Fernanda P.,20,1,Resuelto,2024-09-28
208,Cliente_160,Entrega,Alta,Fernanda P.,22,1,Abierto,2025-05-15
209,Cliente_327,Entrega,Media,Fernanda P.,30,4,Resuelto,2025-08-15
210,Cliente_187,Facturación,Baja,Ana L.,54,4,Resuelto,2024-03-22
211,Cliente_243,Facturación,Alta,Ana L.,33,2,Resuelto,2024-05-25
212,Cliente_86,Facturación,Baja,Carlos M.,5,5,Resuelto,2025-07-22
213,Cliente_284,Entrega,Crítica,Ana L.,18,3,Resuelto,2024-10-10
214,Cliente_66,Técnico,Alta,Ana L.,63,2,Resuelto,2024-05-15
215,Cliente_170,Facturación,Baja,Ana L.,46,1,Resuelto,2024-06-20
216,Cliente_45,Producto,Baja,Carlos M.,7,3,Abierto,2025-07-12
217,Cliente_62,Entrega,Media,Carlos M.,29,2,Escalado,2024-01-10
218,Cliente_441,Cuenta,Media,Carlos M.,57,1,Resuelto,2024-10-23
219,Cliente_134,Cuenta,Media,Ana L.,47,2,Resuelto,2024-11-25
220,Cliente_284,Producto,Media,Fernanda P.,9,1,Escalado,2025-03-08
221,Cliente_28,Técnico,Media,Ana L.,59,1,Resuelto,2025-03-23
222,Cliente_108,Facturación,Baja,Carlos M.,71,4,En espera,2024-01-15
223,Cliente_44,Entrega,Alta,Ana L.,71,1,Resuelto,2024-08-03
224,Cliente_340,Facturación,Alta,Ana L.,43,2,En espera,2024-09-09
225,Cliente_286,Entrega,Media,Fernanda P.,59,3,En espera,2024-11-25
226,Cliente_446,Cuenta,Alta,Fernanda P.,6,4,Resuelto,2025-07-17
227,Cliente_331,Facturación,Baja,Ana L.,53,3,Resuelto,2025-03-05
228,Cliente_128,Producto,Baja,Carlos M.,64,5,Resuelto,2024-02-28
229,Cliente_348,Técnico,Media,Ana L.,4,3,Resuelto,2024-06-24
230,Cliente_473,Producto,Media,Ana L.,1,5,Escalado,2025-01-08
231,Cliente_231,Técnico,Media,Ana L.,70,5,Resuelto,2024-10-21
232,Cliente_190,Facturación,Alta,Carlos M.,31,4,Abierto,2025-07-07
233,Cliente_225,Facturación,Crítica,Carlos M.,65,3,En espera,2024-11-02
234,Cliente_385,Técnico,Media,Carlos M.,69,1,Resuelto,2024-12-13
235,Cliente_377,Cuenta,Alta,Carlos M.,19,4,Resuelto,2024-12-26
236,Cliente_283,Entrega,Baja,Carlos M.,69,4,Resuelto,2024-03-06
237,Cliente_446,Producto,Baja,Ana L.,69,1,Resuelto,2025-07-23
238,Cliente_121,Producto,Alta,Carlos M.,49,3,Escalado,2025-05-30
239,Cliente_116,Producto,Media,Ana L.,31,4,Resuelto,2024-08-22
240,Cliente_461,Facturación,Media,Ana L.,60,5,Resuelto,2025-03-08
241,Cliente_233,Producto,Media,Ana L.,71,1,Abierto,2025-01-21
242,Cliente_259,Entrega,Media,Fernanda P.,55,2,Resuelto,2024-02-01
243,Cliente_359,Entrega,Baja,Carlos M.,38,4,Resuelto,2025-07-27
244,Cliente_198,Técnico,Media,Carlos M.,33,5,En espera,2024-08-13
245,Cliente_456,Facturación,Baja,Ana L.,6,3,Resuelto,2024-05-23
246,Cliente_411,Entrega,Baja,Fernanda P.,13,3,Abierto,2025-03-27
247,Cliente_137,Cuenta,Media,Carlos M.,20,1,En espera,2024-01-18
248,Cliente_318,Facturación,Baja,Ana L.,37,5,Resuelto,2025-01-24
249,Cliente_165,Facturación,Alta,Fernanda P.,45,1,Resuelto,2024-12-27
250,Cliente_225,Entrega,Baja,Ana L.,59,4,Resuelto,2024-11-16
251,Cliente_307,Cuenta,Baja,Fernanda P.,52,1,Resuelto,2025-08-14
252,Cliente_234,Técnico,Media,Ana L.,18,2,Resuelto,2024-10-19
253,Cliente_172,Entrega,Media,Carlos M.,25,1,Resuelto,2024-03-13
254,Cliente_152,Cuenta,Baja,Ana L.,1,1,Escalado,2024-04-09
255,Cliente_463,Facturación,Baja,Ana L.,41,4,Resuelto,2025-04-26
256,Cliente_315,Cuenta,Crítica,Fernanda P.,18,5,En espera,2024-09-12
257,Cliente_374,Facturación,Media,Fernanda P.,1,2,Resuelto,2024-11-10
258,Cliente_160,Entrega,Media,Carlos M.,39,1,Resuelto,2024-06-10
259,Cliente_96,Entrega,Media,Ana L.,31,4,Escalado,2024-10-19
260,Cliente_472,Producto,Baja,Fernanda P.,71,4,En espera,2024-06-10
261,Cliente_233,Producto,Media,Carlos M.,38,4,Resuelto,2024-11-04
262,Cliente_180,Producto,Media,Carlos M.,8,5,Resuelto,2025-07-27
263,Cliente_113,Entrega,Alta,Fernanda P.,34,1,Resuelto,2024-05-22
264,Cliente_318,Técnico,Baja,Fernanda P.,27,3,Resuelto,2024-08-10
265,Cliente_497,Entrega,Alta,Ana L.,41,2,En espera,2024-11-02
266,Cliente_442,Cuenta,Baja,Carlos M.,7,3,Abierto,2024-01-14
267,Cliente_52,Entrega,Baja,Fernanda P.,32,5,Resuelto,2025-07-24
268,Cliente_268,Entrega,Baja,Carlos M.,16,1,Resuelto,2024-06-28
269,Cliente_295,Facturación,Baja,Ana L.,2,3,Resuelto,2025-05-27
270,Cliente_386,Facturación,Crítica,Fernanda P.,43,3,Abierto,2024-08-14
271,Cliente_387,Facturación,Media,Carlos M.,31,3,Resuelto,2025-04-03
272,Cliente_113,Entrega,Baja,Fernanda P.,47,2,Escalado,2024-05-24
273,Cliente_101,Técnico,Crítica,Ana L.,33,1,En espera,2025-04-27
274,Cliente_113,Cuenta,Alta,Ana L.,17,4,Resuelto,2025-07-12
275,Cliente_440,Cuenta,Alta,Ana L.,54,1,Abierto,2025-03-08
276,Cliente_81,Técnico,Crítica,Ana L.,54,3,Resuelto,2024-08-29
277,Cliente_187,Técnico,Baja,Fernanda P.,51,1,Resuelto,2024-10-03
278,Cliente_113,Cuenta,Alta,Fernanda P.,52,4,Resuelto,2024-07-06
279,Cliente_2,Producto,Media,Carlos M.,7,2,Escalado,2024-04-09
280,Cliente_130,Facturación,Alta,Carlos M.,54,1,Resuelto,2025-06-05
281,Cliente_220,Facturación,Alta,Fernanda P.,11,1,Abierto,2024-03-24
282,Cliente_54,Cuenta,Media,Fernanda P.,62,2,Resuelto,2024-02-22
283,Cliente_343,Técnico,Alta,Carlos M.,30,2,Resuelto,2024-05-06
284,Cliente_485,Producto,Baja,Fernanda P.,57,3,Abierto,2024-10-12
285,Cliente_224,Cuenta,Media,Ana L.,46,3,En espera,2024-02-24
286,Cliente_225,Facturación,Baja,Ana L.,70,2,Resuelto,2025-07-30
287,Cliente_385,Entrega,Crítica,Ana L.,66,4,Resuelto,2024-01-21
288,Cliente_403,Técnico,Baja,Carlos M.,55,3,Resuelto,2024-10-26
289,Cliente_126,Entrega,Media,Fernanda P.,58,4,Resuelto,2024-12-24
290,Cliente_130,Cuenta,Media,Carlos M.,10,2,Abierto,2024-05-22
291,Cliente_53,Facturación,Crítica,Carlos M.,4,1,Resuelto,2024-01-02
292,Cliente_172,Producto,Media,Fernanda P.,62,2,Abierto,2024-12-22
293,Cliente_218,Entrega,Alta,Carlos M.,43,2,Resuelto,2025-03-27
294,Cliente_160,Producto,Alta,Ana L.,42,5,Resuelto,2024-02-16
295,Cliente_198,Facturación,Media,Fernanda P.,24,2,Resuelto,2025-03-02
296,Cliente_416,Entrega,Media,Ana L.,5,3,Resuelto,2025-06-22
297,Cliente_247,Producto,Alta,Ana L.,68,1,Resuelto,2025-07-01
298,Cliente_324,Producto,Crítica,Fernanda P.,45,4,Abierto,2025-05-02
299,Cliente_439,Entrega,Alta,Ana L.,59,5,Resuelto,2025-07-16
300,Cliente_203,Facturación,Baja,Ana L.,65,3,Resuelto,2024-12-07
301,Cliente_184,Producto,Alta,Ana L.,63,1,Resuelto,2025-06-12
302,Cliente_123,Cuenta,Media,Fernanda P.,67,4,Resuelto,2024-10-05
303,Cliente_401,Entrega,Media,Fernanda P.,49,1,Resuelto,2024-06-20
304,Cliente_255,Técnico,Alta,Fernanda P.,32,3,Abierto,2024-10-28
305,Cliente_294,Técnico,Baja,Carlos M.,50,1,Resuelto,2025-01-30
306,Cliente_280,Facturación,Alta,Ana L.,58,2,Resuelto,2025-07-19
307,Cliente_325,Cuenta,Media,Carlos M.,52,1,Resuelto,2025-06-08
308,Cliente_372,Producto,Alta,Carlos M.,23,2,Resuelto,2024-11-22
309,Cliente_98,Técnico,Baja,Ana L.,30,3,Resuelto,2025-03-25
310,Cliente_198,Facturación,Media,Fernanda P.,70,5,Resuelto,2024-03-02
311,Cliente_470,Cuenta,Alta,Carlos M.,71,2,Abierto,2024-07-19
312,Cliente_395,Cuenta,Baja,Fernanda P.,30,1,Resuelto,2024-03-10
313,Cliente_240,Facturación,Baja,Fernanda P.,37,1,Resuelto,2025-05-11
314,Cliente_144,Facturación,Crítica,Ana L.,48,1,Resuelto,2024-07-26
315,Cliente_97,Producto,Baja,Carlos M.,32,3,Resuelto,2025-04-09
316,Cliente_201,Facturación,Crítica,Carlos M.,70,4,Resuelto,2025-04-22
317,Cliente_124,Producto,Baja,Fernanda P.,35,1,En espera,2025-03-31
318,Cliente_187,Producto,Media,Ana L.,68,1,Resuelto,2024-05-10
319,Cliente_326,Entrega,Alta,Carlos M.,32,2,Escalado,2025-04-17
320,Cliente_464,Cuenta,Media,Fernanda P.,59,5,Resuelto,2024-10-03
321,Cliente_349,Cuenta,Media,Fernanda P.,35,1,Resuelto,2024-02-23
322,Cliente_259,Cuenta,Media,Fernanda P.,16,3,Escalado,2025-01-24
323,Cliente_148,Entrega,Alta,Ana L.,52,4,Abierto,2024-08-02
324,Cliente_252,Producto,Baja,Ana L.,66,4,Resuelto,2024-01-11
325,Cliente_443,Producto,Media,Fernanda P.,6,4,Resuelto,2025-03-29
326,Cliente_420,Facturación,Baja,Fernanda P.,14,3,Resuelto,2025-02-14
327,Cliente_403,Entrega,Media,Ana L.,29,4,Resuelto,2025-08-06
328,Cliente_346,Facturación,Baja,Fernanda P.,26,4,Abierto,2024-04-18
329,Cliente_451,Entrega,Media,Fernanda P.,18,2,Resuelto,2024-01-27
330,Cliente_147,Facturación,Media,Ana L.,4,4,Resuelto,2025-02-19
331,Cliente_148,Técnico,Baja,Fernanda P.,57,2,Resuelto,2024-12-14
332,Cliente_352,Cuenta,Baja,Fernanda P.,53,2,Resuelto,2024-10-15
333,Cliente_199,Cuenta,Media,Fernanda P.,25,2,Resuelto,2025-05-31
334,Cliente_308,Producto,Media,Ana L.,47,3,Resuelto,2025-04-30
335,Cliente_489,Técnico,Alta,Ana L.,52,1,Resuelto,2024-09-21
336,Cliente_417,Cuenta,Media,Ana L.,34,5,Resuelto,2024-08-12
337,Cliente_424,Producto,Baja,Carlos M.,16,4,Resuelto,2024-12-15
338,Cliente_128,Técnico,Media,Carlos M.,36,5,Escalado,2024-03-29
339,Cliente_39,Cuenta,Baja,Carlos M.,28,1,Resuelto,2024-04-12
340,Cliente_338,Facturación,Alta,Carlos M.,65,2,Resuelto,2024-11-25
341,Cliente_360,Entrega,Crítica,Ana L.,72,2,Escalado,2024-05-04
342,Cliente_129,Técnico,Media,Fernanda P.,53,2,En espera,2024-10-30
343,Cliente_267,Producto,Media,Ana L.,42,2,Resuelto,2024-03-23
344,Cliente_476,Técnico,Baja,Carlos M.,19,4,Resuelto,2024-09-23
345,Cliente_441,Producto,Media,Ana L.,44,1,Resuelto,2025-02-04
346,Cliente_473,Técnico,Alta,Fernanda P.,30,1,Resuelto,2025-01-20
347,Cliente_434,Producto,Baja,Carlos M.,44,1,Resuelto,2024-12-26
348,Cliente_151,Cuenta,Baja,Fernanda P.,27,5,Resuelto,2024-02-26
349,Cliente_415,Facturación,Media,Fernanda P.,34,2,Resuelto,2025-01-11
350,Cliente_478,Cuenta,Alta,Fernanda P.,24,3,En espera,2024-07-05
351,Cliente_298,Facturación,Media,Carlos M.,56,1,Resuelto,2025-04-23
352,Cliente_99,Cuenta,Crítica,Ana L.,7,5,Escalado,2024-12-02
353,Cliente_263,Cuenta,Baja,Carlos M.,68,4,En espera,2024-04-03
354,Cliente_252,Técnico,Media,Carlos M.,51,2,Abierto,2025-05-01
355,Cliente_144,Entrega,Alta,Ana L.,8,5,Resuelto,2025-02-01
356,Cliente_346,Producto,Baja,Ana L.,56,3,Abierto,2025-06-04
357,Cliente_112,Producto,Media,Ana L.,58,3,Resuelto,2025-06-04
358,Cliente_500,Producto,Baja,Ana L.,69,4,Resuelto,2024-04-22
359,Cliente_60,Facturación,Baja,Fernanda P.,8,1,Resuelto,2024-05-01
360,Cliente_369,Producto,Baja,Carlos M.,66,1,En espera,2025-01-20
361,Cliente_2,Producto,Crítica,Carlos M.,24,5,Resuelto,2024-12-07
362,Cliente_385,Técnico,Media,Carlos M.,42,5,Resuelto,2025-04-07
363,Cliente_304,Cuenta,Alta,Ana L.,54,1,En espera,2025-01-16
364,Cliente_254,Producto,Media,Carlos M.,16,1,Resuelto,2024-06-04
365,Cliente_140,Entrega,Media,Fernanda P.,4,5,Resuelto,2024-05-07
366,Cliente_453,Producto,Media,Carlos M.,59,2,Resuelto,2024-02-12
367,Cliente_37,Facturación,Crítica,Carlos M.,46,3,Resuelto,2025-07-28
368,Cliente_160,Facturación,Alta,Fernanda P.,13,3,Resuelto,2025-01-15
369,Cliente_9,Facturación,Alta,Fernanda P.,37,4,Resuelto,2024-10-01
370,Cliente_233,Producto,Baja,Carlos M.,54,3,Resuelto,2025-01-23
371,Cliente_99,Técnico,Media,Ana L.,49,5,Abierto,2024-01-23
372,Cliente_147,Entrega,Media,Ana L.,58,2,Resuelto,2025-01-18
373,Cliente_304,Producto,Crítica,Carlos M.,19,5,Escalado,2024-05-08
374,Cliente_208,Técnico,Baja,Carlos M.,18,1,Resuelto,2025-02-14
375,Cliente_131,Técnico,Baja,Carlos M.,60,1,Abierto,2024-10-07
376,Cliente_404,Producto,Media,Carlos M.,17,3,Resuelto,2024-06-30
377,Cliente_152,Producto,Baja,Ana L.,11,2,Escalado,2024-08-15
378,Cliente_54,Técnico,Baja,Carlos M.,15,4,Resuelto,2024-03-21
379,Cliente_120,Técnico,Alta,Fernanda P.,72,5,Resuelto,2025-08-10
380,Cliente_161,Técnico,Media,Ana L.,17,4,Resuelto,2024-10-07
381,Cliente_408,Producto,Alta,Ana L.,5,4,Resuelto,2024-06-22
382,Cliente_116,Técnico,Alta,Fernanda P.,61,4,Resuelto,2024-12-24
383,Cliente_75,Facturación,Baja,Carlos M.,4,4,Abierto,2025-07-24
384,Cliente_113,Producto,Media,Carlos M.,56,5,Resuelto,2025-01-09
385,Cliente_456,Facturación,Baja,Carlos M.,48,1,Abierto,2024-02-24
386,Cliente_420,Cuenta,Crítica,Carlos M.,48,5,Abierto,2024-11-26
387,Cliente_422,Producto,Media,Carlos M.,35,1,Escalado,2025-01-21
388,Cliente_104,Cuenta,Media,Fernanda P.,33,1,Resuelto,2024-05-27
389,Cliente_340,Técnico,Media,Carlos M.,21,5,Resuelto,2024-12-08
390,Cliente_254,Técnico,Media,Fernanda P.,5,5,Resuelto,2024-07-15
391,Cliente_227,Entrega,Baja,Fernanda P.,64,5,Resuelto,2024-05-03
392,Cliente_112,Técnico,Media,Fernanda P.,69,1,Resuelto,2024-11-28
393,Cliente_473,Cuenta,Alta,Carlos M.,21,5,Resuelto,2025-04-28
394,Cliente_99,Técnico,Alta,Carlos M.,32,2,Resuelto,2025-03-29
395,Cliente_153,Producto,Media,Ana L.,18,3,Resuelto,2024-12-14
396,Cliente_349,Técnico,Media,Ana L.,58,3,Resuelto,2025-03-28
397,Cliente_402,Entrega,Alta,Fernanda P.,24,2,Resuelto,2024-03-19
398,Cliente_384,Técnico,Baja,Ana L.,5,3,Resuelto,2024-01-08
399,Cliente_366,Cuenta,Alta,Fernanda P.,53,1,Resuelto,2025-01-07
400,Cliente_338,Cuenta,Baja,Ana L.,55,5,Resuelto,2025-07-20
401,Cliente_194,Técnico,Media,Carlos M.,5,5,Abierto,2025-07-02
402,Cliente_310,Cuenta,Media,Carlos M.,69,5,Escalado,2025-04-01
403,Cliente_163,Cuenta,Media,Fernanda P.,41,2,Abierto,2024-09-26
404,Cliente_208,Entrega,Alta,Fernanda P.,7,2,Resuelto,2025-03-07
405,Cliente_445,Producto,Baja,Carlos M.,1,1,Resuelto,2024-08-13
406,Cliente_169,Entrega,Media,Carlos M.,52,2,Escalado,2024-11-18
407,Cliente_484,Facturación,Media,Carlos M.,26,5,Abierto,2025-02-23
408,Cliente_161,Entrega,Alta,Ana L.,63,1,Abierto,2024-11-30
409,Cliente_68,Técnico,Baja,Ana L.,12,1,Abierto,2024-05-01
410,Cliente_289,Producto,Alta,Ana L.,70,5,Resuelto,2025-04-20
411,Cliente_398,Técnico,Media,Ana L.,19,4,En espera,2024-08-24
412,Cliente_277,Facturación,Baja,Fernanda P.,4,5,Resuelto,2025-01-16
413,Cliente_304,Producto,Alta,Fernanda P.,5,1,Resuelto,2025-02-07
414,Cliente_404,Cuenta,Baja,Ana L.,54,4,Resuelto,2025-01-23
415,Cliente_384,Entrega,Media,Fernanda P.,70,5,Resuelto,2025-03-22
416,Cliente_392,Técnico,Baja,Ana L.,57,5,Resuelto,2024-07-11
417,Cliente_135,Facturación,Media,Ana L.,52,4,Resuelto,2025-04-05
418,Cliente_195,Cuenta,Media,Carlos M.,18,4,Resuelto,2024-04-19
419,Cliente_401,Entrega,Media,Ana L.,64,3,Resuelto,2024-08-01
420,Cliente_128,Cuenta,Media,Fernanda P.,10,4,Resuelto,2025-04-07
421,Cliente_33,Entrega,Media,Ana L.,23,2,Resuelto,2025-08-07
422,Cliente_176,Producto,Baja,Carlos M.,68,4,Abierto,2025-05-29
423,Cliente_460,Cuenta,Media,Fernanda P.,52,1,Resuelto,2024-01-02
424,Cliente_443,Cuenta,Crítica,Carlos M.,47,4,Resuelto,2025-01-30
425,Cliente_371,Cuenta,Alta,Ana L.,70,5,Resuelto,2024-12-09
426,Cliente_470,Producto,Baja,Ana L.,26,2,Resuelto,2024-07-28
427,Cliente_375,Facturación,Baja,Ana L.,70,4,Resuelto,2024-02-27
428,Cliente_22,Entrega,Crítica,Ana L.,43,2,Resuelto,2025-04-28
429,Cliente_238,Cuenta,Media,Fernanda P.,69,3,Resuelto,2024-04-22
430,Cliente_158,Producto,Media,Ana L.,63,2,Resuelto,2025-04-29
431,Cliente_38,Facturación,Alta,Carlos M.,66,5,Resuelto,2024-03-11
432,Cliente_230,Entrega,Media,Fernanda P.,63,3,Resuelto,2025-04-27
433,Cliente_365,Producto,Media,Fernanda P.,13,4,En espera,2024-02-14
434,Cliente_51,Entrega,Crítica,Fernanda P.,51,2,Resuelto,2025-06-25
435,Cliente_438,Cuenta,Media,Carlos M.,5,3,Escalado,2024-07-22
436,Cliente_264,Facturación,Baja,Carlos M.,47,4,Escalado,2025-04-20
437,Cliente_283,Producto,Baja,Carlos M.,36,4,Abierto,2024-08-27
438,Cliente_27,Facturación,Baja,Carlos M.,36,2,En espera,2025-07-25
439,Cliente_226,Cuenta,Alta,Ana L.,50,2,Resuelto,2025-03-18
440,Cliente_277,Facturación,Baja,Ana L.,56,3,Resuelto,2024-09-03
441,Cliente_286,Facturación,Baja,Carlos M.,19,2,Escalado,2025-03-29
442,Cliente_97,Técnico,Crítica,Carlos M.,20,4,Resuelto,2024-06-02
443,Cliente_284,Facturación,Baja,Ana L.,22,5,Resuelto,2025-08-14
444,Cliente_367,Entrega,Baja,Ana L.,31,3,Resuelto,2025-07-03
445,Cliente_448,Producto,Baja,Carlos M.,62,5,Abierto,2025-04-10
446,Cliente_481,Técnico,Baja,Fernanda P.,44,5,Resuelto,2024-08-12
447,Cliente_453,Producto,Media,Fernanda P.,68,4,Resuelto,2024-08-29
448,Cliente_317,Producto,Crítica,Carlos M.,67,5,En espera,2025-07-11
449,Cliente_304,Cuenta,Alta,Fernanda P.,49,1,Resuelto,2025-07-07
450,Cliente_147,Cuenta,Media,Ana L.,59,3,Resuelto,2025-04-01
451,Cliente_4,Técnico,Media,Fernanda P.,4,4,Resuelto,2025-05-06
452,Cliente_35,Cuenta,Media,Carlos M.,39,2,Resuelto,2025-03-28
453,Cliente_192,Cuenta,Baja,Fernanda P.,7,4,Resuelto,2025-06-18
454,Cliente_49,Cuenta,Baja,Fernanda P.,71,2,Resuelto,2025-05-13
455,Cliente_17,Producto,Crítica,Fernanda P.,49,4,Abierto,2024-07-11
456,Cliente_172,Técnico,Baja,Ana L.,15,1,Abierto,2024-06-02
457,Cliente_220,Producto,Baja,Ana L.,7,3,Resuelto,2025-04-10
458,Cliente_158,Entrega,Media,Ana L.,47,5,En espera,2025-07-20
459,Cliente_477,Producto,Media,Carlos M.,68,4,Resuelto,2024-01-15
460,Cliente_46,Entrega,Baja,Fernanda P.,45,3,Resuelto,2025-03-25
461,Cliente_373,Facturación,Baja,Ana L.,19,3,En espera,2024-03-19
462,Cliente_6,Facturación,Media,Ana L.,47,3,Resuelto,2024-01-11
463,Cliente_99,Entrega,Media,Fernanda P.,53,3,Abierto,2025-07-23
464,Cliente_380,Entrega,Baja,Carlos M.,27,3,Resuelto,2024-08-26
465,Cliente_233,Producto,Media,Fernanda P.,5,5,Resuelto,2024-07-15
466,Cliente_37,Entrega,Media,Carlos M.,60,5,Resuelto,2024-06-09
467,Cliente_280,Técnico,Alta,Fernanda P.,62,4,Resuelto,2025-05-13
468,Cliente_349,Facturación,Media,Ana L.,59,2,Resuelto,2024-06-20
469,Cliente_497,Facturación,Baja,Ana L.,61,4,Resuelto,2024-05-14
470,Cliente_302,Entrega,Media,Ana L.,56,3,Resuelto,2024-08-13
471,Cliente_181,Cuenta,Alta,Carlos M.,47,2,En espera,2024-09-25
472,Cliente_95,Cuenta,Baja,Fernanda P.,48,4,En espera,2024-02-01
473,Cliente_99,Entrega,Media,Carlos M.,10,2,Resuelto,2024-10-21
474,Cliente_188,Técnico,Baja,Ana L.,32,5,Resuelto,2025-08-12
475,Cliente_481,Cuenta,Baja,Carlos M.,65,3,Resuelto,2024-11-14
476,Cliente_116,Entrega,Media,Carlos M.,24,2,Abierto,2025-06-15
477,Cliente_191,Técnico,Baja,Carlos M.,29,1,Resuelto,2025-06-11
478,Cliente_253,Técnico,Alta,Fernanda P.,7,3,Resuelto,2024-06-06
479,Cliente_469,Producto,Media,Carlos M.,17,5,En espera,2024-04-14
480,Cliente_416,Técnico,Media,Carlos M.,25,5,Resuelto,2024-12-22
481,Cliente_471,Cuenta,Media,Carlos M.,36,4,Resuelto,2025-08-08
482,Cliente_161,Cuenta,Media,Ana L.,61,1,Resuelto,2025-08-06
483,Cliente_256,Entrega,Baja,Ana L.,71,2,Abierto,2024-11-29
484,Cliente_323,Entrega,Alta,Fernanda P.,35,4,Resuelto,2024-12-27
485,Cliente_128,Técnico,Crítica,Ana L.,50,5,En espera,2024-02-18
486,Cliente_18,Facturación,Baja,Fernanda P.,56,2,Resuelto,2025-01-10
487,Cliente_281,Producto,Baja,Ana L.,65,5,En espera,2025-05-04
488,Cliente_490,Facturación,Baja,Fernanda P.,41,5,Resuelto,2024-05-12
489,Cliente_223,Técnico,Media,Fernanda P.,25,1,Resuelto,2024-10-25
490,Cliente_54,Técnico,Media,Fernanda P.,34,3,En espera,2025-07-12
491,Cliente_58,Facturación,Alta,Ana L.,8,2,Resuelto,2024-07-15
492,Cliente_323,Producto,Alta,Carlos M.,56,1,Resuelto,2024-01-19
493,Cliente_360,Facturación,Media,Ana L.,30,5,Escalado,2025-01-07
494,Cliente_174,Entrega,Media,Carlos M.,68,5,Resuelto,2024-06-02
495,Cliente_280,Cuenta,Media,Ana L.,21,1,Abierto,2024-07-12
496,Cliente_114,Entrega,Media,Carlos M.,10,2,Resuelto,2025-02-01
497,Cliente_288,Cuenta,Media,Ana L.,33,5,Resuelto,2025-03-11
498,Cliente_431,Técnico,Media,Fernanda P.,4,2,Resuelto,2025-01-22
499,Cliente_342,Producto,Media,Fernanda P.,23,1,Abierto,2024-11-30
500,Cliente_151,Facturación,Media,Fernanda P.,69,5,Resuelto,2025-02-09
501,Cliente_450,Producto,Media,Carlos M.,53,4,Resuelto,2025-01-02
502,Cliente_127,Facturación,Alta,Carlos M.,5,4,Resuelto,2025-05-04
503,Cliente_155,Entrega,Media,Fernanda P.,18,5,Resuelto,2025-07-15
504,Cliente_490,Entrega,Media,Carlos M.,17,3,Resuelto,2025-03-23
505,Cliente_386,Facturación,Media,Fernanda P.,58,5,Resuelto,2025-05-23
506,Cliente_474,Producto,Media,Ana L.,67,5,Resuelto,2025-06-11
507,Cliente_273,Facturación,Baja,Carlos M.,72,5,Resuelto,2024-04-09
508,Cliente_104,Técnico,Baja,Carlos M.,56,1,En espera,2025-05-11
509,Cliente_417,Entrega,Media,Ana L.,40,5,Abierto,2025-05-07
510,Cliente_393,Técnico,Media,Carlos M.,2,5,Resuelto,2025-03-14
511,Cliente_299,Entrega,Crítica,Carlos M.,21,1,Resuelto,2024-10-04
512,Cliente_246,Entrega,Media,Carlos M.,52,5,Resuelto,2025-01-12
513,Cliente_176,Cuenta,Media,Ana L.,24,4,Resuelto,2024-10-14
514,Cliente_39,Técnico,Baja,Fernanda P.,53,4,En espera,2025-03-03
515,Cliente_477,Técnico,Baja,Fernanda P.,38,5,Resuelto,2025-08-15
516,Cliente_170,Cuenta,Alta,Ana L.,20,1,Resuelto,2024-11-24
517,Cliente_247,Producto,Baja,Ana L.,50,5,Resuelto,2024-02-02
518,Cliente_26,Técnico,Media,Ana L.,39,5,Escalado,2024-04-29
519,Cliente_355,Facturación,Media,Fernanda P.,60,2,Abierto,2024-04-06
520,Cliente_306,Cuenta,Media,Ana L.,39,3,Resuelto,2025-01-20
521,Cliente_409,Técnico,Alta,Fernanda P.,71,1,Escalado,2024-01-14
522,Cliente_408,Producto,Media,Ana L.,33,3,Resuelto,2024-11-12
523,Cliente_13,Técnico,Baja,Carlos M.,29,2,Abierto,2024-11-16
524,Cliente_316,Entrega,Alta,Fernanda P.,10,3,Resuelto,2024-03-26
525,Cliente_391,Facturación,Alta,Fernanda P.,67,5,En espera,2025-06-25
526,Cliente_313,Cuenta,Baja,Ana L.,3,4,Resuelto,2024-10-09
527,Cliente_36,Entrega,Baja,Carlos M.,31,1,Resuelto,2024-03-04
528,Cliente_173,Producto,Baja,Fernanda P.,27,1,Resuelto,2024-03-20
529,Cliente_20,Entrega,Baja,Ana L.,70,5,Resuelto,2025-01-28
530,Cliente_321,Entrega,Crítica,Carlos M.,27,3,Resuelto,2024-12-15
531,Cliente_264,Producto,Media,Fernanda P.,9,1,Abierto,2024-07-29
532,Cliente_494,Entrega,Media,Ana L.,6,2,Resuelto,2025-02-06
533,Cliente_400,Cuenta,Alta,Carlos M.,6,2,Resuelto,2025-01-05
534,Cliente_142,Técnico,Media,Fernanda P.,26,3,Resuelto,2024-04-08
535,Cliente_460,Entrega,Media,Fernanda P.,43,2,Resuelto,2024-09-23
536,Cliente_371,Cuenta,Crítica,Carlos M.,19,4,Abierto,2024-02-21
537,Cliente_471,Técnico,Alta,Ana L.,16,5,Abierto,2024-05-01
538,Cliente_143,Técnico,Alta,Ana L.,23,1,En espera,2024-02-01
539,Cliente_92,Entrega,Media,Carlos M.,29,5,Abierto,2024-12-01
540,Cliente_354,Cuenta,Alta,Fernanda P.,38,3,Abierto,2025-04-12
541,Cliente_322,Entrega,Baja,Carlos M.,59,5,Resuelto,2024-10-18
542,Cliente_288,Producto,Media,Carlos M.,48,1,Resuelto,2025-03-06
543,Cliente_215,Técnico,Crítica,Carlos M.,20,1,Abierto,2025-08-22
544,Cliente_447,Entrega,Baja,Fernanda P.,21,3,Resuelto,2024-06-19
545,Cliente_342,Técnico,Alta,Carlos M.,28,1,Escalado,2025-01-02
546,Cliente_51,Cuenta,Media,Carlos M.,50,2,En espera,2024-11-03
547,Cliente_153,Facturación,Baja,Fernanda P.,33,5,Resuelto,2024-03-08
548,Cliente_186,Entrega,Alta,Fernanda P.,40,4,Resuelto,2024-05-12
549,Cliente_63,Entrega,Baja,Carlos M.,54,4,Resuelto,2024-03-23
550,Cliente_190,Técnico,Media,Ana L.,10,4,Abierto,2024-06-24
551,Cliente_125,Cuenta,Baja,Carlos M.,34,3,Abierto,2024-04-21
552,Cliente_150,Producto,Crítica,Fernanda P.,36,4,Resuelto,2024-12-20
553,Cliente_314,Cuenta,Baja,Fernanda P.,7,5,En espera,2024-07-09
554,Cliente_58,Entrega,Baja,Fernanda P.,16,1,Resuelto,2025-07-24
555,Cliente_342,Producto,Baja,Ana L.,51,2,Resuelto,2024-09-18
556,Cliente_305,Cuenta,Crítica,Fernanda P.,61,4,Resuelto,2024-12-04
557,Cliente_180,Facturación,Alta,Ana L.,31,4,Resuelto,2025-02-23
558,Cliente_170,Técnico,Alta,Fernanda P.,32,4,Resuelto,2024-02-17
559,Cliente_326,Cuenta,Media,Fernanda P.,45,2,Resuelto,2024-04-29
560,Cliente_271,Cuenta,Media,Carlos M.,27,5,Resuelto,2025-01-18
561,Cliente_54,Facturación,Baja,Ana L.,22,4,Escalado,2024-11-24
562,Cliente_491,Entrega,Media,Carlos M.,15,1,Resuelto,2025-06-27
563,Cliente_444,Técnico,Baja,Ana L.,8,3,Resuelto,2024-03-25
564,Cliente_101,Cuenta,Crítica,Fernanda P.,68,2,Resuelto,2024-01-17
565,Cliente_481,Producto,Alta,Fernanda P.,8,5,Abierto,2025-06-19
566,Cliente_264,Cuenta,Media,Ana L.,16,1,Abierto,2025-01-18
567,Cliente_53,Técnico,Baja,Carlos M.,48,2,En espera,2024-03-22
568,Cliente_60,Cuenta,Alta,Ana L.,34,2,Resuelto,2025-06-01
569,Cliente_492,Facturación,Baja,Ana L.,57,3,Resuelto,2024-04-15
570,Cliente_108,Cuenta,Baja,Ana L.,5,3,Resuelto,2024-05-26
571,Cliente_5,Cuenta,Baja,Fernanda P.,44,5,Resuelto,2024-01-08
572,Cliente_103,Producto,Media,Ana L.,71,4,Resuelto,2024-09-30
573,Cliente_196,Facturación,Alta,Fernanda P.,37,3,Resuelto,2025-05-25
574,Cliente_262,Facturación,Media,Carlos M.,28,5,Resuelto,2024-02-07
575,Cliente_365,Cuenta,Baja,Fernanda P.,68,2,En espera,2025-05-28
576,Cliente_480,Producto,Media,Carlos M.,38,4,Resuelto,2024-08-11
577,Cliente_372,Cuenta,Alta,Carlos M.,46,1,Resuelto,2025-07-24
578,Cliente_350,Cuenta,Baja,Carlos M.,26,2,Resuelto,2025-08-09
579,Cliente_47,Técnico,Baja,Fernanda P.,53,5,Abierto,2024-05-12
580,Cliente_355,Técnico,Crítica,Ana L.,63,1,Resuelto,2024-12-27
581,Cliente_311,Producto,Crítica,Fernanda P.,63,2,Resuelto,2024-08-08
582,Cliente_424,Entrega,Crítica,Carlos M.,38,3,Resuelto,2024-03-22
583,Cliente_308,Técnico,Alta,Ana L.,15,5,Resuelto,2025-01-30
584,Cliente_144,Entrega,Baja,Fernanda P.,9,1,Resuelto,2024-07-03
585,Cliente_269,Facturación,Baja,Carlos M.,22,3,Resuelto,2025-08-02
586,Cliente_370,Técnico,Media,Carlos M.,70,1,En espera,2024-09-05
587,Cliente_124,Técnico,Media,Ana L.,56,4,Abierto,2025-08-21
588,Cliente_106,Producto,Crítica,Fernanda P.,37,4,Resuelto,2024-10-09
589,Cliente_158,Entrega,Alta,Ana L.,57,5,Resuelto,2025-03-12
590,Cliente_147,Técnico,Alta,Ana L.,60,1,Resuelto,2024-09-08
591,Cliente_145,Técnico,Baja,Ana L.,12,4,Resuelto,2025-01-06
592,Cliente_120,Producto,Crítica,Ana L.,7,2,Abierto,2024-10-27
593,Cliente_319,Producto,Alta,Fernanda P.,66,2,Resuelto,2024-11-29
594,Cliente_275,Entrega,Baja,Ana L.,41,4,En espera,2024-11-19
595,Cliente_92,Facturación,Alta,Carlos M.,24,4,Resuelto,2024-02-05
596,Cliente_58,Facturación,Baja,Carlos M.,25,5,Resuelto,2025-04-03
597,Cliente_439,Cuenta,Baja,Carlos M.,62,5,Escalado,2024-08-17
598,Cliente_346,Técnico,Media,Ana L.,44,2,Resuelto,2024-10-09
599,Cliente_229,Entrega,Media,Carlos M.,2,3,Resuelto,2024-06-13
600,Cliente_474,Técnico,Baja,Fernanda P.,42,1,Resuelto,2025-06-22
601,Cliente_117,Entrega,Media,Ana L.,33,3,Resuelto,2024-11-27
602,Cliente_318,Entrega,Crítica,Ana L.,17,5,Resuelto,2024-06-23
603,Cliente_279,Entrega,Media,Ana L.,63,3,En espera,2024-03-16
604,Cliente_127,Técnico,Alta,Fernanda P.,22,5,Escalado,2025-03-15
605,Cliente_393,Producto,Baja,Ana L.,1,3,En espera,2024-05-07
606,Cliente_396,Técnico,Baja,Ana L.,70,2,Resuelto,2025-05-26
607,Cliente_129,Entrega,Baja,Carlos M.,54,5,Escalado,2025-02-01
608,Cliente_58,Cuenta,Baja,Carlos M.,14,2,Abierto,2024-10-04
609,Cliente_122,Facturación,Baja,Ana L.,53,3,Resuelto,2024-11-26
610,Cliente_1,Entrega,Baja,Fernanda P.,6,4,Resuelto,2024-12-25
611,Cliente_239,Cuenta,Media,Carlos M.,64,4,Resuelto,2025-07-17
612,Cliente_290,Producto,Media,Ana L.,33,1,Abierto,2025-03-15
613,Cliente_96,Entrega,Alta,Carlos M.,72,4,Resuelto,2024-04-11
614,Cliente_126,Cuenta,Baja,Carlos M.,44,1,Resuelto,2025-01-11
615,Cliente_118,Entrega,Media,Fernanda P.,34,3,Escalado,2024-09-12
616,Cliente_48,Técnico,Baja,Ana L.,34,1,Resuelto,2025-08-11
617,Cliente_89,Cuenta,Media,Carlos M.,24,1,Resuelto,2025-02-07
618,Cliente_488,Técnico,Baja,Ana L.,2,1,Escalado,2024-01-02
619,Cliente_237,Técnico,Crítica,Fernanda P.,8,2,Resuelto,2024-05-07
620,Cliente_373,Cuenta,Alta,Fernanda P.,25,1,Escalado,2024-05-11
621,Cliente_385,Facturación,Media,Carlos M.,32,5,Abierto,2025-03-30
622,Cliente_272,Cuenta,Baja,Fernanda P.,56,3,Resuelto,2024-12-09
623,Cliente_189,Facturación,Media,Carlos M.,7,2,Resuelto,2024-12-17
624,Cliente_487,Entrega,Alta,Ana L.,48,5,Resuelto,2025-02-06
625,Cliente_192,Entrega,Baja,Carlos M.,54,3,Resuelto,2024-02-11
626,Cliente_447,Cuenta,Media,Carlos M.,63,2,Abierto,2024-12-20
627,Cliente_69,Entrega,Alta,Fernanda P.,2,3,Resuelto,2024-09-15
628,Cliente_278,Producto,Alta,Ana L.,35,4,Abierto,2024-07-28
629,Cliente_349,Técnico,Alta,Ana L.,22,3,Resuelto,2024-02-06
630,Cliente_247,Técnico,Alta,Carlos M.,64,4,Resuelto,2024-01-22
631,Cliente_451,Facturación,Crítica,Ana L.,59,4,Escalado,2024-06-09
632,Cliente_76,Entrega,Media,Ana L.,49,3,Abierto,2024-12-24
633,Cliente_154,Facturación,Media,Carlos M.,52,4,Escalado,2024-12-19
634,Cliente_144,Técnico,Alta,Carlos M.,21,2,Resuelto,2025-03-08
635,Cliente_435,Técnico,Media,Ana L.,12,4,Abierto,2025-03-13
636,Cliente_485,Entrega,Crítica,Carlos M.,11,1,Resuelto,2025-06-30
637,Cliente_86,Producto,Baja,Fernanda P.,54,2,Escalado,2024-10-11
638,Cliente_185,Producto,Media,Ana L.,70,2,Resuelto,2024-11-01
639,Cliente_285,Entrega,Baja,Carlos M.,14,2,Resuelto,2024-01-14
640,Cliente_462,Entrega,Baja,Ana L.,33,1,Resuelto,2024-02-17
641,Cliente_220,Facturación,Baja,Ana L.,26,1,Resuelto,2024-10-26
642,Cliente_69,Entrega,Alta,Fernanda P.,14,1,Resuelto,2024-08-29
643,Cliente_47,Producto,Baja,Fernanda P.,48,1,Resuelto,2025-08-06
644,Cliente_497,Entrega,Alta,Ana L.,65,1,En espera,2025-02-15
645,Cliente_94,Facturación,Media,Fernanda P.,46,5,Resuelto,2025-05-18
646,Cliente_238,Facturación,Baja,Carlos M.,55,5,Resuelto,2024-04-07
647,Cliente_446,Facturación,Baja,Ana L.,68,1,En espera,2024-05-05
648,Cliente_500,Facturación,Media,Fernanda P.,12,2,Resuelto,2024-06-08
649,Cliente_453,Cuenta,Alta,Ana L.,54,4,Escalado,2024-09-21
650,Cliente_204,Entrega,Alta,Ana L.,64,4,Resuelto,2024-09-03
651,Cliente_400,Técnico,Alta,Carlos M.,47,5,Resuelto,2024-07-03
652,Cliente_218,Entrega,Crítica,Carlos M.,37,1,Resuelto,2025-04-11
653,Cliente_474,Cuenta,Media,Carlos M.,41,3,Escalado,2024-10-28
654,Cliente_432,Facturación,Crítica,Fernanda P.,27,4,En espera,2025-07-23
655,Cliente_341,Cuenta,Alta,Fernanda P.,42,4,En espera,2025-03-20
656,Cliente_39,Producto,Alta,Fernanda P.,68,2,Resuelto,2024-08-26
657,Cliente_100,Producto,Baja,Carlos M.,29,4,Escalado,2025-07-11
658,Cliente_289,Entrega,Crítica,Ana L.,36,5,Escalado,2024-08-16
659,Cliente_254,Entrega,Media,Carlos M.,57,1,Resuelto,2024-11-22
660,Cliente_222,Técnico,Alta,Fernanda P.,12,1,Resuelto,2024-10-17
661,Cliente_357,Técnico,Baja,Fernanda P.,45,4,Escalado,2024-03-06
662,Cliente_23,Producto,Media,Fernanda P.,20,3,Resuelto,2024-11-08
663,Cliente_250,Facturación,Baja,Carlos M.,45,5,Resuelto,2024-10-16
664,Cliente_10,Cuenta,Baja,Fernanda P.,23,4,En espera,2024-08-14
665,Cliente_246,Técnico,Baja,Carlos M.,62,5,Resuelto,2025-06-07
666,Cliente_325,Técnico,Alta,Ana L.,34,3,Escalado,2024-06-23
667,Cliente_100,Facturación,Baja,Carlos M.,21,5,Resuelto,2024-08-08
668,Cliente_290,Facturación,Media,Fernanda P.,51,5,Resuelto,2024-03-05
669,Cliente_180,Entrega,Baja,Ana L.,9,5,Resuelto,2024-09-26
670,Cliente_223,Cuenta,Media,Fernanda P.,10,1,Abierto,2024-06-30
671,Cliente_394,Facturación,Baja,Ana L.,52,3,Resuelto,2024-12-05
672,Cliente_250,Técnico,Baja,Fernanda P.,45,1,Resuelto,2024-11-01
673,Cliente_147,Técnico,Media,Carlos M.,52,2,Resuelto,2024-04-25
674,Cliente_442,Producto,Media,Fernanda P.,30,4,Resuelto,2024-01-11
675,Cliente_96,Facturación,Baja,Carlos M.,64,1,Escalado,2024-06-15
676,Cliente_257,Entrega,Baja,Carlos M.,2,5,Resuelto,2024-01-10
677,Cliente_325,Cuenta,Baja,Ana L.,49,2,Resuelto,2025-07-16
678,Cliente_493,Entrega,Crítica,Carlos M.,45,3,Resuelto,2024-11-23
679,Cliente_4,Técnico,Media,Carlos M.,17,3,Resuelto,2024-02-16
680,Cliente_16,Entrega,Media,Carlos M.,28,1,Resuelto,2025-06-08
681,Cliente_280,Técnico,Baja,Ana L.,45,5,Abierto,2025-01-12
682,Cliente_336,Técnico,Media,Fernanda P.,17,5,En espera,2025-02-02
683,Cliente_247,Técnico,Baja,Fernanda P.,59,3,Resuelto,2025-03-12
684,Cliente_258,Técnico,Baja,Carlos M.,14,5,Escalado,2024-04-30
685,Cliente_497,Técnico,Media,Carlos M.,10,4,En espera,2024-02-16
686,Cliente_476,Producto,Media,Fernanda P.,18,1,Resuelto,2025-06-09
687,Cliente_384,Entrega,Baja,Carlos M.,35,1,Resuelto,2025-05-03
688,Cliente_160,Producto,Media,Fernanda P.,48,5,Escalado,2025-05-19
689,Cliente_475,Producto,Crítica,Ana L.,58,3,Escalado,2024-03-19
690,Cliente_340,Facturación,Media,Carlos M.,18,4,Resuelto,2025-01-01
691,Cliente_152,Facturación,Media,Carlos M.,52,4,Abierto,2024-11-10
692,Cliente_396,Facturación,Crítica,Fernanda P.,30,4,Resuelto,2024-04-19
693,Cliente_178,Cuenta,Alta,Fernanda P.,37,2,Resuelto,2025-07-29
694,Cliente_163,Facturación,Media,Ana L.,40,5,En espera,2025-07-09
695,Cliente_380,Entrega,Alta,Carlos M.,6,4,Escalado,2025-02-12
696,Cliente_33,Producto,Baja,Fernanda P.,35,5,Resuelto,2024-03-31
697,Cliente_417,Entrega,Media,Ana L.,26,3,Resuelto,2024-08-26
698,Cliente_445,Facturación,Baja,Fernanda P.,30,3,En espera,2024-10-26
699,Cliente_179,Cuenta,Baja,Fernanda P.,24,3,Resuelto,2024-11-12
700,Cliente_427,Cuenta,Media,Ana L.,55,2,Resuelto,2024-08-30
701,Cliente_101,Producto,Baja,Ana L.,9,3,Resuelto,2024-03-19
702,Cliente_268,Entrega,Media,Ana L.,62,5,Resuelto,2025-04-19
703,Cliente_323,Técnico,Media,Ana L.,18,1,Resuelto,2024-11-25
704,Cliente_65,Entrega,Media,Ana L.,51,1,Resuelto,2025-05-24
705,Cliente_417,Facturación,Baja,Ana L.,19,5,Resuelto,2024-06-14
706,Cliente_168,Técnico,Baja,Carlos M.,69,1,Escalado,2024-03-08
707,Cliente_330,Cuenta,Media,Ana L.,33,4,Escalado,2024-08-24
708,Cliente_43,Producto,Crítica,Carlos M.,38,1,Resuelto,2024-08-15
709,Cliente_44,Producto,Baja,Fernanda P.,13,2,Resuelto,2025-04-15
710,Cliente_285,Cuenta,Baja,Fernanda P.,49,3,Resuelto,2024-03-02
711,Cliente_397,Facturación,Alta,Ana L.,53,1,Resuelto,2024-05-14
712,Cliente_12,Cuenta,Baja,Fernanda P.,1,1,Resuelto,2024-06-08
713,Cliente_95,Facturación,Alta,Ana L.,12,2,Resuelto,2024-04-10
714,Cliente_302,Técnico,Media,Ana L.,24,2,Escalado,2024-08-12
715,Cliente_386,Cuenta,Media,Carlos M.,1,1,Escalado,2024-10-08
716,Cliente_253,Facturación,Media,Fernanda P.,68,4,En espera,2025-07-08
717,Cliente_499,Técnico,Baja,Ana L.,7,1,Resuelto,2024-12-30
718,Cliente_242,Cuenta,Media,Fernanda P.,69,4,Abierto,2024-11-13
719,Cliente_35,Producto,Alta,Carlos M.,39,3,Resuelto,2025-02-18
720,Cliente_215,Cuenta,Alta,Fernanda P.,32,5,Resuelto,2025-04-22
721,Cliente_337,Entrega,Media,Carlos M.,49,3,Resuelto,2024-01-23
722,Cliente_90,Cuenta,Alta,Carlos M.,31,1,Abierto,2025-07-29
723,Cliente_264,Entrega,Baja,Carlos M.,3,1,Resuelto,2024-07-01
724,Cliente_93,Técnico,Media,Ana L.,47,4,Resuelto,2025-07-04
725,Cliente_410,Cuenta,Media,Ana L.,15,2,Escalado,2024-10-26
726,Cliente_458,Técnico,Alta,Fernanda P.,51,4,Resuelto,2024-10-23
727,Cliente_90,Técnico,Media,Ana L.,21,2,Resuelto,2024-09-25
728,Cliente_418,Facturación,Media,Ana L.,41,2,Resuelto,2025-08-10
729,Cliente_115,Técnico,Alta,Fernanda P.,3,2,Resuelto,2024-10-06
730,Cliente_105,Técnico,Media,Carlos M.,1,2,Resuelto,2024-02-17
731,Cliente_391,Cuenta,Baja,Carlos M.,21,1,Resuelto,2024-07-23
732,Cliente_196,Cuenta,Media,Fernanda P.,21,5,Resuelto,2025-02-25
733,Cliente_314,Producto,Media,Ana L.,49,5,Resuelto,2024-11-15
734,Cliente_114,Facturación,Media,Fernanda P.,65,3,Resuelto,2024-05-23
735,Cliente_493,Técnico,Crítica,Fernanda P.,41,3,Resuelto,2024-03-30
736,Cliente_75,Facturación,Media,Ana L.,67,3,Resuelto,2025-07-03
737,Cliente_413,Entrega,Media,Fernanda P.,42,4,En espera,2024-06-13
738,Cliente_376,Técnico,Media,Ana L.,69,3,Abierto,2024-09-15
739,Cliente_420,Facturación,Baja,Ana L.,57,3,Resuelto,2024-04-20
740,Cliente_217,Producto,Baja,Fernanda P.,43,3,Resuelto,2025-06-22
741,Cliente_277,Producto,Crítica,Carlos M.,12,1,Resuelto,2025-07-03
742,Cliente_249,Técnico,Media,Ana L.,64,3,En espera,2024-01-08
743,Cliente_164,Entrega,Baja,Carlos M.,51,5,Resuelto,2024-01-23
744,Cliente_394,Producto,Baja,Ana L.,60,1,En espera,2025-02-12
745,Cliente_357,Producto,Media,Carlos M.,71,2,Resuelto,2025-07-24
746,Cliente_457,Entrega,Alta,Fernanda P.,28,4,Abierto,2025-03-16
747,Cliente_408,Facturación,Alta,Ana L.,71,1,Resuelto,2024-02-27
748,Cliente_192,Producto,Baja,Fernanda P.,14,1,Resuelto,2024-11-30
749,Cliente_227,Cuenta,Crítica,Fernanda P.,32,5,Resuelto,2024-04-05
750,Cliente_177,Producto,Media,Fernanda P.,8,3,Resuelto,2025-02-27
751,Cliente_99,Facturación,Media,Ana L.,27,2,En espera,2024-05-26
752,Cliente_496,Facturación,Media,Fernanda P.,50,5,Resuelto,2025-04-06
753,Cliente_36,Técnico,Baja,Fernanda P.,59,5,Resuelto,2025-03-03
754,Cliente_466,Cuenta,Crítica,Ana L.,57,1,Resuelto,2024-12-20
755,Cliente_497,Facturación,Baja,Fernanda P.,3,2,Resuelto,2024-11-03
756,Cliente_487,Entrega,Baja,Ana L.,27,5,Resuelto,2025-02-24
757,Cliente_96,Cuenta,Alta,Fernanda P.,34,4,Escalado,2024-10-29
758,Cliente_152,Cuenta,Media,Carlos M.,26,4,Resuelto,2025-06-09
759,Cliente_151,Entrega,Alta,Fernanda P.,40,5,Escalado,2024-06-02
760,Cliente_190,Producto,Media,Carlos M.,32,1,En espera,2024-02-16
761,Cliente_224,Entrega,Media,Ana L.,41,4,Resuelto,2025-05-13
762,Cliente_37,Entrega,Crítica,Carlos M.,2,1,Resuelto,2024-04-15
763,Cliente_268,Producto,Baja,Ana L.,72,3,En espera,2024-06-06
764,Cliente_369,Producto,Alta,Fernanda P.,7,3,Resuelto,2025-01-05
765,Cliente_183,Producto,Baja,Carlos M.,19,1,Resuelto,2024-09-01
766,Cliente_13,Producto,Alta,Fernanda P.,33,5,Escalado,2025-08-16
767,Cliente_279,Producto,Baja,Carlos M.,2,3,Resuelto,2025-06-18
768,Cliente_217,Entrega,Media,Ana L.,67,3,Resuelto,2024-04-26
769,Cliente_355,Técnico,Alta,Ana L.,15,4,Resuelto,2024-03-10
770,Cliente_361,Técnico,Media,Ana L.,21,5,En espera,2024-03-15
771,Cliente_286,Facturación,Alta,Ana L.,59,1,Resuelto,2024-05-14
772,Cliente_273,Técnico,Alta,Fernanda P.,39,3,Resuelto,2024-05-17
773,Cliente_369,Técnico,Alta,Fernanda P.,20,5,Resuelto,2025-02-17
774,Cliente_62,Entrega,Crítica,Fernanda P.,1,3,En espera,2025-03-07
775,Cliente_84,Producto,Media,Fernanda P.,9,4,Abierto,2024-08-27
776,Cliente_368,Producto,Baja,Fernanda P.,51,5,Resuelto,2025-06-20
777,Cliente_217,Entrega,Baja,Ana L.,38,2,Resuelto,2024-08-04
778,Cliente_342,Técnico,Baja,Fernanda P.,15,4,Resuelto,2024-01-12
779,Cliente_397,Entrega,Baja,Fernanda P.,41,1,Resuelto,2024-07-17
780,Cliente_187,Facturación,Media,Fernanda P.,47,5,Escalado,2025-05-21
781,Cliente_19,Producto,Baja,Ana L.,26,3,Resuelto,2025-02-21
782,Cliente_177,Cuenta,Baja,Ana L.,54,5,Escalado,2025-01-21
783,Cliente_100,Facturación,Baja,Ana L.,70,1,Abierto,2024-05-13
784,Cliente_396,Facturación,Alta,Ana L.,39,5,Resuelto,2024-11-10
785,Cliente_445,Entrega,Media,Fernanda P.,17,3,Abierto,2025-08-17
786,Cliente_233,Técnico,Media,Fernanda P.,70,4,Resuelto,2024-02-05
787,Cliente_403,Producto,Alta,Carlos M.,9,4,Resuelto,2025-04-10
788,Cliente_76,Cuenta,Baja,Fernanda P.,46,3,Resuelto,2024-07-11
789,Cliente_265,Facturación,Crítica,Ana L.,6,2,En espera,2025-01-23
790,Cliente_455,Cuenta,Media,Ana L.,68,2,Resuelto,2024-05-21
791,Cliente_284,Técnico,Baja,Fernanda P.,16,4,En espera,2024-09-04
792,Cliente_206,Técnico,Media,Carlos M.,29,1,Escalado,2024-11-16
793,Cliente_223,Cuenta,Alta,Ana L.,41,5,Resuelto,2025-06-07
794,Cliente_384,Producto,Media,Carlos M.,68,3,En espera,2025-01-20
795,Cliente_52,Técnico,Alta,Ana L.,62,1,Resuelto,2024-11-18
796,Cliente_339,Cuenta,Baja,Ana L.,40,5,Resuelto,2025-04-05
797,Cliente_367,Facturación,Baja,Fernanda P.,62,4,Escalado,2024-11-18
798,Cliente_144,Cuenta,Baja,Ana L.,24,3,Resuelto,2024-09-26
799,Cliente_373,Cuenta,Baja,Carlos M.,6,1,Resuelto,2024-05-16
800,Cliente_69,Entrega,Baja,Carlos M.,40,5,Resuelto,2025-01-28
801,Cliente_99,Técnico,Crítica,Fernanda P.,70,4,Resuelto,2024-03-01
802,Cliente_396,Producto,Baja,Ana L.,58,4,Resuelto,2024-11-23
803,Cliente_25,Producto,Media,Carlos M.,14,5,Resuelto,2024-06-16
804,Cliente_436,Entrega,Media,Fernanda P.,45,2,Resuelto,2024-12-23
805,Cliente_379,Producto,Alta,Carlos M.,6,2,Escalado,2025-06-18
806,Cliente_469,Cuenta,Crítica,Fernanda P.,23,5,Escalado,2024-02-28
807,Cliente_484,Entrega,Alta,Carlos M.,62,5,Resuelto,2025-03-09
808,Cliente_53,Facturación,Crítica,Ana L.,17,5,Resuelto,2024-03-24
809,Cliente_151,Técnico,Alta,Carlos M.,70,4,Resuelto,2024-09-04
810,Cliente_144,Técnico,Crítica,Carlos M.,28,3,En espera,2025-05-10
811,Cliente_57,Técnico,Alta,Fernanda P.,13,4,Resuelto,2025-01-30
812,Cliente_39,Cuenta,Baja,Fernanda P.,29,4,Resuelto,2025-04-25
813,Cliente_109,Facturación,Media,Fernanda P.,45,2,En espera,2024-10-14
814,Cliente_181,Entrega,Media,Carlos M.,20,5,Resuelto,2024-07-11
815,Cliente_42,Entrega,Media,Fernanda P.,58,4,Resuelto,2025-03-13
816,Cliente_186,Técnico,Baja,Ana L.,54,4,Resuelto,2025-05-14
817,Cliente_423,Facturación,Media,Fernanda P.,64,5,En espera,2024-05-31
818,Cliente_398,Facturación,Crítica,Fernanda P.,52,3,Resuelto,2025-06-03
819,Cliente_223,Facturación,Baja,Ana L.,43,2,Resuelto,2024-09-25
820,Cliente_122,Producto,Alta,Fernanda P.,18,1,En espera,2025-07-28
821,Cliente_133,Producto,Alta,Fernanda P.,54,4,En espera,2025-06-20
822,Cliente_163,Técnico,Crítica,Carlos M.,60,3,Resuelto,2024-06-05
823,Cliente_215,Facturación,Crítica,Carlos M.,71,1,Resuelto,2024-07-05
824,Cliente_221,Facturación,Alta,Fernanda P.,1,5,Resuelto,2024-11-12
825,Cliente_235,Entrega,Media,Ana L.,37,1,Resuelto,2025-08-22
826,Cliente_331,Entrega,Baja,Fernanda P.,49,5,Resuelto,2024-08-30
827,Cliente_146,Técnico,Media,Fernanda P.,35,3,Resuelto,2025-06-21
828,Cliente_239,Facturación,Alta,Fernanda P.,67,1,Resuelto,2024-03-24
829,Cliente_76,Técnico,Alta,Carlos M.,35,2,Resuelto,2024-07-14
830,Cliente_9,Entrega,Alta,Ana L.,9,3,Resuelto,2024-10-04
831,Cliente_74,Entrega,Baja,Ana L.,37,1,Resuelto,2024-05-14
832,Cliente_442,Producto,Media,Ana L.,60,4,Escalado,2025-01-12
833,Cliente_492,Técnico,Media,Carlos M.,56,1,Resuelto,2024-04-27
834,Cliente_401,Técnico,Baja,Carlos M.,12,1,Resuelto,2024-01-26
835,Cliente_253,Facturación,Baja,Fernanda P.,71,2,Resuelto,2024-08-26
836,Cliente_230,Facturación,Baja,Carlos M.,71,3,Resuelto,2024-04-18
837,Cliente_7,Producto,Alta,Fernanda P.,4,4,Resuelto,2024-03-30
838,Cliente_174,Cuenta,Baja,Carlos M.,61,3,Resuelto,2025-01-16
839,Cliente_141,Cuenta,Baja,Fernanda P.,45,3,Resuelto,2024-01-18
840,Cliente_168,Cuenta,Crítica,Carlos M.,50,4,Resuelto,2025-05-16
841,Cliente_170,Técnico,Media,Ana L.,50,4,Resuelto,2025-07-08
842,Cliente_393,Técnico,Baja,Fernanda P.,48,2,Resuelto,2024-08-04
843,Cliente_434,Entrega,Baja,Carlos M.,23,5,Resuelto,2024-01-24
844,Cliente_283,Técnico,Baja,Carlos M.,8,2,Abierto,2025-05-08
845,Cliente_122,Técnico,Baja,Fernanda P.,29,4,Resuelto,2025-01-07
846,Cliente_194,Técnico,Baja,Carlos M.,43,1,Resuelto,2025-04-13
847,Cliente_5,Producto,Media,Ana L.,53,1,Resuelto,2025-05-16
848,Cliente_29,Técnico,Baja,Fernanda P.,6,3,Resuelto,2025-06-21
849,Cliente_165,Facturación,Media,Fernanda P.,24,3,Resuelto,2024-11-25
850,Cliente_422,Facturación,Alta,Fernanda P.,14,5,Resuelto,2024-06-02
851,Cliente_339,Entrega,Media,Fernanda P.,52,5,Resuelto,2025-02-20
852,Cliente_136,Producto,Crítica,Fernanda P.,70,5,En espera,2025-03-16
853,Cliente_496,Facturación,Media,Ana L.,4,5,Resuelto,2025-02-26
854,Cliente_365,Producto,Media,Fernanda P.,58,1,En espera,2024-02-06
855,Cliente_321,Producto,Alta,Ana L.,37,4,En espera,2024-09-30
856,Cliente_342,Entrega,Baja,Ana L.,48,5,Resuelto,2024-06-06
857,Cliente_500,Producto,Baja,Ana L.,39,2,Resuelto,2025-03-08
858,Cliente_145,Técnico,Media,Fernanda P.,66,5,Resuelto,2024-04-22
859,Cliente_327,Producto,Media,Ana L.,13,1,Resuelto,2025-06-25
860,Cliente_217,Entrega,Alta,Fernanda P.,66,3,Resuelto,2025-06-16
861,Cliente_301,Entrega,Crítica,Ana L.,60,2,Resuelto,2025-03-13
862,Cliente_132,Entrega,Media,Fernanda P.,41,5,Resuelto,2025-02-03
863,Cliente_292,Facturación,Media,Carlos M.,32,1,Resuelto,2024-01-18
864,Cliente_70,Técnico,Media,Carlos M.,52,3,En espera,2024-06-10
865,Cliente_252,Facturación,Crítica,Ana L.,5,5,Resuelto,2025-02-08
866,Cliente_415,Cuenta,Alta,Carlos M.,67,1,Escalado,2025-04-04
867,Cliente_275,Técnico,Crítica,Ana L.,66,1,Resuelto,2024-06-07
868,Cliente_445,Producto,Baja,Ana L.,52,4,Resuelto,2024-01-10
869,Cliente_364,Entrega,Alta,Ana L.,49,1,En espera,2025-05-30
870,Cliente_182,Cuenta,Baja,Carlos M.,29,5,Resuelto,2024-01-15
871,Cliente_167,Técnico,Baja,Ana L.,38,1,Abierto,2025-07-18
872,Cliente_91,Facturación,Crítica,Carlos M.,70,2,Resuelto,2024-02-24
873,Cliente_202,Entrega,Baja,Carlos M.,8,1,En espera,2025-03-21
874,Cliente_346,Facturación,Crítica,Fernanda P.,59,1,Escalado,2024-06-04
875,Cliente_19,Técnico,Baja,Carlos M.,55,2,Resuelto,2025-01-25
876,Cliente_39,Técnico,Alta,Fernanda P.,2,5,Resuelto,2024-05-18
877,Cliente_126,Cuenta,Baja,Ana L.,26,3,Resuelto,2025-02-16
878,Cliente_451,Producto,Media,Ana L.,63,4,Escalado,2024-05-04
879,Cliente_173,Facturación,Baja,Fernanda P.,17,3,Resuelto,2024-08-06
880,Cliente_141,Cuenta,Media,Ana L.,59,5,Escalado,2024-10-07
881,Cliente_242,Entrega,Media,Fernanda P.,16,5,Resuelto,2025-03-15
882,Cliente_220,Producto,Media,Fernanda P.,58,2,Escalado,2024-04-11
883,Cliente_126,Cuenta,Baja,Ana L.,64,3,Resuelto,2024-02-09
884,Cliente_58,Facturación,Baja,Fernanda P.,50,1,Resuelto,2025-04-15
885,Cliente_148,Técnico,Baja,Fernanda P.,26,2,Resuelto,2025-01-10
886,Cliente_476,Entrega,Media,Fernanda P.,17,2,Resuelto,2024-07-09
887,Cliente_456,Facturación,Alta,Ana L.,46,4,Resuelto,2025-03-09
888,Cliente_317,Producto,Alta,Ana L.,68,2,Escalado,2024-01-11
889,Cliente_383,Producto,Baja,Ana L.,50,3,Escalado,2024-09-02
890,Cliente_361,Técnico,Media,Ana L.,43,5,Abierto,2024-05-11
891,Cliente_423,Técnico,Alta,Ana L.,48,4,Resuelto,2025-04-28
892,Cliente_1,Entrega,Baja,Carlos M.,68,1,Resuelto,2025-02-18
893,Cliente_387,Entrega,Media,Carlos M.,19,3,Resuelto,2024-11-25
894,Cliente_461,Técnico,Media,Fernanda P.,25,1,Abierto,2025-07-21
895,Cliente_348,Técnico,Baja,Carlos M.,72,2,Resuelto,2024-12-20
896,Cliente_190,Producto,Baja,Ana L.,18,3,Resuelto,2025-07-09
897,Cliente_191,Técnico,Baja,Ana L.,51,4,Resuelto,2024-09-17
898,Cliente_369,Cuenta,Media,Ana L.,18,4,Abierto,2025-08-14
899,Cliente_409,Facturación,Baja,Fernanda P.,58,1,Resuelto,2025-08-02
900,Cliente_312,Técnico,Baja,Fernanda P.,64,5,Resuelto,2024-01-04
901,Cliente_417,Entrega,Media,Fernanda P.,71,4,Resuelto,2024-12-06
902,Cliente_422,Cuenta,Baja,Fernanda P.,57,1,Resuelto,2024-04-04
903,Cliente_117,Entrega,Baja,Fernanda P.,17,5,Escalado,2024-01-16
904,Cliente_134,Cuenta,Crítica,Fernanda P.,59,3,Resuelto,2024-04-20
905,Cliente_58,Técnico,Baja,Carlos M.,67,4,Escalado,2024-11-21
906,Cliente_44,Facturación,Media,Ana L.,15,4,Resuelto,2024-08-09
907,Cliente_173,Entrega,Media,Carlos M.,26,1,Resuelto,2024-09-27
908,Cliente_160,Cuenta,Media,Fernanda P.,48,4,Resuelto,2025-03-11
909,Cliente_173,Producto,Media,Ana L.,14,1,Escalado,2024-04-03
910,Cliente_317,Técnico,Baja,Ana L.,9,4,Escalado,2024-12-01
911,Cliente_303,Facturación,Alta,Ana L.,7,1,Resuelto,2025-05-15
912,Cliente_149,Técnico,Media,Carlos M.,55,4,Resuelto,2024-06-12
913,Cliente_80,Producto,Alta,Ana L.,12,3,Abierto,2025-01-20
914,Cliente_374,Facturación,Media,Fernanda P.,17,3,En espera,2025-02-15
915,Cliente_213,Producto,Crítica,Fernanda P.,8,1,Resuelto,2025-01-02
916,Cliente_203,Técnico,Alta,Carlos M.,42,3,En espera,2024-10-22
917,Cliente_252,Cuenta,Crítica,Carlos M.,37,1,Resuelto,2024-11-14
918,Cliente_229,Técnico,Media,Fernanda P.,20,1,Resuelto,2024-09-11
919,Cliente_164,Técnico,Media,Carlos M.,1,2,Abierto,2025-05-03
920,Cliente_227,Técnico,Alta,Ana L.,9,3,Resuelto,2025-07-03
921,Cliente_147,Entrega,Alta,Carlos M.,24,2,Abierto,2025-02-23
922,Cliente_20,Producto,Crítica,Ana L.,34,2,Escalado,2024-07-05
923,Cliente_441,Producto,Media,Ana L.,36,4,En espera,2024-01-25
924,Cliente_402,Producto,Alta,Ana L.,4,1,Resuelto,2024-05-21
925,Cliente_47,Entrega,Baja,Ana L.,29,5,Resuelto,2025-03-03
926,Cliente_233,Cuenta,Media,Ana L.,16,2,Resuelto,2024-05-03
927,Cliente_305,Técnico,Baja,Fernanda P.,8,4,Resuelto,2024-01-25
928,Cliente_14,Cuenta,Media,Fernanda P.,39,3,Escalado,2025-04-21
929,Cliente_143,Entrega,Crítica,Fernanda P.,58,5,Resuelto,2025-04-07
930,Cliente_415,Producto,Baja,Ana L.,12,1,Abierto,2025-03-06
931,Cliente_1,Técnico,Media,Carlos M.,44,4,Resuelto,2024-08-19
932,Cliente_373,Facturación,Media,Carlos M.,4,5,Resuelto,2024-12-10
933,Cliente_54,Facturación,Baja,Ana L.,25,1,Resuelto,2024-01-23
934,Cliente_374,Cuenta,Media,Carlos M.,70,1,Resuelto,2024-05-01
935,Cliente_259,Producto,Media,Ana L.,67,5,Resuelto,2024-08-10
936,Cliente_144,Facturación,Baja,Carlos M.,39,4,Resuelto,2024-08-17
937,Cliente_471,Cuenta,Alta,Ana L.,24,5,Abierto,2024-01-17
938,Cliente_441,Entrega,Crítica,Carlos M.,6,2,Resuelto,2024-10-11
939,Cliente_459,Cuenta,Baja,Carlos M.,72,1,Resuelto,2024-01-02
940,Cliente_12,Cuenta,Baja,Fernanda P.,33,3,Abierto,2024-09-23
941,Cliente_330,Cuenta,Media,Carlos M.,48,5,En espera,2025-06-11
942,Cliente_224,Técnico,Alta,Carlos M.,67,5,Resuelto,2025-06-16
943,Cliente_272,Cuenta,Baja,Ana L.,2,1,Resuelto,2024-09-07
944,Cliente_456,Cuenta,Baja,Carlos M.,38,1,Resuelto,2024-10-03
945,Cliente_358,Técnico,Media,Carlos M.,40,5,Resuelto,2024-01-06
946,Cliente_460,Técnico,Crítica,Carlos M.,56,3,Resuelto,2024-08-24
947,Cliente_408,Entrega,Media,Carlos M.,21,1,Resuelto,2025-06-18
948,Cliente_156,Producto,Media,Carlos M.,35,1,Escalado,2024-08-11
949,Cliente_373,Facturación,Crítica,Fernanda P.,67,2,Resuelto,2025-07-04
950,Cliente_8,Facturación,Media,Carlos M.,60,4,Abierto,2025-04-30
951,Cliente_122,Cuenta,Alta,Ana L.,23,2,Resuelto,2025-02-16
952,Cliente_348,Entrega,Media,Ana L.,65,3,Escalado,2024-01-31
953,Cliente_164,Cuenta,Crítica,Carlos M.,63,4,Abierto,2025-04-17
954,Cliente_90,Facturación,Media,Carlos M.,23,5,En espera,2025-05-28
955,Cliente_136,Técnico,Alta,Carlos M.,42,3,Resuelto,2024-12-07
956,Cliente_186,Producto,Media,Fernanda P.,64,3,En espera,2024-06-13
957,Cliente_316,Entrega,Alta,Ana L.,66,2,Resuelto,2024-10-26
958,Cliente_178,Técnico,Baja,Fernanda P.,41,4,Resuelto,2025-03-29
959,Cliente_28,Producto,Media,Fernanda P.,20,3,Escalado,2025-04-25
960,Cliente_220,Entrega,Alta,Carlos M.,9,4,Abierto,2024-03-15
961,Cliente_357,Entrega,Baja,Carlos M.,57,5,Resuelto,2024-11-04
962,Cliente_41,Facturación,Media,Ana L.,17,4,En espera,2024-03-16
963,Cliente_228,Técnico,Baja,Carlos M.,18,2,Resuelto,2025-01-21
964,Cliente_192,Entrega,Alta,Ana L.,63,2,Resuelto,2024-12-15
965,Cliente_411,Entrega,Baja,Fernanda P.,72,3,Resuelto,2024-10-01
966,Cliente_447,Producto,Alta,Ana L.,72,4,Resuelto,2024-10-27
967,Cliente_145,Facturación,Media,Ana L.,26,2,Resuelto,2024-02-24
968,Cliente_201,Cuenta,Baja,Ana L.,72,1,Resuelto,2025-04-04
969,Cliente_417,Facturación,Media,Fernanda P.,72,2,Escalado,2025-06-24
970,Cliente_212,Cuenta,Baja,Fernanda P.,13,5,Escalado,2025-07-28
971,Cliente_461,Técnico,Media,Carlos M.,17,1,Resuelto,2024-11-08
972,Cliente_220,Técnico,Media,Carlos M.,26,4,Resuelto,2024-09-25
973,Cliente_240,Entrega,Baja,Ana L.,6,3,Resuelto,2025-05-11
974,Cliente_413,Técnico,Crítica,Ana L.,4,1,En espera,2024-06-03
975,Cliente_397,Entrega,Baja,Fernanda P.,7,2,En espera,2024-07-14
976,Cliente_46,Facturación,Media,Fernanda P.,17,3,Resuelto,2025-04-24
977,Cliente_35,Técnico,Media,Fernanda P.,50,3,En espera,2025-03-23
978,Cliente_253,Facturación,Media,Ana L.,6,3,Abierto,2024-04-14
979,Cliente_390,Facturación,Media,Ana L.,30,3,Resuelto,2024-03-14
980,Cliente_82,Técnico,Media,Fernanda P.,56,4,Resuelto,2024-03-15
981,Cliente_371,Facturación,Alta,Ana L.,39,4,Resuelto,2024-04-06
982,Cliente_256,Técnico,Media,Fernanda P.,14,4,Resuelto,2024-08-28
983,Cliente_197,Técnico,Baja,Carlos M.,54,2,Resuelto,2025-01-25
984,Cliente_303,Técnico,Media,Fernanda P.,22,4,Resuelto,2024-04-18
985,Cliente_409,Cuenta,Baja,Ana L.,57,3,Resuelto,2024-01-28
986,Cliente_450,Facturación,Baja,Ana L.,41,1,Resuelto,2024-04-11
987,Cliente_10,Producto,Media,Ana L.,10,1,Resuelto,2024-04-28
988,Cliente_312,Técnico,Media,Ana L.,2,1,Escalado,2025-08-06
989,Cliente_286,Facturación,Media,Fernanda P.,67,1,En espera,2024-01-27
990,Cliente_242,Entrega,Alta,Fernanda P.,48,1,Abierto,2024-05-29
991,Cliente_251,Técnico,Media,Carlos M.,42,5,Abierto,2024-05-21
992,Cliente_365,Técnico,Media,Fernanda P.,11,1,Resuelto,2024-06-02
993,Cliente_5,Producto,Baja,Carlos M.,12,1,Resuelto,2025-05-06
994,Cliente_119,Cuenta,Media,Fernanda P.,14,1,Resuelto,2024-07-01
995,Cliente_289,Cuenta,Media,Fernanda P.,30,2,Resuelto,2024-07-21
996,Cliente_374,Técnico,Media,Ana L.,60,5,Resuelto,2024-03-11
997,Cliente_65,Facturación,Alta,Carlos M.,30,1,Resuelto,2024-07-01
998,Cliente_146,Entrega,Media,Ana L.,38,4,Abierto,2024-06-21
999,Cliente_224,Entrega,Media,Ana L.,65,2,Resuelto,2025-06-25
1000,Cliente_239,Facturación,Media,Fernanda P.,47,5,Resuelto,2024-12-20
1001,Cliente_177,Técnico,Media,Fernanda P.,39,4,Escalado,2024-06-02
1002,Cliente_267,Entrega,Media,Carlos M.,49,4,Resuelto,2025-01-19
1003,Cliente_341,Cuenta,Baja,Carlos M.,58,2,Resuelto,2024-11-06
1004,Cliente_282,Facturación,Baja,Fernanda P.,17,4,Resuelto,2024-01-25
1005,Cliente_63,Producto,Baja,Carlos M.,6,3,Resuelto,2024-04-07
1006,Cliente_217,Técnico,Media,Fernanda P.,15,2,Resuelto,2025-07-07
1007,Cliente_342,Facturación,Alta,Fernanda P.,67,2,Resuelto,2024-10-26
1008,Cliente_315,Entrega,Media,Fernanda P.,28,3,Resuelto,2024-03-09
1009,Cliente_283,Técnico,Baja,Carlos M.,44,2,En espera,2024-12-26
1010,Cliente_177,Cuenta,Alta,Ana L.,18,4,Abierto,2024-03-03
1011,Cliente_461,Técnico,Alta,Carlos M.,32,4,Resuelto,2025-05-09
1012,Cliente_417,Técnico,Alta,Ana L.,69,4,Resuelto,2025-02-27
1013,Cliente_98,Cuenta,Media,Carlos M.,44,3,Abierto,2025-01-14
1014,Cliente_105,Cuenta,Alta,Ana L.,70,4,Abierto,2024-09-11
1015,Cliente_99,Técnico,Baja,Ana L.,63,3,Resuelto,2024-09-17
1016,Cliente_385,Cuenta,Baja,Carlos M.,58,3,Resuelto,2024-05-08
1017,Cliente_405,Facturación,Baja,Carlos M.,47,3,Resuelto,2025-06-06
1018,Cliente_496,Cuenta,Alta,Ana L.,17,2,Resuelto,2025-02-25
1019,Cliente_311,Cuenta,Baja,Fernanda P.,39,5,Resuelto,2025-06-12
1020,Cliente_6,Técnico,Media,Ana L.,59,3,Escalado,2025-08-02
1021,Cliente_476,Facturación,Media,Ana L.,7,4,Abierto,2025-02-19
1022,Cliente_465,Producto,Media,Fernanda P.,63,3,Abierto,2024-01-05
1023,Cliente_197,Producto,Alta,Ana L.,57,1,Resuelto,2024-07-24
1024,Cliente_351,Entrega,Baja,Fernanda P.,34,2,Resuelto,2025-04-13
1025,Cliente_133,Cuenta,Media,Fernanda P.,53,4,Resuelto,2024-03-22
1026,Cliente_358,Cuenta,Alta,Carlos M.,66,2,Resuelto,2024-03-07
1027,Cliente_259,Facturación,Baja,Ana L.,48,2,Resuelto,2024-09-23
1028,Cliente_437,Producto,Media,Ana L.,60,1,Resuelto,2025-04-19
1029,Cliente_23,Entrega,Alta,Fernanda P.,43,3,Resuelto,2025-04-30
1030,Cliente_485,Facturación,Crítica,Ana L.,4,4,En espera,2024-06-01
1031,Cliente_53,Cuenta,Alta,Fernanda P.,52,5,Resuelto,2025-07-07
1032,Cliente_165,Producto,Media,Ana L.,32,2,Resuelto,2025-05-01
1033,Cliente_202,Entrega,Media,Ana L.,51,5,Abierto,2025-08-13
1034,Cliente_458,Técnico,Baja,Fernanda P.,10,5,Abierto,2025-07-24
1035,Cliente_83,Producto,Baja,Fernanda P.,12,3,Resuelto,2024-02-17
1036,Cliente_145,Entrega,Baja,Ana L.,39,5,Resuelto,2024-01-24
1037,Cliente_85,Facturación,Media,Ana L.,68,4,En espera,2025-01-09
1038,Cliente_78,Técnico,Alta,Fernanda P.,10,3,Resuelto,2024-12-22
1039,Cliente_457,Entrega,Media,Carlos M.,10,5,En espera,2024-02-02
1040,Cliente_366,Entrega,Media,Carlos M.,23,3,Resuelto,2025-04-16
1041,Cliente_1,Cuenta,Media,Ana L.,13,4,Resuelto,2024-06-23
1042,Cliente_51,Producto,Media,Ana L.,48,2,Resuelto,2025-07-18
1043,Cliente_173,Cuenta,Crítica,Ana L.,44,1,Resuelto,2025-05-12
1044,Cliente_205,Técnico,Baja,Fernanda P.,64,3,Escalado,2024-11-08
1045,Cliente_260,Entrega,Media,Ana L.,40,1,Resuelto,2024-07-16
1046,Cliente_446,Cuenta,Media,Ana L.,6,2,Resuelto,2024-01-03
1047,Cliente_449,Producto,Baja,Ana L.,72,4,Resuelto,2024-02-18
1048,Cliente_369,Técnico,Media,Carlos M.,43,2,En espera,2024-01-14
1049,Cliente_488,Facturación,Alta,Ana L.,32,1,Abierto,2025-02-07
1050,Cliente_288,Cuenta,Baja,Ana L.,49,4,Resuelto,2024-07-12
1051,Cliente_34,Técnico,Baja,Fernanda P.,19,5,Escalado,2024-09-16
1052,Cliente_348,Facturación,Baja,Carlos M.,52,5,Resuelto,2024-09-03
1053,Cliente_95,Cuenta,Alta,Fernanda P.,52,3,Resuelto,2025-07-28
1054,Cliente_72,Técnico,Alta,Ana L.,34,5,Resuelto,2025-03-07
1055,Cliente_39,Técnico,Media,Ana L.,59,1,Resuelto,2025-07-20
1056,Cliente_154,Cuenta,Media,Ana L.,5,5,En espera,2025-04-25
1057,Cliente_250,Técnico,Alta,Ana L.,66,3,Resuelto,2024-09-14
1058,Cliente_162,Entrega,Alta,Ana L.,41,4,En espera,2025-06-18
1059,Cliente_438,Cuenta,Alta,Fernanda P.,34,5,En espera,2024-04-17
1060,Cliente_118,Técnico,Alta,Ana L.,54,3,Resuelto,2024-06-24
1061,Cliente_259,Facturación,Media,Ana L.,20,5,Resuelto,2025-04-13
1062,Cliente_379,Facturación,Media,Carlos M.,54,5,Escalado,2025-06-10
1063,Cliente_306,Entrega,Alta,Carlos M.,66,1,Resuelto,2024-05-31
1064,Cliente_268,Cuenta,Crítica,Ana L.,18,3,Escalado,2024-10-02
1065,Cliente_449,Técnico,Baja,Ana L.,44,3,Resuelto,2024-02-07
1066,Cliente_54,Técnico,Baja,Ana L.,48,2,Escalado,2024-10-07
1067,Cliente_236,Facturación,Crítica,Ana L.,35,2,En espera,2025-08-20
1068,Cliente_389,Entrega,Baja,Ana L.,39,3,Escalado,2025-03-06
1069,Cliente_478,Facturación,Alta,Ana L.,3,1,Resuelto,2025-08-14
1070,Cliente_222,Facturación,Media,Fernanda P.,19,5,Resuelto,2024-11-15
1071,Cliente_251,Entrega,Baja,Fernanda P.,18,4,Resuelto,2024-06-19
1072,Cliente_313,Cuenta,Baja,Fernanda P.,5,5,Resuelto,2024-03-11
1073,Cliente_401,Técnico,Baja,Carlos M.,55,4,Resuelto,2024-03-28
1074,Cliente_112,Cuenta,Baja,Ana L.,13,1,Escalado,2024-02-26
1075,Cliente_255,Producto,Media,Carlos M.,34,2,Resuelto,2024-06-15
1076,Cliente_303,Producto,Alta,Carlos M.,18,3,Resuelto,2024-08-23
1077,Cliente_407,Producto,Crítica,Carlos M.,68,1,Escalado,2025-02-01
1078,Cliente_207,Entrega,Media,Fernanda P.,72,4,Abierto,2024-11-15
1079,Cliente_229,Facturación,Media,Ana L.,43,3,Escalado,2025-06-15
1080,Cliente_341,Cuenta,Media,Ana L.,65,4,Escalado,2024-01-07
1081,Cliente_398,Técnico,Media,Carlos M.,41,5,Abierto,2025-04-02
1082,Cliente_66,Producto,Media,Fernanda P.,38,5,Resuelto,2024-08-25
1083,Cliente_75,Cuenta,Baja,Carlos M.,38,5,Escalado,2025-03-26
1084,Cliente_435,Producto,Baja,Carlos M.,13,3,Resuelto,2024-04-23
1085,Cliente_103,Producto,Baja,Ana L.,22,2,Resuelto,2025-05-06
1086,Cliente_422,Técnico,Baja,Fernanda P.,29,2,En espera,2024-11-04
1087,Cliente_192,Entrega,Alta,Ana L.,9,4,Resuelto,2025-03-24
1088,Cliente_252,Facturación,Baja,Carlos M.,68,2,Resuelto,2024-06-06
1089,Cliente_226,Entrega,Alta,Ana L.,17,2,Resuelto,2025-02-02
1090,Cliente_294,Cuenta,Crítica,Carlos M.,37,4,Resuelto,2024-07-21
1091,Cliente_306,Entrega,Crítica,Fernanda P.,64,4,Resuelto,2025-08-04
1092,Cliente_98,Cuenta,Crítica,Ana L.,67,4,En espera,2025-03-29
1093,Cliente_338,Cuenta,Baja,Ana L.,4,3,Resuelto,2024-04-29
1094,Cliente_286,Facturación,Media,Ana L.,40,4,En espera,2025-06-18
1095,Cliente_335,Técnico,Baja,Ana L.,16,3,Resuelto,2024-06-28
1096,Cliente_347,Facturación,Alta,Ana L.,11,3,Resuelto,2025-05-26
1097,Cliente_435,Entrega,Alta,Fernanda P.,26,3,En espera,2025-05-07
1098,Cliente_447,Cuenta,Alta,Fernanda P.,72,4,Resuelto,2025-08-15
1099,Cliente_482,Producto,Media,Ana L.,65,2,Resuelto,2024-11-22
1100,Cliente_308,Producto,Alta,Carlos M.,2,2,Resuelto,2025-01-31
1101,Cliente_249,Cuenta,Baja,Carlos M.,45,4,Resuelto,2025-08-08
1102,Cliente_166,Facturación,Baja,Ana L.,43,2,Resuelto,2025-05-26
1103,Cliente_481,Técnico,Alta,Ana L.,3,4,Resuelto,2024-07-01
1104,Cliente_472,Facturación,Media,Fernanda P.,34,3,Resuelto,2024-04-15
1105,Cliente_335,Cuenta,Crítica,Fernanda P.,65,5,Resuelto,2025-05-12
1106,Cliente_30,Cuenta,Baja,Ana L.,64,1,En espera,2024-11-29
1107,Cliente_247,Técnico,Alta,Ana L.,7,4,Resuelto,2025-01-08
1108,Cliente_106,Entrega,Media,Carlos M.,35,3,Escalado,2024-01-01
1109,Cliente_51,Entrega,Alta,Fernanda P.,22,5,Resuelto,2025-04-19
1110,Cliente_81,Técnico,Alta,Ana L.,48,3,En espera,2025-03-27
1111,Cliente_133,Entrega,Crítica,Fernanda P.,32,1,Resuelto,2024-07-02
1112,Cliente_285,Producto,Baja,Ana L.,26,2,Resuelto,2024-03-28
1113,Cliente_388,Entrega,Crítica,Ana L.,6,2,Resuelto,2025-04-29
1114,Cliente_138,Entrega,Baja,Ana L.,46,3,Resuelto,2025-08-21
1115,Cliente_184,Entrega,Baja,Ana L.,55,1,Escalado,2025-08-03
1116,Cliente_401,Producto,Media,Carlos M.,55,3,Resuelto,2024-12-05
1117,Cliente_330,Entrega,Alta,Ana L.,57,2,Resuelto,2024-06-20
1118,Cliente_273,Producto,Media,Carlos M.,63,3,En espera,2025-01-12
1119,Cliente_340,Técnico,Alta,Carlos M.,1,5,Resuelto,2024-06-25
1120,Cliente_472,Facturación,Alta,Ana L.,21,1,Resuelto,2024-02-05
1121,Cliente_69,Técnico,Baja,Fernanda P.,20,2,Resuelto,2025-03-28
1122,Cliente_34,Facturación,Crítica,Fernanda P.,29,3,Resuelto,2024-08-12
1123,Cliente_262,Técnico,Baja,Ana L.,43,1,Resuelto,2024-10-19
1124,Cliente_53,Facturación,Alta,Ana L.,45,3,En espera,2025-04-17
1125,Cliente_450,Facturación,Media,Ana L.,65,2,Resuelto,2024-09-09
1126,Cliente_205,Cuenta,Media,Fernanda P.,3,1,Resuelto,2024-02-20
1127,Cliente_126,Facturación,Media,Fernanda P.,20,2,En espera,2024-10-19
1128,Cliente_235,Facturación,Baja,Ana L.,37,5,En espera,2024-06-01
1129,Cliente_43,Cuenta,Media,Fernanda P.,38,5,Resuelto,2024-09-17
1130,Cliente_240,Entrega,Baja,Carlos M.,45,4,Resuelto,2024-04-14
1131,Cliente_459,Entrega,Baja,Fernanda P.,42,1,Resuelto,2025-01-01
1132,Cliente_371,Cuenta,Baja,Fernanda P.,46,5,En espera,2024-10-09
1133,Cliente_111,Producto,Media,Ana L.,60,4,Abierto,2024-11-12
1134,Cliente_249,Facturación,Alta,Carlos M.,13,1,Resuelto,2025-04-27
1135,Cliente_151,Facturación,Media,Ana L.,31,2,Escalado,2024-03-24
1136,Cliente_183,Cuenta,Alta,Fernanda P.,68,3,Resuelto,2024-02-14
1137,Cliente_336,Cuenta,Media,Carlos M.,62,3,En espera,2025-01-21
1138,Cliente_95,Producto,Media,Ana L.,49,2,En espera,2024-07-07
1139,Cliente_459,Entrega,Media,Fernanda P.,18,5,Escalado,2025-05-04
1140,Cliente_374,Técnico,Media,Carlos M.,53,3,Escalado,2024-02-19
1141,Cliente_400,Entrega,Media,Ana L.,18,2,Resuelto,2024-07-19
1142,Cliente_8,Facturación,Baja,Carlos M.,51,4,Resuelto,2024-06-23
1143,Cliente_388,Cuenta,Alta,Fernanda P.,41,4,Resuelto,2024-05-21
1144,Cliente_360,Producto,Alta,Ana L.,67,2,En espera,2024-10-01
1145,Cliente_388,Entrega,Baja,Fernanda P.,65,1,En espera,2024-07-08
1146,Cliente_184,Producto,Alta,Carlos M.,6,5,Resuelto,2024-05-13
1147,Cliente_281,Entrega,Baja,Fernanda P.,37,5,Resuelto,2025-06-28
1148,Cliente_195,Facturación,Baja,Carlos M.,12,2,Resuelto,2024-04-06
1149,Cliente_352,Técnico,Baja,Ana L.,2,3,Resuelto,2024-02-10
1150,Cliente_195,Producto,Alta,Fernanda P.,53,5,Resuelto,2024-11-24
1151,Cliente_155,Producto,Alta,Ana L.,25,5,Abierto,2025-05-15
1152,Cliente_93,Técnico,Alta,Ana L.,28,4,Resuelto,2025-06-24
1153,Cliente_160,Producto,Baja,Ana L.,45,4,Resuelto,2025-01-07
1154,Cliente_434,Producto,Media,Ana L.,37,4,Resuelto,2025-05-25
1155,Cliente_61,Entrega,Alta,Fernanda P.,17,5,En espera,2024-04-04
1156,Cliente_122,Entrega,Baja,Fernanda P.,69,5,Abierto,2025-04-26
1157,Cliente_51,Técnico,Media,Ana L.,56,5,Resuelto,2024-01-11
1158,Cliente_403,Facturación,Baja,Ana L.,58,3,Resuelto,2025-07-07
1159,Cliente_277,Producto,Baja,Carlos M.,4,3,Resuelto,2025-04-11
1160,Cliente_5,Facturación,Media,Ana L.,55,3,Escalado,2025-04-15
1161,Cliente_466,Técnico,Media,Carlos M.,49,1,Abierto,2025-03-06
1162,Cliente_92,Técnico,Baja,Carlos M.,38,5,Abierto,2025-05-28
1163,Cliente_170,Entrega,Baja,Ana L.,45,5,Resuelto,2024-02-12
1164,Cliente_317,Producto,Baja,Fernanda P.,30,2,Resuelto,2024-01-04
1165,Cliente_22,Cuenta,Baja,Carlos M.,37,2,Resuelto,2024-12-02
1166,Cliente_405,Técnico,Baja,Fernanda P.,56,1,Resuelto,2025-01-09
1167,Cliente_326,Producto,Media,Ana L.,27,2,Abierto,2024-04-04
1168,Cliente_1,Facturación,Media,Ana L.,32,3,Resuelto,2025-03-22
1169,Cliente_133,Entrega,Media,Ana L.,11,1,Resuelto,2025-07-24
1170,Cliente_233,Facturación,Alta,Ana L.,58,1,Resuelto,2024-01-30
1171,Cliente_12,Técnico,Alta,Carlos M.,35,1,Escalado,2024-03-28
1172,Cliente_346,Técnico,Baja,Carlos M.,17,4,Escalado,2024-08-07
1173,Cliente_46,Facturación,Baja,Fernanda P.,30,2,Resuelto,2024-05-07
1174,Cliente_34,Técnico,Alta,Fernanda P.,18,5,Resuelto,2024-06-19
1175,Cliente_433,Producto,Baja,Carlos M.,30,4,Resuelto,2024-08-12
1176,Cliente_78,Técnico,Baja,Ana L.,16,3,Resuelto,2024-09-30
1177,Cliente_218,Entrega,Baja,Fernanda P.,54,4,Escalado,2025-02-11
1178,Cliente_301,Producto,Media,Carlos M.,4,3,Abierto,2024-06-06
1179,Cliente_411,Cuenta,Media,Fernanda P.,15,5,Escalado,2025-02-10
1180,Cliente_73,Técnico,Crítica,Carlos M.,27,5,En espera,2024-01-30
1181,Cliente_282,Técnico,Alta,Ana L.,4,2,Abierto,2024-07-14
1182,Cliente_249,Entrega,Media,Carlos M.,35,4,Resuelto,2024-06-17
1183,Cliente_47,Entrega,Media,Fernanda P.,63,5,En espera,2024-12-09
1184,Cliente_121,Facturación,Baja,Carlos M.,66,3,Resuelto,2025-08-01
1185,Cliente_214,Facturación,Baja,Fernanda P.,39,5,Resuelto,2025-02-02
1186,Cliente_239,Facturación,Baja,Fernanda P.,28,2,Resuelto,2024-07-02
1187,Cliente_56,Entrega,Baja,Fernanda P.,34,3,Resuelto,2025-05-26
1188,Cliente_350,Facturación,Baja,Ana L.,33,1,Escalado,2024-07-20
1189,Cliente_107,Facturación,Baja,Ana L.,50,2,Resuelto,2024-08-05
1190,Cliente_319,Cuenta,Media,Carlos M.,60,2,Resuelto,2024-03-16
1191,Cliente_48,Facturación,Crítica,Carlos M.,72,1,Resuelto,2024-11-16
1192,Cliente_61,Técnico,Media,Fernanda P.,72,5,Escalado,2024-01-02
1193,Cliente_337,Entrega,Crítica,Ana L.,42,2,Escalado,2025-06-06
1194,Cliente_26,Producto,Media,Carlos M.,28,1,Abierto,2025-08-10
1195,Cliente_292,Cuenta,Media,Carlos M.,27,1,Resuelto,2024-04-01
1196,Cliente_257,Entrega,Media,Ana L.,1,2,Resuelto,2024-06-18
1197,Cliente_8,Entrega,Baja,Fernanda P.,8,4,Resuelto,2024-10-31
1198,Cliente_113,Técnico,Baja,Carlos M.,46,2,Escalado,2025-08-17
1199,Cliente_355,Facturación,Crítica,Fernanda P.,24,4,En espera,2024-03-22
1200,Cliente_253,Técnico,Crítica,Ana L.,40,5,Escalado,2024-10-19
1201,Cliente_180,Facturación,Baja,Ana L.,51,1,Resuelto,2024-12-13
1202,Cliente_207,Facturación,Baja,Carlos M.,24,3,En espera,2024-08-10
1203,Cliente_303,Entrega,Media,Carlos M.,22,2,Resuelto,2024-02-07
1204,Cliente_127,Facturación,Baja,Ana L.,68,3,Resuelto,2025-03-17
1205,Cliente_56,Cuenta,Media,Fernanda P.,8,5,Escalado,2024-05-12
1206,Cliente_214,Cuenta,Baja,Fernanda P.,58,2,Resuelto,2025-07-26
1207,Cliente_14,Cuenta,Media,Ana L.,15,3,Abierto,2025-08-17
1208,Cliente_474,Entrega,Baja,Carlos M.,8,5,Resuelto,2024-07-23
1209,Cliente_28,Técnico,Media,Ana L.,42,4,Resuelto,2024-01-28
1210,Cliente_471,Producto,Baja,Carlos M.,39,5,Resuelto,2024-07-03
1211,Cliente_78,Facturación,Media,Fernanda P.,35,2,Resuelto,2024-05-09
1212,Cliente_216,Producto,Crítica,Carlos M.,41,2,Abierto,2024-03-10
1213,Cliente_386,Técnico,Media,Fernanda P.,48,2,Resuelto,2025-07-02
1214,Cliente_365,Técnico,Alta,Ana L.,71,5,Resuelto,2024-08-04
1215,Cliente_154,Entrega,Alta,Carlos M.,44,2,Resuelto,2024-09-05
1216,Cliente_14,Cuenta,Crítica,Fernanda P.,35,5,Resuelto,2025-04-16
1217,Cliente_187,Cuenta,Alta,Carlos M.,27,1,Resuelto,2024-12-03
1218,Cliente_312,Técnico,Media,Fernanda P.,65,1,Resuelto,2025-01-19
1219,Cliente_371,Entrega,Alta,Fernanda P.,70,1,Resuelto,2024-01-03
1220,Cliente_7,Entrega,Baja,Ana L.,66,3,Resuelto,2025-08-05
1221,Cliente_3,Facturación,Media,Ana L.,71,1,Escalado,2024-04-06
1222,Cliente_111,Cuenta,Crítica,Carlos M.,72,1,Resuelto,2025-08-19
1223,Cliente_407,Técnico,Alta,Fernanda P.,63,5,Escalado,2025-05-21
1224,Cliente_238,Producto,Crítica,Ana L.,29,5,Resuelto,2025-03-15
1225,Cliente_363,Cuenta,Alta,Carlos M.,31,2,Resuelto,2024-09-02
1226,Cliente_239,Facturación,Alta,Ana L.,64,2,En espera,2024-12-18
1227,Cliente_493,Entrega,Alta,Carlos M.,53,2,Resuelto,2024-09-25
1228,Cliente_274,Técnico,Alta,Ana L.,68,5,Resuelto,2024-06-29
1229,Cliente_294,Cuenta,Media,Ana L.,25,5,Resuelto,2025-04-21
1230,Cliente_227,Producto,Crítica,Fernanda P.,13,1,Abierto,2025-02-06
1231,Cliente_371,Facturación,Alta,Fernanda P.,40,4,Resuelto,2024-06-29
1232,Cliente_15,Facturación,Alta,Ana L.,72,5,Resuelto,2024-02-26
1233,Cliente_192,Cuenta,Media,Fernanda P.,7,4,Resuelto,2025-02-25
1234,Cliente_473,Producto,Media,Ana L.,32,5,Resuelto,2024-02-15
1235,Cliente_119,Facturación,Baja,Carlos M.,24,5,Abierto,2024-03-26
1236,Cliente_485,Técnico,Crítica,Ana L.,1,3,Abierto,2025-01-22
1237,Cliente_28,Facturación,Media,Ana L.,47,4,Resuelto,2025-08-16
1238,Cliente_202,Producto,Baja,Carlos M.,51,3,Resuelto,2024-06-26
1239,Cliente_39,Entrega,Baja,Carlos M.,36,1,Resuelto,2024-04-02
1240,Cliente_441,Entrega,Alta,Fernanda P.,27,3,Resuelto,2024-06-10
1241,Cliente_273,Cuenta,Alta,Carlos M.,70,3,En espera,2024-08-13
1242,Cliente_231,Producto,Alta,Fernanda P.,42,1,Resuelto,2024-07-11
1243,Cliente_86,Facturación,Media,Ana L.,68,4,Escalado,2024-05-25
1244,Cliente_474,Facturación,Media,Carlos M.,70,2,Resuelto,2024-09-10
1245,Cliente_126,Entrega,Media,Ana L.,13,5,Escalado,2025-06-05
1246,Cliente_300,Entrega,Baja,Fernanda P.,25,4,Resuelto,2025-05-01
1247,Cliente_25,Técnico,Alta,Carlos M.,22,1,En espera,2025-04-11
1248,Cliente_145,Entrega,Baja,Fernanda P.,21,3,Resuelto,2025-03-20
1249,Cliente_13,Técnico,Media,Fernanda P.,15,2,Resuelto,2025-02-09
1250,Cliente_212,Facturación,Media,Carlos M.,67,3,Abierto,2024-11-10
1251,Cliente_25,Técnico,Media,Carlos M.,37,5,Abierto,2024-03-31
1252,Cliente_68,Técnico,Crítica,Fernanda P.,45,1,Resuelto,2025-01-30
1253,Cliente_394,Cuenta,Baja,Carlos M.,26,2,Resuelto,2024-03-03
1254,Cliente_67,Entrega,Alta,Fernanda P.,55,4,Resuelto,2024-01-15
1255,Cliente_233,Técnico,Baja,Ana L.,50,4,Escalado,2025-02-25
1256,Cliente_109,Facturación,Baja,Ana L.,35,1,Resuelto,2024-08-03
1257,Cliente_146,Producto,Media,Carlos M.,41,1,Resuelto,2024-05-13
1258,Cliente_111,Técnico,Baja,Carlos M.,72,3,En espera,2024-10-20
1259,Cliente_228,Entrega,Alta,Ana L.,11,2,Resuelto,2025-06-10
1260,Cliente_111,Cuenta,Media,Fernanda P.,8,5,Resuelto,2024-11-23
1261,Cliente_470,Facturación,Baja,Fernanda P.,54,1,Resuelto,2025-06-24
1262,Cliente_34,Cuenta,Baja,Fernanda P.,1,2,Abierto,2024-09-14
1263,Cliente_111,Producto,Media,Carlos M.,20,1,Resuelto,2025-03-17
1264,Cliente_264,Técnico,Alta,Fernanda P.,34,1,Resuelto,2025-08-22
1265,Cliente_424,Técnico,Media,Carlos M.,57,4,Resuelto,2024-06-10
1266,Cliente_369,Entrega,Media,Carlos M.,13,2,Resuelto,2025-03-02
1267,Cliente_236,Técnico,Alta,Carlos M.,54,4,Resuelto,2024-01-24
1268,Cliente_83,Facturación,Media,Ana L.,53,4,Resuelto,2024-08-28
1269,Cliente_42,Producto,Baja,Fernanda P.,52,2,Abierto,2024-04-11
1270,Cliente_425,Cuenta,Media,Carlos M.,6,4,Resuelto,2024-10-07
1271,Cliente_101,Producto,Media,Fernanda P.,36,3,Resuelto,2025-02-28
1272,Cliente_6,Técnico,Alta,Ana L.,25,5,Resuelto,2025-06-28
1273,Cliente_180,Cuenta,Media,Fernanda P.,58,5,Resuelto,2024-10-25
1274,Cliente_282,Entrega,Crítica,Ana L.,55,3,Resuelto,2024-01-17
1275,Cliente_320,Producto,Baja,Carlos M.,3,1,Escalado,2024-01-07
1276,Cliente_226,Cuenta,Crítica,Carlos M.,28,4,Resuelto,2025-06-22
1277,Cliente_443,Cuenta,Media,Ana L.,68,5,Resuelto,2025-07-01
1278,Cliente_440,Cuenta,Media,Carlos M.,38,2,Resuelto,2025-02-06
1279,Cliente_315,Facturación,Baja,Fernanda P.,34,1,Resuelto,2024-09-27
1280,Cliente_365,Producto,Media,Fernanda P.,13,5,Resuelto,2024-03-10
1281,Cliente_454,Cuenta,Alta,Ana L.,5,4,Resuelto,2024-07-03
1282,Cliente_229,Producto,Alta,Fernanda P.,60,5,Resuelto,2024-08-15
1283,Cliente_377,Cuenta,Baja,Carlos M.,17,4,En espera,2024-03-09
1284,Cliente_289,Entrega,Media,Carlos M.,57,1,En espera,2025-07-18
1285,Cliente_437,Entrega,Baja,Carlos M.,31,3,Resuelto,2024-08-24
1286,Cliente_150,Entrega,Crítica,Fernanda P.,65,4,Resuelto,2024-07-15
1287,Cliente_277,Técnico,Alta,Carlos M.,66,4,En espera,2025-05-28
1288,Cliente_198,Cuenta,Baja,Fernanda P.,33,1,Resuelto,2024-04-16
1289,Cliente_70,Técnico,Alta,Ana L.,4,1,Resuelto,2024-05-25
1290,Cliente_112,Producto,Crítica,Carlos M.,55,2,Resuelto,2024-06-08
1291,Cliente_4,Técnico,Media,Ana L.,24,1,Resuelto,2024-08-26
1292,Cliente_350,Producto,Alta,Fernanda P.,32,5,Resuelto,2025-01-03
1293,Cliente_331,Producto,Media,Fernanda P.,47,4,Resuelto,2024-05-05
1294,Cliente_446,Producto,Media,Ana L.,16,3,Resuelto,2024-06-05
1295,Cliente_318,Técnico,Media,Carlos M.,21,1,En espera,2025-04-12
1296,Cliente_350,Cuenta,Media,Carlos M.,67,4,Resuelto,2025-04-11
1297,Cliente_95,Técnico,Media,Carlos M.,31,3,Resuelto,2024-11-11
1298,Cliente_152,Cuenta,Baja,Ana L.,14,2,Resuelto,2024-12-07
1299,Cliente_311,Cuenta,Alta,Fernanda P.,6,5,Resuelto,2024-06-03
1300,Cliente_137,Producto,Media,Ana L.,69,2,Resuelto,2024-05-15
1301,Cliente_247,Técnico,Media,Fernanda P.,29,1,Resuelto,2025-03-31
1302,Cliente_387,Cuenta,Alta,Carlos M.,55,5,Resuelto,2024-02-01
1303,Cliente_243,Entrega,Media,Carlos M.,37,2,Resuelto,2024-01-15
1304,Cliente_31,Cuenta,Media,Fernanda P.,59,4,En espera,2024-05-07
1305,Cliente_40,Entrega,Crítica,Carlos M.,36,1,Resuelto,2025-01-13
1306,Cliente_229,Técnico,Alta,Ana L.,59,2,Resuelto,2025-02-27
1307,Cliente_36,Técnico,Baja,Fernanda P.,64,5,Escalado,2024-04-05
1308,Cliente_408,Técnico,Media,Carlos M.,43,5,Abierto,2024-11-08
1309,Cliente_223,Cuenta,Crítica,Carlos M.,42,3,Escalado,2024-04-27
1310,Cliente_6,Facturación,Media,Carlos M.,60,5,Escalado,2025-06-05
1311,Cliente_322,Cuenta,Media,Carlos M.,62,5,Resuelto,2024-04-26
1312,Cliente_468,Cuenta,Baja,Fernanda P.,64,1,Resuelto,2024-12-13
1313,Cliente_220,Producto,Baja,Fernanda P.,58,5,Abierto,2024-06-28
1314,Cliente_75,Producto,Alta,Carlos M.,2,3,Resuelto,2024-08-11
1315,Cliente_4,Cuenta,Alta,Ana L.,71,5,Resuelto,2024-08-11
1316,Cliente_335,Entrega,Crítica,Ana L.,8,3,Resuelto,2024-09-04
1317,Cliente_134,Producto,Alta,Ana L.,56,4,Resuelto,2024-09-10
1318,Cliente_118,Cuenta,Baja,Ana L.,36,3,Resuelto,2024-11-14
1319,Cliente_369,Facturación,Baja,Fernanda P.,69,1,Resuelto,2025-07-06
1320,Cliente_94,Entrega,Crítica,Fernanda P.,13,2,Resuelto,2025-07-05
1321,Cliente_486,Técnico,Media,Ana L.,39,2,En espera,2024-01-25
1322,Cliente_435,Cuenta,Media,Fernanda P.,6,4,En espera,2024-05-17
1323,Cliente_62,Cuenta,Crítica,Ana L.,19,1,Resuelto,2024-01-09
1324,Cliente_441,Entrega,Media,Carlos M.,25,4,Resuelto,2025-07-22
1325,Cliente_194,Producto,Baja,Carlos M.,3,4,Resuelto,2024-10-28
1326,Cliente_335,Producto,Alta,Ana L.,53,5,Resuelto,2024-06-19
1327,Cliente_203,Producto,Crítica,Fernanda P.,28,5,Resuelto,2025-05-26
1328,Cliente_392,Técnico,Baja,Ana L.,26,1,Resuelto,2025-01-03
1329,Cliente_26,Entrega,Alta,Fernanda P.,47,2,Resuelto,2025-05-25
1330,Cliente_435,Entrega,Media,Carlos M.,8,3,Resuelto,2025-01-09
1331,Cliente_173,Producto,Media,Fernanda P.,57,5,Resuelto,2024-07-22
1332,Cliente_300,Producto,Crítica,Ana L.,55,1,Escalado,2024-02-26
1333,Cliente_133,Facturación,Crítica,Carlos M.,1,1,Resuelto,2024-01-25
1334,Cliente_326,Facturación,Baja,Carlos M.,40,2,Resuelto,2025-01-25
1335,Cliente_410,Cuenta,Baja,Fernanda P.,23,1,Escalado,2024-02-24
1336,Cliente_118,Cuenta,Baja,Carlos M.,54,1,Escalado,2024-05-26
1337,Cliente_324,Entrega,Media,Carlos M.,42,2,Resuelto,2025-06-27
1338,Cliente_275,Entrega,Baja,Fernanda P.,50,5,Resuelto,2024-03-27
1339,Cliente_212,Técnico,Media,Carlos M.,4,2,Resuelto,2024-03-12
1340,Cliente_225,Técnico,Baja,Ana L.,8,4,Resuelto,2025-06-17
1341,Cliente_20,Facturación,Media,Fernanda P.,36,5,Resuelto,2024-05-15
1342,Cliente_113,Cuenta,Baja,Fernanda P.,10,4,Resuelto,2024-02-15
1343,Cliente_140,Facturación,Alta,Fernanda P.,30,1,Abierto,2025-05-31
1344,Cliente_47,Facturación,Baja,Fernanda P.,16,4,Resuelto,2024-01-12
1345,Cliente_1,Cuenta,Media,Ana L.,30,2,Abierto,2024-01-27
1346,Cliente_90,Técnico,Alta,Fernanda P.,64,2,Resuelto,2024-03-24
1347,Cliente_142,Cuenta,Alta,Ana L.,11,3,Resuelto,2025-07-01
1348,Cliente_320,Producto,Baja,Fernanda P.,34,1,Resuelto,2024-02-21
1349,Cliente_38,Producto,Baja,Fernanda P.,55,2,Resuelto,2024-03-14
1350,Cliente_293,Producto,Alta,Carlos M.,4,5,Resuelto,2025-05-04
1351,Cliente_382,Entrega,Media,Carlos M.,49,2,Resuelto,2025-03-30
1352,Cliente_139,Técnico,Alta,Ana L.,44,5,Resuelto,2024-09-04
1353,Cliente_356,Técnico,Media,Carlos M.,31,1,Resuelto,2024-01-12
1354,Cliente_333,Entrega,Media,Fernanda P.,48,3,Resuelto,2025-07-20
1355,Cliente_491,Facturación,Media,Ana L.,26,3,Resuelto,2024-12-01
1356,Cliente_259,Producto,Alta,Carlos M.,70,4,Resuelto,2024-09-10
1357,Cliente_161,Producto,Crítica,Fernanda P.,12,2,Resuelto,2024-04-13
1358,Cliente_390,Facturación,Baja,Carlos M.,45,1,Resuelto,2024-11-10
1359,Cliente_178,Cuenta,Media,Carlos M.,8,4,Resuelto,2024-03-08
1360,Cliente_10,Cuenta,Baja,Carlos M.,9,1,Resuelto,2025-05-15
1361,Cliente_261,Técnico,Media,Carlos M.,1,1,Resuelto,2024-06-20
1362,Cliente_407,Entrega,Alta,Fernanda P.,5,4,Abierto,2024-05-22
1363,Cliente_138,Técnico,Media,Carlos M.,71,1,Resuelto,2024-07-15
1364,Cliente_172,Cuenta,Crítica,Ana L.,54,4,Resuelto,2024-06-21
1365,Cliente_386,Facturación,Media,Ana L.,24,2,Resuelto,2025-06-05
1366,Cliente_13,Técnico,Crítica,Carlos M.,26,4,Escalado,2024-07-08
1367,Cliente_168,Producto,Alta,Ana L.,10,2,Resuelto,2024-01-12
1368,Cliente_130,Producto,Baja,Carlos M.,61,3,Resuelto,2024-01-29
1369,Cliente_84,Facturación,Baja,Fernanda P.,40,4,Escalado,2025-07-08
1370,Cliente_321,Cuenta,Media,Fernanda P.,44,3,Resuelto,2024-03-28
1371,Cliente_319,Producto,Baja,Ana L.,12,4,Resuelto,2025-04-17
1372,Cliente_101,Producto,Media,Ana L.,22,1,Resuelto,2024-04-20
1373,Cliente_329,Entrega,Media,Carlos M.,27,3,Resuelto,2025-02-24
1374,Cliente_273,Técnico,Crítica,Carlos M.,67,5,Resuelto,2024-03-09
1375,Cliente_265,Cuenta,Media,Carlos M.,69,5,Resuelto,2024-04-28
1376,Cliente_459,Técnico,Alta,Fernanda P.,14,5,Resuelto,2025-02-27
1377,Cliente_399,Cuenta,Crítica,Carlos M.,25,3,Resuelto,2024-09-03
1378,Cliente_408,Producto,Alta,Fernanda P.,52,2,Abierto,2024-01-22
1379,Cliente_38,Entrega,Baja,Ana L.,59,4,Escalado,2025-02-02
1380,Cliente_419,Técnico,Media,Fernanda P.,38,1,Resuelto,2025-05-12
1381,Cliente_94,Producto,Media,Ana L.,20,1,Resuelto,2024-11-21
1382,Cliente_95,Cuenta,Media,Fernanda P.,20,3,Abierto,2024-07-10
1383,Cliente_305,Técnico,Media,Fernanda P.,56,5,Resuelto,2024-12-17
1384,Cliente_69,Técnico,Alta,Carlos M.,30,1,Abierto,2025-02-07
1385,Cliente_318,Producto,Media,Ana L.,41,1,Resuelto,2025-03-02
1386,Cliente_444,Técnico,Media,Fernanda P.,71,2,Escalado,2024-11-18
1387,Cliente_236,Entrega,Crítica,Fernanda P.,63,1,Resuelto,2025-08-16
1388,Cliente_434,Entrega,Baja,Ana L.,69,1,Resuelto,2024-08-14
1389,Cliente_334,Producto,Media,Fernanda P.,29,4,Resuelto,2024-06-28
1390,Cliente_373,Cuenta,Alta,Ana L.,44,1,Resuelto,2025-04-22
1391,Cliente_376,Producto,Baja,Ana L.,57,4,Escalado,2025-02-18
1392,Cliente_459,Entrega,Media,Ana L.,24,5,Escalado,2024-11-08
1393,Cliente_137,Facturación,Baja,Fernanda P.,19,2,En espera,2024-06-02
1394,Cliente_418,Facturación,Alta,Fernanda P.,17,1,Resuelto,2024-02-05
1395,Cliente_76,Técnico,Media,Carlos M.,69,2,Abierto,2024-05-01
1396,Cliente_483,Técnico,Media,Ana L.,61,2,Resuelto,2024-06-30
1397,Cliente_35,Facturación,Media,Fernanda P.,4,2,Escalado,2025-03-01
1398,Cliente_1,Entrega,Baja,Fernanda P.,22,3,Resuelto,2024-04-13
1399,Cliente_296,Técnico,Baja,Ana L.,6,4,Resuelto,2024-03-22
1400,Cliente_320,Producto,Media,Ana L.,30,2,En espera,2025-06-19
1401,Cliente_406,Producto,Media,Ana L.,11,5,Abierto,2024-12-03
1402,Cliente_60,Entrega,Media,Carlos M.,48,1,En espera,2024-04-12
1403,Cliente_320,Técnico,Media,Carlos M.,46,2,Resuelto,2024-09-20
1404,Cliente_349,Producto,Media,Carlos M.,27,2,En espera,2024-08-18
1405,Cliente_328,Técnico,Media,Ana L.,19,1,Resuelto,2024-06-30
1406,Cliente_267,Técnico,Media,Fernanda P.,59,5,Resuelto,2024-08-14
1407,Cliente_361,Producto,Baja,Ana L.,68,2,Resuelto,2025-05-14
1408,Cliente_229,Facturación,Alta,Fernanda P.,54,2,Abierto,2025-05-25
1409,Cliente_270,Producto,Alta,Carlos M.,17,5,Resuelto,2024-01-03
1410,Cliente_316,Entrega,Baja,Carlos M.,50,2,Resuelto,2025-04-20
1411,Cliente_286,Cuenta,Media,Carlos M.,40,5,Resuelto,2024-11-25
1412,Cliente_291,Producto,Media,Fernanda P.,11,2,Abierto,2024-11-16
1413,Cliente_213,Técnico,Media,Fernanda P.,14,1,Resuelto,2025-07-01
1414,Cliente_165,Técnico,Media,Ana L.,13,5,Resuelto,2024-07-02
1415,Cliente_5,Producto,Baja,Ana L.,28,1,Resuelto,2024-06-28
1416,Cliente_339,Cuenta,Alta,Ana L.,44,1,Resuelto,2024-05-04
1417,Cliente_379,Producto,Baja,Carlos M.,63,2,Resuelto,2025-03-15
1418,Cliente_78,Cuenta,Media,Ana L.,61,5,En espera,2025-01-29
1419,Cliente_410,Cuenta,Alta,Carlos M.,17,3,Resuelto,2025-01-19
1420,Cliente_62,Entrega,Media,Fernanda P.,50,1,Resuelto,2024-04-21
1421,Cliente_132,Técnico,Baja,Carlos M.,26,1,Resuelto,2024-07-20
1422,Cliente_89,Técnico,Crítica,Carlos M.,7,1,Resuelto,2024-11-23
1423,Cliente_237,Cuenta,Alta,Carlos M.,16,2,Resuelto,2025-02-11
1424,Cliente_42,Técnico,Alta,Fernanda P.,17,2,Escalado,2025-08-11
1425,Cliente_89,Facturación,Media,Fernanda P.,35,1,Resuelto,2024-09-21
1426,Cliente_402,Cuenta,Baja,Ana L.,23,2,Resuelto,2025-03-18
1427,Cliente_296,Técnico,Crítica,Ana L.,69,2,Resuelto,2024-09-10
1428,Cliente_328,Facturación,Media,Ana L.,9,2,Resuelto,2024-03-10
1429,Cliente_295,Entrega,Alta,Fernanda P.,18,4,Resuelto,2025-06-18
1430,Cliente_104,Técnico,Media,Fernanda P.,48,5,Escalado,2024-12-07
1431,Cliente_14,Facturación,Media,Fernanda P.,72,2,Resuelto,2024-07-31
1432,Cliente_288,Producto,Crítica,Fernanda P.,66,4,Resuelto,2024-05-02
1433,Cliente_179,Producto,Media,Fernanda P.,23,4,Abierto,2025-06-20
1434,Cliente_125,Facturación,Baja,Carlos M.,10,2,En espera,2025-07-03
1435,Cliente_422,Cuenta,Baja,Ana L.,38,4,Resuelto,2024-07-13
1436,Cliente_353,Cuenta,Media,Carlos M.,59,3,Resuelto,2024-09-26
1437,Cliente_23,Técnico,Baja,Ana L.,68,4,Resuelto,2025-05-04
1438,Cliente_63,Producto,Media,Carlos M.,43,5,En espera,2024-03-06
1439,Cliente_143,Cuenta,Media,Fernanda P.,12,4,Resuelto,2024-07-17
1440,Cliente_481,Cuenta,Alta,Ana L.,53,2,Resuelto,2024-05-21
1441,Cliente_153,Producto,Media,Carlos M.,14,1,Abierto,2024-08-28
1442,Cliente_145,Entrega,Crítica,Ana L.,52,3,Resuelto,2024-07-27
1443,Cliente_225,Cuenta,Baja,Fernanda P.,72,4,Resuelto,2024-05-05
1444,Cliente_495,Facturación,Media,Fernanda P.,61,3,Resuelto,2024-09-22
1445,Cliente_450,Técnico,Baja,Ana L.,41,5,Resuelto,2024-12-20
1446,Cliente_462,Cuenta,Alta,Ana L.,21,4,Escalado,2024-06-24
1447,Cliente_309,Cuenta,Crítica,Fernanda P.,48,4,Resuelto,2025-01-21
1448,Cliente_104,Entrega,Alta,Fernanda P.,56,3,Resuelto,2024-02-16
1449,Cliente_104,Facturación,Media,Fernanda P.,35,4,Escalado,2025-07-25
1450,Cliente_435,Técnico,Media,Carlos M.,44,4,Resuelto,2024-06-15
1451,Cliente_39,Cuenta,Alta,Ana L.,39,1,Resuelto,2025-07-08
1452,Cliente_435,Técnico,Crítica,Fernanda P.,15,3,Resuelto,2025-07-11
1453,Cliente_198,Producto,Crítica,Ana L.,12,2,Escalado,2024-08-04
1454,Cliente_134,Cuenta,Media,Carlos M.,8,2,En espera,2024-10-25
1455,Cliente_67,Cuenta,Crítica,Carlos M.,67,5,Resuelto,2024-12-04
1456,Cliente_391,Producto,Baja,Fernanda P.,1,1,Resuelto,2024-04-12
1457,Cliente_179,Entrega,Baja,Ana L.,42,3,Escalado,2024-03-26
1458,Cliente_456,Cuenta,Baja,Carlos M.,31,3,Resuelto,2024-08-13
1459,Cliente_42,Técnico,Baja,Ana L.,30,1,Resuelto,2025-05-15
1460,Cliente_448,Facturación,Alta,Ana L.,43,1,Resuelto,2025-01-02
1461,Cliente_500,Técnico,Alta,Fernanda P.,26,5,Abierto,2024-01-03
1462,Cliente_15,Entrega,Alta,Carlos M.,12,2,Escalado,2024-11-15
1463,Cliente_111,Facturación,Media,Carlos M.,59,3,En espera,2024-01-24
1464,Cliente_157,Técnico,Media,Carlos M.,69,1,Escalado,2025-04-18
1465,Cliente_289,Técnico,Alta,Ana L.,11,3,En espera,2025-06-08
1466,Cliente_500,Producto,Media,Carlos M.,47,2,Resuelto,2024-08-05
1467,Cliente_478,Entrega,Alta,Carlos M.,23,3,Resuelto,2025-05-10
1468,Cliente_231,Producto,Media,Ana L.,43,3,En espera,2025-08-12
1469,Cliente_411,Facturación,Media,Carlos M.,39,1,Resuelto,2024-04-11
1470,Cliente_420,Producto,Media,Carlos M.,55,1,Abierto,2024-01-30
1471,Cliente_157,Entrega,Alta,Ana L.,18,1,En espera,2025-04-11
1472,Cliente_38,Cuenta,Baja,Carlos M.,42,2,Resuelto,2024-07-21
1473,Cliente_441,Cuenta,Media,Fernanda P.,26,4,Resuelto,2024-06-01
1474,Cliente_97,Facturación,Alta,Ana L.,18,2,Resuelto,2024-02-12
1475,Cliente_485,Cuenta,Media,Carlos M.,41,1,Resuelto,2025-02-17
1476,Cliente_411,Producto,Alta,Fernanda P.,42,5,Abierto,2025-07-05
1477,Cliente_439,Facturación,Media,Ana L.,33,3,Resuelto,2025-03-18
1478,Cliente_289,Entrega,Media,Carlos M.,43,3,Escalado,2024-05-30
1479,Cliente_254,Facturación,Alta,Ana L.,14,3,Resuelto,2024-02-13
1480,Cliente_196,Facturación,Media,Fernanda P.,55,3,Abierto,2025-08-15
1481,Cliente_86,Técnico,Media,Ana L.,58,5,Resuelto,2024-09-13
1482,Cliente_322,Técnico,Media,Carlos M.,10,1,Resuelto,2025-05-04
1483,Cliente_10,Facturación,Baja,Fernanda P.,28,4,Resuelto,2024-04-12
1484,Cliente_5,Cuenta,Media,Ana L.,14,3,Resuelto,2025-07-06
1485,Cliente_123,Técnico,Baja,Carlos M.,26,4,Resuelto,2024-07-26
1486,Cliente_330,Entrega,Alta,Carlos M.,17,2,Escalado,2025-01-28
1487,Cliente_353,Producto,Alta,Fernanda P.,34,2,Resuelto,2024-04-17
1488,Cliente_118,Técnico,Baja,Fernanda P.,14,3,Resuelto,2024-11-24
1489,Cliente_294,Facturación,Media,Ana L.,26,1,Abierto,2024-11-29
1490,Cliente_397,Cuenta,Media,Carlos M.,34,5,En espera,2025-05-22
1491,Cliente_159,Producto,Baja,Fernanda P.,24,3,Resuelto,2025-07-22
1492,Cliente_303,Técnico,Baja,Carlos M.,70,2,Resuelto,2025-08-19
1493,Cliente_228,Cuenta,Media,Ana L.,20,2,Resuelto,2025-03-01
1494,Cliente_365,Cuenta,Media,Fernanda P.,39,4,Resuelto,2025-07-31
1495,Cliente_216,Cuenta,Media,Ana L.,45,5,Resuelto,2025-08-04
1496,Cliente_436,Facturación,Media,Ana L.,34,3,Resuelto,2024-08-20
1497,Cliente_184,Entrega,Alta,Fernanda P.,22,1,Resuelto,2025-03-26
1498,Cliente_15,Cuenta,Alta,Ana L.,71,4,Resuelto,2024-09-23
1499,Cliente_157,Producto,Media,Carlos M.,33,5,Resuelto,2025-05-30
1500,Cliente_136,Técnico,Alta,Fernanda P.,6,4,Resuelto,2025-08-13
1501,Cliente_261,Producto,Media,Carlos M.,16,1,Resuelto,2025-01-13
1502,Cliente_157,Facturación,Alta,Ana L.,72,2,Resuelto,2025-04-28
1503,Cliente_47,Facturación,Media,Fernanda P.,23,3,Resuelto,2024-03-19
1504,Cliente_324,Producto,Alta,Carlos M.,18,3,Resuelto,2024-08-29
1505,Cliente_332,Entrega,Media,Carlos M.,14,1,En espera,2025-02-09
1506,Cliente_173,Facturación,Baja,Carlos M.,50,3,Resuelto,2024-10-02
1507,Cliente_130,Facturación,Media,Carlos M.,61,3,Abierto,2024-06-26
1508,Cliente_411,Producto,Media,Carlos M.,36,4,Resuelto,2025-06-26
1509,Cliente_95,Facturación,Media,Ana L.,15,1,Resuelto,2024-11-26
1510,Cliente_115,Entrega,Media,Ana L.,5,4,Resuelto,2025-04-28
1511,Cliente_243,Entrega,Alta,Ana L.,53,3,Resuelto,2025-07-06
1512,Cliente_420,Entrega,Media,Ana L.,48,5,Resuelto,2025-05-30
1513,Cliente_292,Técnico,Media,Ana L.,11,5,Resuelto,2024-09-26
1514,Cliente_282,Entrega,Baja,Ana L.,2,4,Resuelto,2024-06-22
1515,Cliente_299,Entrega,Crítica,Ana L.,24,2,Resuelto,2025-04-21
1516,Cliente_283,Técnico,Alta,Carlos M.,68,2,Resuelto,2024-04-01
1517,Cliente_69,Cuenta,Alta,Ana L.,12,1,Resuelto,2025-05-24
1518,Cliente_148,Facturación,Media,Carlos M.,59,5,Escalado,2025-08-21
1519,Cliente_11,Entrega,Media,Fernanda P.,67,5,Resuelto,2025-06-28
1520,Cliente_254,Facturación,Baja,Ana L.,32,4,Resuelto,2025-02-17
1521,Cliente_330,Producto,Media,Carlos M.,36,3,Escalado,2024-05-16
1522,Cliente_360,Facturación,Baja,Fernanda P.,21,1,Resuelto,2024-03-29
1523,Cliente_38,Técnico,Media,Fernanda P.,70,4,Escalado,2025-08-16
1524,Cliente_134,Facturación,Media,Carlos M.,66,2,Resuelto,2024-02-12
1525,Cliente_200,Facturación,Media,Carlos M.,9,3,Resuelto,2024-12-09
1526,Cliente_23,Facturación,Media,Carlos M.,44,1,Resuelto,2024-10-22
1527,Cliente_303,Cuenta,Alta,Ana L.,59,3,Resuelto,2024-12-06
1528,Cliente_346,Cuenta,Baja,Fernanda P.,24,2,Resuelto,2024-11-13
1529,Cliente_302,Producto,Alta,Ana L.,63,4,Resuelto,2024-02-04
1530,Cliente_363,Técnico,Baja,Ana L.,41,4,Resuelto,2024-06-19
1531,Cliente_396,Facturación,Baja,Ana L.,2,5,Resuelto,2025-06-06
1532,Cliente_218,Facturación,Baja,Fernanda P.,28,4,Resuelto,2025-01-20
1533,Cliente_141,Facturación,Alta,Fernanda P.,16,5,Escalado,2024-11-30
1534,Cliente_104,Facturación,Media,Fernanda P.,59,4,Resuelto,2024-03-19
1535,Cliente_446,Cuenta,Alta,Carlos M.,1,1,Abierto,2024-05-12
1536,Cliente_210,Producto,Media,Ana L.,1,2,Resuelto,2025-01-06
1537,Cliente_473,Entrega,Baja,Carlos M.,31,3,Resuelto,2024-06-16
1538,Cliente_481,Técnico,Alta,Carlos M.,22,2,Resuelto,2024-08-23
1539,Cliente_111,Facturación,Baja,Ana L.,59,2,En espera,2025-06-16
1540,Cliente_104,Producto,Alta,Fernanda P.,28,5,En espera,2025-05-07
1541,Cliente_316,Entrega,Baja,Ana L.,27,5,Resuelto,2024-11-22
1542,Cliente_171,Producto,Media,Carlos M.,1,1,Resuelto,2024-06-03
1543,Cliente_460,Cuenta,Alta,Fernanda P.,2,3,Resuelto,2024-03-06
1544,Cliente_492,Entrega,Crítica,Fernanda P.,66,4,Resuelto,2025-06-21
1545,Cliente_356,Producto,Media,Carlos M.,49,4,Resuelto,2024-12-30
1546,Cliente_496,Cuenta,Alta,Fernanda P.,19,2,En espera,2024-07-18
1547,Cliente_324,Producto,Baja,Fernanda P.,28,1,Resuelto,2025-05-26
1548,Cliente_133,Producto,Alta,Ana L.,70,3,En espera,2025-05-26
1549,Cliente_376,Entrega,Media,Ana L.,39,4,Resuelto,2025-05-12
1550,Cliente_293,Cuenta,Baja,Carlos M.,19,2,Abierto,2024-02-09
1551,Cliente_328,Facturación,Media,Carlos M.,64,1,Resuelto,2024-09-28
1552,Cliente_127,Técnico,Baja,Carlos M.,58,3,Resuelto,2024-08-11
1553,Cliente_106,Entrega,Media,Fernanda P.,17,2,Resuelto,2024-06-08
1554,Cliente_497,Cuenta,Baja,Carlos M.,70,2,Resuelto,2024-02-04
1555,Cliente_92,Producto,Media,Ana L.,41,1,Resuelto,2025-02-02
1556,Cliente_287,Cuenta,Crítica,Fernanda P.,5,1,Abierto,2025-03-01
1557,Cliente_378,Técnico,Baja,Carlos M.,23,1,Abierto,2024-04-30
1558,Cliente_393,Técnico,Media,Fernanda P.,69,1,Resuelto,2025-03-09
1559,Cliente_51,Facturación,Media,Fernanda P.,10,3,Resuelto,2025-02-19
1560,Cliente_29,Facturación,Crítica,Fernanda P.,68,1,Escalado,2024-10-12
1561,Cliente_462,Técnico,Media,Carlos M.,12,1,Resuelto,2025-02-11
1562,Cliente_296,Entrega,Media,Fernanda P.,10,1,En espera,2025-02-08
1563,Cliente_297,Entrega,Media,Fernanda P.,60,3,Resuelto,2024-06-18
1564,Cliente_214,Producto,Baja,Fernanda P.,30,4,En espera,2025-05-22
1565,Cliente_267,Facturación,Baja,Ana L.,24,2,Resuelto,2024-12-01
1566,Cliente_407,Producto,Media,Carlos M.,69,5,Resuelto,2025-05-02
1567,Cliente_257,Facturación,Baja,Ana L.,13,2,Resuelto,2024-08-18
1568,Cliente_302,Técnico,Media,Fernanda P.,9,3,Abierto,2024-04-09
1569,Cliente_101,Entrega,Media,Fernanda P.,18,1,Resuelto,2024-01-02
1570,Cliente_405,Entrega,Media,Ana L.,35,3,Abierto,2025-05-23
1571,Cliente_346,Técnico,Baja,Fernanda P.,4,4,Resuelto,2025-06-11
1572,Cliente_110,Producto,Crítica,Ana L.,41,5,Abierto,2024-09-19
1573,Cliente_420,Producto,Alta,Fernanda P.,26,4,Resuelto,2025-02-02
1574,Cliente_182,Cuenta,Baja,Fernanda P.,44,1,Resuelto,2024-01-23
1575,Cliente_471,Facturación,Media,Fernanda P.,42,3,En espera,2024-09-03
1576,Cliente_313,Producto,Media,Fernanda P.,10,3,En espera,2024-09-13
1577,Cliente_1,Técnico,Baja,Carlos M.,1,1,Resuelto,2024-03-09
1578,Cliente_319,Producto,Media,Carlos M.,54,1,Escalado,2025-07-17
1579,Cliente_438,Entrega,Baja,Carlos M.,16,5,Resuelto,2025-01-31
1580,Cliente_55,Facturación,Crítica,Ana L.,46,4,Resuelto,2025-07-20
1581,Cliente_371,Cuenta,Alta,Ana L.,13,1,Resuelto,2024-10-11
1582,Cliente_424,Facturación,Media,Ana L.,64,1,Resuelto,2024-05-25
1583,Cliente_399,Entrega,Media,Ana L.,55,4,Resuelto,2025-01-20
1584,Cliente_149,Entrega,Crítica,Carlos M.,63,1,Resuelto,2024-10-09
1585,Cliente_431,Entrega,Crítica,Ana L.,18,5,Resuelto,2025-07-15
1586,Cliente_457,Entrega,Crítica,Ana L.,61,5,Resuelto,2024-10-24
1587,Cliente_309,Técnico,Baja,Ana L.,20,4,Resuelto,2025-05-15
1588,Cliente_137,Cuenta,Baja,Fernanda P.,65,2,Resuelto,2024-08-09
1589,Cliente_202,Entrega,Media,Ana L.,64,5,Resuelto,2024-05-17
1590,Cliente_436,Entrega,Media,Fernanda P.,64,3,Resuelto,2025-06-04
1591,Cliente_313,Producto,Baja,Ana L.,13,3,Escalado,2025-05-29
1592,Cliente_117,Cuenta,Baja,Ana L.,68,2,Resuelto,2024-12-07
1593,Cliente_154,Facturación,Alta,Fernanda P.,70,5,En espera,2024-02-07
1594,Cliente_425,Cuenta,Alta,Ana L.,57,1,Resuelto,2025-04-03
1595,Cliente_291,Cuenta,Media,Fernanda P.,45,2,Resuelto,2024-03-10
1596,Cliente_63,Cuenta,Alta,Ana L.,38,1,Resuelto,2025-08-03
1597,Cliente_244,Entrega,Media,Ana L.,54,3,Resuelto,2024-01-02
1598,Cliente_25,Entrega,Alta,Fernanda P.,36,2,Escalado,2024-05-15
1599,Cliente_90,Técnico,Media,Carlos M.,67,5,Resuelto,2024-07-31
1600,Cliente_75,Facturación,Baja,Fernanda P.,11,3,Resuelto,2024-03-23
1601,Cliente_294,Producto,Media,Carlos M.,27,5,Resuelto,2024-12-20
1602,Cliente_386,Cuenta,Media,Fernanda P.,17,1,Resuelto,2024-05-20
1603,Cliente_391,Facturación,Media,Carlos M.,33,5,En espera,2025-08-22
1604,Cliente_210,Facturación,Baja,Ana L.,5,2,Resuelto,2025-01-30
1605,Cliente_475,Técnico,Crítica,Carlos M.,62,1,Resuelto,2024-08-28
1606,Cliente_418,Producto,Baja,Ana L.,65,2,Escalado,2024-10-27
1607,Cliente_347,Cuenta,Baja,Fernanda P.,71,1,Resuelto,2024-05-20
1608,Cliente_17,Producto,Media,Carlos M.,67,2,Resuelto,2024-05-31
1609,Cliente_128,Técnico,Media,Ana L.,44,3,Resuelto,2024-08-01
1610,Cliente_427,Entrega,Media,Fernanda P.,14,2,Resuelto,2025-04-18
1611,Cliente_443,Facturación,Alta,Carlos M.,57,3,Resuelto,2024-07-07
1612,Cliente_364,Cuenta,Media,Ana L.,48,4,Resuelto,2024-05-12
1613,Cliente_251,Entrega,Media,Carlos M.,17,5,Escalado,2024-03-20
1614,Cliente_179,Técnico,Alta,Carlos M.,44,1,Abierto,2024-04-10
1615,Cliente_182,Producto,Baja,Ana L.,4,5,Resuelto,2024-12-23
1616,Cliente_152,Facturación,Media,Ana L.,30,3,Resuelto,2024-03-04
1617,Cliente_25,Cuenta,Alta,Fernanda P.,55,3,Resuelto,2025-06-07
1618,Cliente_455,Entrega,Baja,Ana L.,30,3,Resuelto,2024-12-30
1619,Cliente_180,Entrega,Media,Ana L.,18,2,Resuelto,2024-04-18
1620,Cliente_198,Facturación,Crítica,Carlos M.,44,5,Abierto,2024-07-05
1621,Cliente_344,Producto,Media,Ana L.,62,3,Resuelto,2025-02-08
1622,Cliente_161,Técnico,Media,Carlos M.,31,4,En espera,2024-12-17
1623,Cliente_177,Producto,Crítica,Carlos M.,16,3,Resuelto,2024-07-24
1624,Cliente_285,Producto,Baja,Ana L.,23,5,Resuelto,2024-02-16
1625,Cliente_63,Producto,Baja,Ana L.,14,3,En espera,2024-04-08
1626,Cliente_491,Facturación,Alta,Ana L.,2,3,Resuelto,2025-05-19
1627,Cliente_150,Facturación,Alta,Ana L.,12,1,En espera,2024-08-21
1628,Cliente_154,Técnico,Media,Fernanda P.,58,3,Resuelto,2025-02-26
1629,Cliente_156,Producto,Media,Carlos M.,56,5,Resuelto,2025-08-12
1630,Cliente_370,Facturación,Alta,Fernanda P.,24,1,Abierto,2024-08-04
1631,Cliente_469,Técnico,Alta,Fernanda P.,37,1,Resuelto,2024-06-22
1632,Cliente_49,Técnico,Baja,Carlos M.,29,3,Resuelto,2025-03-16
1633,Cliente_455,Producto,Baja,Fernanda P.,42,3,Resuelto,2024-04-15
1634,Cliente_337,Cuenta,Media,Ana L.,18,4,Resuelto,2025-02-14
1635,Cliente_84,Producto,Alta,Ana L.,3,5,Resuelto,2025-02-16
1636,Cliente_361,Cuenta,Alta,Ana L.,13,5,Escalado,2024-04-22
1637,Cliente_177,Técnico,Crítica,Ana L.,29,2,Abierto,2024-05-25
1638,Cliente_148,Facturación,Alta,Carlos M.,66,2,Resuelto,2024-03-24
1639,Cliente_118,Entrega,Media,Ana L.,59,5,Resuelto,2025-05-27
1640,Cliente_342,Técnico,Media,Carlos M.,48,3,Resuelto,2025-06-19
1641,Cliente_476,Facturación,Alta,Carlos M.,4,1,En espera,2024-10-24
1642,Cliente_63,Técnico,Alta,Carlos M.,51,4,Resuelto,2024-07-06
1643,Cliente_189,Producto,Media,Carlos M.,5,3,Resuelto,2024-04-20
1644,Cliente_360,Cuenta,Baja,Fernanda P.,39,1,Resuelto,2025-06-19
1645,Cliente_49,Técnico,Crítica,Fernanda P.,41,5,Escalado,2024-02-25
1646,Cliente_327,Facturación,Media,Ana L.,5,3,Resuelto,2025-08-03
1647,Cliente_257,Producto,Media,Carlos M.,8,4,Resuelto,2025-04-18
1648,Cliente_224,Entrega,Media,Ana L.,56,2,Resuelto,2025-06-13
1649,Cliente_141,Producto,Media,Ana L.,25,1,Resuelto,2025-03-24
1650,Cliente_478,Cuenta,Baja,Ana L.,52,3,Resuelto,2025-01-28
1651,Cliente_215,Producto,Alta,Ana L.,52,4,Resuelto,2025-05-22
1652,Cliente_435,Entrega,Baja,Carlos M.,7,3,Resuelto,2025-07-23
1653,Cliente_379,Facturación,Baja,Carlos M.,61,5,Resuelto,2024-06-11
1654,Cliente_440,Técnico,Media,Fernanda P.,47,1,Resuelto,2024-08-06
1655,Cliente_211,Cuenta,Alta,Carlos M.,66,5,Resuelto,2024-11-26
1656,Cliente_318,Entrega,Crítica,Carlos M.,59,5,Resuelto,2025-03-26
1657,Cliente_32,Cuenta,Alta,Ana L.,5,2,Resuelto,2024-10-10
1658,Cliente_158,Producto,Crítica,Carlos M.,44,5,Resuelto,2024-05-18
1659,Cliente_285,Cuenta,Baja,Ana L.,42,4,Resuelto,2025-05-29
1660,Cliente_305,Entrega,Baja,Carlos M.,61,1,Resuelto,2025-05-18
1661,Cliente_429,Técnico,Media,Fernanda P.,63,2,Resuelto,2024-12-21
1662,Cliente_477,Técnico,Baja,Ana L.,50,3,Resuelto,2024-10-07
1663,Cliente_286,Cuenta,Alta,Carlos M.,38,5,Resuelto,2024-01-12
1664,Cliente_144,Facturación,Media,Carlos M.,54,3,Resuelto,2025-03-15
1665,Cliente_424,Cuenta,Crítica,Ana L.,44,2,Resuelto,2025-07-18
1666,Cliente_19,Producto,Baja,Fernanda P.,24,3,Resuelto,2024-04-05
1667,Cliente_18,Técnico,Media,Fernanda P.,63,4,Resuelto,2024-08-19
1668,Cliente_257,Técnico,Media,Carlos M.,39,2,Escalado,2024-04-21
1669,Cliente_78,Técnico,Baja,Carlos M.,12,1,Resuelto,2024-02-16
1670,Cliente_371,Facturación,Media,Carlos M.,63,1,Resuelto,2024-09-10
1671,Cliente_175,Facturación,Media,Ana L.,9,1,Resuelto,2025-06-02
1672,Cliente_498,Entrega,Media,Ana L.,22,1,Resuelto,2025-02-26
1673,Cliente_194,Cuenta,Media,Ana L.,36,2,Resuelto,2024-10-14
1674,Cliente_476,Cuenta,Baja,Carlos M.,28,2,En espera,2024-11-01
1675,Cliente_113,Producto,Media,Fernanda P.,56,2,Resuelto,2025-01-08
1676,Cliente_114,Técnico,Media,Ana L.,29,5,Resuelto,2024-07-13
1677,Cliente_222,Facturación,Baja,Fernanda P.,5,2,Escalado,2024-01-25
1678,Cliente_166,Producto,Media,Carlos M.,4,2,Resuelto,2024-01-06
1679,Cliente_435,Producto,Baja,Ana L.,51,2,Resuelto,2025-04-25
1680,Cliente_319,Facturación,Media,Ana L.,15,1,Resuelto,2024-05-22
1681,Cliente_132,Cuenta,Baja,Ana L.,60,4,Resuelto,2024-06-19
1682,Cliente_385,Técnico,Media,Carlos M.,26,1,Abierto,2025-05-04
1683,Cliente_264,Cuenta,Media,Carlos M.,23,4,Resuelto,2024-04-05
1684,Cliente_413,Producto,Media,Carlos M.,29,4,Abierto,2024-07-13
1685,Cliente_55,Técnico,Alta,Fernanda P.,57,4,Abierto,2024-09-16
1686,Cliente_359,Entrega,Media,Fernanda P.,62,1,Resuelto,2024-08-23
1687,Cliente_131,Producto,Media,Ana L.,59,5,Resuelto,2025-06-01
1688,Cliente_288,Cuenta,Alta,Ana L.,48,3,Resuelto,2024-02-28
1689,Cliente_266,Cuenta,Media,Carlos M.,35,5,En espera,2024-02-21
1690,Cliente_458,Cuenta,Alta,Carlos M.,46,1,Resuelto,2024-05-01
1691,Cliente_467,Facturación,Media,Carlos M.,33,4,Resuelto,2025-06-21
1692,Cliente_366,Producto,Media,Ana L.,71,3,En espera,2024-08-04
1693,Cliente_162,Técnico,Alta,Carlos M.,10,5,Resuelto,2024-03-29
1694,Cliente_380,Cuenta,Baja,Fernanda P.,48,2,Resuelto,2025-03-18
1695,Cliente_481,Cuenta,Media,Fernanda P.,44,5,Resuelto,2024-02-07
1696,Cliente_87,Facturación,Baja,Ana L.,70,1,Resuelto,2024-03-24
1697,Cliente_55,Técnico,Media,Ana L.,63,3,Resuelto,2024-04-17
1698,Cliente_476,Producto,Baja,Fernanda P.,49,2,En espera,2024-01-03
1699,Cliente_288,Entrega,Media,Carlos M.,72,3,Resuelto,2024-10-18
1700,Cliente_178,Facturación,Alta,Ana L.,41,3,Resuelto,2024-01-30
1701,Cliente_391,Producto,Alta,Ana L.,39,5,Resuelto,2024-06-15
1702,Cliente_349,Entrega,Media,Ana L.,23,4,Abierto,2024-04-02
1703,Cliente_8,Cuenta,Crítica,Fernanda P.,13,5,Abierto,2024-08-05
1704,Cliente_321,Cuenta,Media,Ana L.,53,2,Resuelto,2024-03-29
1705,Cliente_313,Técnico,Media,Fernanda P.,70,1,Resuelto,2024-07-06
1706,Cliente_247,Entrega,Alta,Fernanda P.,57,5,Abierto,2024-10-08
1707,Cliente_323,Cuenta,Alta,Carlos M.,67,4,Resuelto,2025-01-23
1708,Cliente_472,Cuenta,Alta,Carlos M.,48,4,Resuelto,2024-05-16
1709,Cliente_471,Técnico,Baja,Carlos M.,20,5,Resuelto,2024-10-14
1710,Cliente_443,Producto,Media,Ana L.,62,2,Resuelto,2024-11-28
1711,Cliente_255,Cuenta,Alta,Fernanda P.,45,4,Resuelto,2025-02-15
1712,Cliente_328,Facturación,Media,Ana L.,63,4,En espera,2025-02-10
1713,Cliente_54,Facturación,Media,Fernanda P.,8,2,Resuelto,2025-08-22
1714,Cliente_249,Producto,Media,Ana L.,26,2,Resuelto,2024-05-04
1715,Cliente_239,Entrega,Alta,Fernanda P.,38,2,Resuelto,2024-07-15
1716,Cliente_229,Técnico,Baja,Carlos M.,41,2,Resuelto,2025-05-21
1717,Cliente_67,Facturación,Media,Carlos M.,2,5,Resuelto,2024-02-17
1718,Cliente_51,Facturación,Baja,Ana L.,7,5,Resuelto,2024-11-17
1719,Cliente_97,Producto,Media,Fernanda P.,25,3,Resuelto,2024-07-08
1720,Cliente_92,Entrega,Alta,Carlos M.,51,3,Resuelto,2025-05-11
1721,Cliente_495,Entrega,Baja,Fernanda P.,50,3,Resuelto,2024-03-09
1722,Cliente_264,Producto,Media,Ana L.,64,4,Escalado,2024-11-25
1723,Cliente_418,Facturación,Media,Carlos M.,12,2,Resuelto,2025-05-09
1724,Cliente_291,Técnico,Baja,Ana L.,53,5,Abierto,2024-10-18
1725,Cliente_96,Facturación,Media,Ana L.,10,5,Resuelto,2025-06-02
1726,Cliente_88,Entrega,Baja,Fernanda P.,61,2,Resuelto,2025-02-19
1727,Cliente_78,Facturación,Media,Ana L.,55,3,Resuelto,2024-08-06
1728,Cliente_288,Técnico,Media,Ana L.,68,4,Resuelto,2025-07-23
1729,Cliente_120,Cuenta,Alta,Fernanda P.,42,5,Resuelto,2025-05-16
1730,Cliente_302,Facturación,Alta,Fernanda P.,66,1,Resuelto,2024-10-02
1731,Cliente_491,Producto,Media,Ana L.,44,4,Resuelto,2025-02-21
1732,Cliente_400,Cuenta,Baja,Carlos M.,28,4,Resuelto,2025-07-16
1733,Cliente_452,Producto,Crítica,Carlos M.,58,3,Resuelto,2025-02-23
1734,Cliente_500,Producto,Media,Fernanda P.,2,2,Resuelto,2024-06-09
1735,Cliente_165,Producto,Baja,Ana L.,55,1,Resuelto,2024-01-01
1736,Cliente_182,Facturación,Alta,Carlos M.,34,3,En espera,2024-03-07
1737,Cliente_469,Entrega,Baja,Fernanda P.,20,2,Resuelto,2025-07-15
1738,Cliente_398,Cuenta,Media,Fernanda P.,47,1,Resuelto,2025-06-30
1739,Cliente_223,Técnico,Media,Fernanda P.,26,5,Escalado,2024-06-11
1740,Cliente_311,Entrega,Media,Ana L.,1,1,Resuelto,2024-11-10
1741,Cliente_432,Facturación,Alta,Fernanda P.,65,3,Resuelto,2024-11-28
1742,Cliente_466,Producto,Media,Carlos M.,15,1,Escalado,2025-06-08
1743,Cliente_7,Técnico,Baja,Ana L.,14,1,Resuelto,2024-10-04
1744,Cliente_330,Cuenta,Crítica,Carlos M.,55,1,Resuelto,2024-02-25
1745,Cliente_263,Entrega,Crítica,Carlos M.,1,5,Resuelto,2025-01-23
1746,Cliente_161,Entrega,Media,Carlos M.,33,2,Resuelto,2025-08-15
1747,Cliente_151,Técnico,Media,Ana L.,70,1,Escalado,2024-09-07
1748,Cliente_85,Facturación,Baja,Carlos M.,56,4,Resuelto,2025-06-10
1749,Cliente_147,Cuenta,Alta,Fernanda P.,23,3,Resuelto,2024-10-24
1750,Cliente_112,Técnico,Baja,Fernanda P.,54,4,Resuelto,2025-01-27
1751,Cliente_381,Producto,Baja,Carlos M.,3,2,Resuelto,2024-05-03
1752,Cliente_403,Cuenta,Media,Fernanda P.,46,3,Resuelto,2024-03-11
1753,Cliente_36,Entrega,Baja,Ana L.,6,2,Escalado,2025-01-28
1754,Cliente_285,Técnico,Baja,Ana L.,25,3,En espera,2025-02-28
1755,Cliente_188,Entrega,Media,Fernanda P.,17,4,Resuelto,2024-11-23
1756,Cliente_82,Entrega,Baja,Fernanda P.,28,4,Resuelto,2024-02-29
1757,Cliente_2,Entrega,Baja,Ana L.,32,5,Resuelto,2025-06-26
1758,Cliente_385,Facturación,Baja,Carlos M.,23,2,Resuelto,2025-07-20
1759,Cliente_303,Entrega,Baja,Ana L.,16,4,Resuelto,2025-03-30
1760,Cliente_197,Producto,Alta,Carlos M.,26,3,Abierto,2024-05-11
1761,Cliente_404,Producto,Alta,Fernanda P.,33,1,Resuelto,2024-04-11
1762,Cliente_11,Cuenta,Media,Fernanda P.,58,1,Abierto,2024-08-18
1763,Cliente_234,Entrega,Media,Carlos M.,48,1,Resuelto,2025-07-24
1764,Cliente_386,Entrega,Baja,Carlos M.,55,5,Escalado,2024-08-05
1765,Cliente_195,Técnico,Baja,Ana L.,41,4,Resuelto,2024-10-09
1766,Cliente_471,Facturación,Baja,Carlos M.,62,2,En espera,2025-08-13
1767,Cliente_119,Cuenta,Media,Fernanda P.,17,2,Resuelto,2025-01-02
1768,Cliente_396,Entrega,Alta,Fernanda P.,59,5,Escalado,2024-03-31
1769,Cliente_20,Técnico,Media,Fernanda P.,14,3,Abierto,2025-01-03
1770,Cliente_261,Facturación,Media,Carlos M.,21,4,Abierto,2024-05-18
1771,Cliente_293,Cuenta,Baja,Carlos M.,63,4,Resuelto,2024-12-08
1772,Cliente_422,Cuenta,Alta,Fernanda P.,46,3,Resuelto,2024-04-23
1773,Cliente_256,Entrega,Media,Carlos M.,55,3,Resuelto,2024-01-22
1774,Cliente_222,Cuenta,Alta,Ana L.,62,4,Resuelto,2024-01-23
1775,Cliente_393,Técnico,Media,Ana L.,39,4,Abierto,2024-03-05
1776,Cliente_226,Cuenta,Alta,Carlos M.,42,1,Resuelto,2025-07-24
1777,Cliente_53,Producto,Crítica,Carlos M.,48,2,Resuelto,2025-04-04
1778,Cliente_428,Técnico,Crítica,Fernanda P.,28,1,Resuelto,2024-04-23
1779,Cliente_355,Facturación,Media,Carlos M.,6,1,Resuelto,2025-05-11
1780,Cliente_500,Facturación,Media,Fernanda P.,59,2,Resuelto,2025-04-26
1781,Cliente_342,Entrega,Baja,Ana L.,70,5,Resuelto,2025-06-23
1782,Cliente_364,Entrega,Crítica,Carlos M.,39,5,Resuelto,2024-08-26
1783,Cliente_280,Producto,Media,Ana L.,57,5,Resuelto,2024-09-13
1784,Cliente_81,Facturación,Baja,Carlos M.,54,5,Resuelto,2024-10-11
1785,Cliente_202,Facturación,Media,Carlos M.,60,3,Escalado,2025-02-07
1786,Cliente_158,Facturación,Baja,Fernanda P.,17,1,Escalado,2024-02-15
1787,Cliente_120,Facturación,Media,Fernanda P.,40,3,Resuelto,2025-03-31
1788,Cliente_59,Cuenta,Media,Carlos M.,66,3,Resuelto,2025-01-26
1789,Cliente_494,Técnico,Media,Carlos M.,54,2,Resuelto,2025-04-10
1790,Cliente_215,Técnico,Baja,Fernanda P.,71,5,Escalado,2024-07-31
1791,Cliente_128,Producto,Crítica,Ana L.,44,4,Resuelto,2025-02-15
1792,Cliente_224,Cuenta,Alta,Carlos M.,67,5,Resuelto,2024-06-07
1793,Cliente_209,Facturación,Alta,Fernanda P.,57,1,En espera,2025-07-04
1794,Cliente_370,Facturación,Media,Carlos M.,36,3,Escalado,2025-04-15
1795,Cliente_115,Entrega,Alta,Fernanda P.,57,1,En espera,2025-04-16
1796,Cliente_209,Entrega,Media,Ana L.,43,3,Abierto,2024-04-19
1797,Cliente_14,Producto,Baja,Carlos M.,44,3,En espera,2025-03-18
1798,Cliente_9,Facturación,Baja,Carlos M.,62,3,En espera,2025-04-09
1799,Cliente_40,Producto,Media,Ana L.,61,4,Resuelto,2024-11-30
1800,Cliente_450,Cuenta,Baja,Carlos M.,11,5,Escalado,2025-07-26
1801,Cliente_237,Técnico,Crítica,Carlos M.,33,3,Abierto,2025-06-27
1802,Cliente_281,Facturación,Baja,Carlos M.,66,2,Resuelto,2024-08-22
1803,Cliente_359,Cuenta,Media,Fernanda P.,23,3,Resuelto,2024-01-23
1804,Cliente_201,Facturación,Media,Fernanda P.,49,5,Resuelto,2024-05-23
1805,Cliente_246,Entrega,Media,Carlos M.,20,5,Resuelto,2024-11-01
1806,Cliente_278,Producto,Media,Ana L.,15,4,En espera,2025-05-06
1807,Cliente_235,Entrega,Baja,Ana L.,66,3,Resuelto,2025-01-29
1808,Cliente_494,Técnico,Alta,Carlos M.,30,2,Escalado,2025-08-06
1809,Cliente_4,Entrega,Media,Fernanda P.,4,4,Resuelto,2024-08-12
1810,Cliente_154,Facturación,Media,Fernanda P.,64,4,Resuelto,2024-02-17
1811,Cliente_442,Entrega,Alta,Carlos M.,65,3,En espera,2025-06-29
1812,Cliente_29,Facturación,Alta,Fernanda P.,8,3,Resuelto,2025-02-08
1813,Cliente_109,Técnico,Alta,Fernanda P.,52,4,En espera,2025-07-28
1814,Cliente_98,Entrega,Media,Ana L.,14,4,Resuelto,2024-04-11
1815,Cliente_215,Producto,Media,Carlos M.,58,4,Escalado,2025-06-12
1816,Cliente_293,Producto,Media,Fernanda P.,11,1,Resuelto,2024-08-28
1817,Cliente_75,Producto,Alta,Fernanda P.,59,4,Resuelto,2024-10-16
1818,Cliente_326,Entrega,Alta,Fernanda P.,24,5,Escalado,2024-09-12
1819,Cliente_146,Entrega,Baja,Carlos M.,32,2,Resuelto,2024-12-26
1820,Cliente_128,Entrega,Media,Carlos M.,46,2,Escalado,2024-03-07
1821,Cliente_341,Facturación,Alta,Fernanda P.,28,3,En espera,2024-10-06
1822,Cliente_42,Técnico,Media,Ana L.,16,4,Resuelto,2025-02-09
1823,Cliente_356,Producto,Media,Ana L.,42,2,Resuelto,2024-01-05
1824,Cliente_41,Facturación,Media,Carlos M.,16,2,Resuelto,2025-06-26
1825,Cliente_422,Producto,Media,Ana L.,12,5,Resuelto,2024-05-31
1826,Cliente_34,Facturación,Crítica,Fernanda P.,62,5,Resuelto,2024-09-23
1827,Cliente_17,Entrega,Media,Carlos M.,34,1,Resuelto,2025-07-16
1828,Cliente_165,Producto,Baja,Carlos M.,38,1,Escalado,2024-02-17
1829,Cliente_153,Entrega,Baja,Ana L.,47,2,Resuelto,2024-11-29
1830,Cliente_486,Producto,Baja,Carlos M.,22,3,Resuelto,2024-05-15
1831,Cliente_378,Cuenta,Media,Ana L.,3,2,Resuelto,2025-06-02
1832,Cliente_76,Facturación,Media,Ana L.,1,3,Resuelto,2025-04-27
1833,Cliente_87,Cuenta,Baja,Fernanda P.,53,2,Abierto,2024-04-28
1834,Cliente_117,Facturación,Media,Ana L.,64,5,Resuelto,2024-10-14
1835,Cliente_362,Técnico,Alta,Ana L.,44,4,Escalado,2024-12-07
1836,Cliente_342,Producto,Baja,Carlos M.,47,2,Resuelto,2024-10-04
1837,Cliente_469,Técnico,Media,Fernanda P.,38,1,Resuelto,2025-05-08
1838,Cliente_27,Técnico,Crítica,Fernanda P.,63,3,Abierto,2024-06-12
1839,Cliente_313,Facturación,Media,Ana L.,41,3,En espera,2024-10-11
1840,Cliente_287,Cuenta,Alta,Carlos M.,21,2,En espera,2024-08-10
1841,Cliente_134,Entrega,Media,Carlos M.,45,3,Resuelto,2025-08-20
1842,Cliente_219,Facturación,Alta,Carlos M.,13,1,Resuelto,2025-01-11
1843,Cliente_168,Entrega,Alta,Fernanda P.,66,5,Resuelto,2024-02-22
1844,Cliente_98,Técnico,Media,Fernanda P.,66,4,Resuelto,2024-11-23
1845,Cliente_268,Entrega,Alta,Ana L.,43,4,Resuelto,2024-12-06
1846,Cliente_237,Cuenta,Crítica,Ana L.,62,3,Abierto,2025-06-10
1847,Cliente_309,Facturación,Media,Carlos M.,48,2,Resuelto,2024-04-27
1848,Cliente_455,Cuenta,Baja,Ana L.,26,3,Resuelto,2024-06-30
1849,Cliente_394,Cuenta,Media,Carlos M.,61,1,Resuelto,2025-08-02
1850,Cliente_173,Facturación,Alta,Fernanda P.,62,2,Resuelto,2025-05-04
1851,Cliente_401,Cuenta,Media,Ana L.,14,5,Resuelto,2025-05-20
1852,Cliente_410,Producto,Baja,Carlos M.,54,1,Abierto,2024-11-20
1853,Cliente_469,Producto,Baja,Fernanda P.,41,5,Escalado,2024-07-12
1854,Cliente_476,Producto,Media,Carlos M.,60,2,Resuelto,2024-06-26
1855,Cliente_190,Entrega,Baja,Ana L.,9,5,Resuelto,2025-07-12
1856,Cliente_122,Cuenta,Media,Carlos M.,44,1,En espera,2024-01-09
1857,Cliente_46,Facturación,Alta,Fernanda P.,56,1,Resuelto,2025-02-15
1858,Cliente_64,Facturación,Media,Ana L.,3,3,Resuelto,2025-06-07
1859,Cliente_130,Entrega,Baja,Fernanda P.,59,2,Resuelto,2024-01-13
1860,Cliente_310,Facturación,Baja,Ana L.,13,4,Resuelto,2024-10-03
1861,Cliente_363,Producto,Baja,Carlos M.,30,4,Abierto,2025-03-14
1862,Cliente_193,Cuenta,Baja,Fernanda P.,53,5,Escalado,2024-02-07
1863,Cliente_307,Facturación,Media,Fernanda P.,51,4,Resuelto,2025-03-10
1864,Cliente_181,Facturación,Media,Carlos M.,42,4,Resuelto,2024-08-31
1865,Cliente_292,Técnico,Baja,Fernanda P.,26,1,Resuelto,2025-07-02
1866,Cliente_371,Técnico,Baja,Fernanda P.,59,1,Resuelto,2024-06-21
1867,Cliente_282,Técnico,Baja,Fernanda P.,69,1,Escalado,2024-09-07
1868,Cliente_29,Cuenta,Crítica,Fernanda P.,3,4,Resuelto,2024-12-07
1869,Cliente_149,Producto,Media,Carlos M.,41,5,Resuelto,2024-01-14
1870,Cliente_267,Producto,Alta,Fernanda P.,1,2,Resuelto,2024-09-30
1871,Cliente_296,Producto,Alta,Fernanda P.,65,3,Resuelto,2024-12-18
1872,Cliente_11,Cuenta,Media,Fernanda P.,70,5,Resuelto,2024-05-14
1873,Cliente_164,Cuenta,Alta,Ana L.,50,1,Resuelto,2025-03-17
1874,Cliente_113,Técnico,Baja,Ana L.,59,5,Abierto,2025-01-13
1875,Cliente_187,Facturación,Media,Carlos M.,63,2,Resuelto,2025-07-20
1876,Cliente_295,Entrega,Baja,Carlos M.,25,1,Resuelto,2024-05-06
1877,Cliente_232,Entrega,Alta,Carlos M.,10,2,En espera,2024-10-27
1878,Cliente_227,Facturación,Baja,Fernanda P.,1,3,En espera,2024-06-07
1879,Cliente_310,Técnico,Alta,Ana L.,14,5,Resuelto,2025-06-18
1880,Cliente_98,Facturación,Baja,Ana L.,21,3,Resuelto,2024-07-18
1881,Cliente_55,Facturación,Alta,Carlos M.,58,4,Abierto,2024-03-05
1882,Cliente_111,Entrega,Media,Ana L.,38,5,Resuelto,2024-03-19
1883,Cliente_152,Técnico,Media,Carlos M.,1,4,En espera,2024-04-01
1884,Cliente_246,Cuenta,Media,Fernanda P.,5,2,Resuelto,2024-05-19
1885,Cliente_406,Entrega,Media,Ana L.,44,4,Abierto,2024-01-01
1886,Cliente_69,Cuenta,Media,Fernanda P.,65,2,Resuelto,2024-09-23
1887,Cliente_312,Técnico,Crítica,Fernanda P.,57,3,Abierto,2024-02-20
1888,Cliente_289,Facturación,Baja,Ana L.,45,1,Resuelto,2024-08-16
1889,Cliente_250,Producto,Crítica,Carlos M.,60,3,Resuelto,2025-01-03
1890,Cliente_36,Producto,Media,Ana L.,66,4,Resuelto,2025-03-25
1891,Cliente_239,Técnico,Alta,Fernanda P.,47,2,Resuelto,2025-07-10
1892,Cliente_148,Producto,Media,Carlos M.,26,4,Escalado,2024-04-08
1893,Cliente_467,Cuenta,Media,Fernanda P.,9,1,Resuelto,2025-05-07
1894,Cliente_227,Producto,Alta,Carlos M.,51,5,Resuelto,2024-03-12
1895,Cliente_244,Técnico,Media,Ana L.,8,5,Resuelto,2025-08-19
1896,Cliente_491,Técnico,Media,Fernanda P.,5,5,Resuelto,2024-06-29
1897,Cliente_337,Cuenta,Baja,Carlos M.,39,4,Resuelto,2024-06-04
1898,Cliente_446,Producto,Baja,Carlos M.,68,5,Resuelto,2025-07-30
1899,Cliente_365,Producto,Media,Ana L.,40,2,Resuelto,2025-01-26
1900,Cliente_491,Facturación,Alta,Carlos M.,36,1,Escalado,2024-12-25
1901,Cliente_482,Entrega,Media,Carlos M.,21,3,En espera,2024-12-07
1902,Cliente_201,Técnico,Baja,Fernanda P.,26,2,Escalado,2024-01-20
1903,Cliente_154,Facturación,Media,Ana L.,56,1,Resuelto,2024-11-28
1904,Cliente_450,Técnico,Media,Ana L.,57,3,Escalado,2024-07-10
1905,Cliente_73,Facturación,Media,Fernanda P.,59,5,Resuelto,2024-12-11
1906,Cliente_201,Entrega,Alta,Fernanda P.,7,3,Resuelto,2024-10-21
1907,Cliente_296,Facturación,Alta,Fernanda P.,42,4,Resuelto,2024-05-14
1908,Cliente_17,Técnico,Baja,Carlos M.,13,4,Resuelto,2024-07-21
1909,Cliente_129,Producto,Alta,Ana L.,34,5,En espera,2024-03-28
1910,Cliente_217,Técnico,Media,Ana L.,53,5,Resuelto,2024-12-10
1911,Cliente_61,Cuenta,Alta,Ana L.,46,2,Abierto,2025-07-16
1912,Cliente_427,Cuenta,Baja,Carlos M.,57,2,Resuelto,2024-09-06
1913,Cliente_104,Cuenta,Media,Ana L.,61,4,Resuelto,2024-11-14
1914,Cliente_42,Cuenta,Baja,Ana L.,56,1,Resuelto,2025-05-11
1915,Cliente_25,Entrega,Media,Ana L.,29,2,Resuelto,2024-10-15
1916,Cliente_39,Producto,Baja,Ana L.,14,1,Escalado,2024-10-27
1917,Cliente_291,Producto,Baja,Fernanda P.,68,4,Resuelto,2024-01-06
1918,Cliente_131,Técnico,Baja,Carlos M.,71,2,Resuelto,2025-07-02
1919,Cliente_498,Facturación,Baja,Ana L.,13,1,Resuelto,2024-09-14
1920,Cliente_229,Técnico,Baja,Ana L.,17,1,Resuelto,2024-08-09
1921,Cliente_108,Técnico,Media,Ana L.,29,2,Resuelto,2024-11-08
1922,Cliente_172,Técnico,Baja,Ana L.,2,5,Abierto,2024-12-13
1923,Cliente_435,Técnico,Media,Ana L.,62,3,Resuelto,2024-03-31
1924,Cliente_478,Producto,Baja,Fernanda P.,20,5,Resuelto,2024-06-19
1925,Cliente_102,Facturación,Crítica,Fernanda P.,56,3,Resuelto,2024-10-20
1926,Cliente_354,Técnico,Crítica,Carlos M.,52,1,Resuelto,2024-07-10
1927,Cliente_12,Producto,Baja,Carlos M.,25,2,Resuelto,2025-07-02
1928,Cliente_275,Técnico,Media,Ana L.,62,4,Abierto,2024-04-09
1929,Cliente_101,Cuenta,Baja,Ana L.,17,2,Resuelto,2024-01-31
1930,Cliente_44,Técnico,Crítica,Fernanda P.,39,5,Resuelto,2025-05-18
1931,Cliente_443,Técnico,Media,Carlos M.,10,3,Abierto,2024-04-07
1932,Cliente_305,Entrega,Baja,Ana L.,59,2,Resuelto,2024-02-21
1933,Cliente_445,Cuenta,Media,Ana L.,25,3,Resuelto,2025-04-19
1934,Cliente_17,Facturación,Baja,Ana L.,28,5,Resuelto,2024-12-08
1935,Cliente_330,Técnico,Media,Carlos M.,61,5,Escalado,2024-12-15
1936,Cliente_57,Facturación,Media,Fernanda P.,58,2,Resuelto,2025-06-02
1937,Cliente_311,Cuenta,Media,Fernanda P.,44,4,Resuelto,2024-01-18
1938,Cliente_497,Técnico,Media,Ana L.,23,4,Resuelto,2024-08-17
1939,Cliente_303,Entrega,Baja,Ana L.,17,3,Resuelto,2025-07-09
1940,Cliente_12,Producto,Baja,Ana L.,38,2,Resuelto,2025-04-25
1941,Cliente_318,Entrega,Baja,Ana L.,30,1,Resuelto,2025-07-28
1942,Cliente_80,Entrega,Alta,Ana L.,19,5,Resuelto,2024-06-08
1943,Cliente_216,Producto,Baja,Carlos M.,32,3,En espera,2025-02-15
1944,Cliente_339,Producto,Media,Fernanda P.,20,5,En espera,2025-01-22
1945,Cliente_264,Producto,Media,Carlos M.,64,3,Resuelto,2024-01-02
1946,Cliente_479,Técnico,Baja,Carlos M.,36,2,En espera,2024-05-30
1947,Cliente_149,Facturación,Media,Ana L.,65,3,Resuelto,2025-06-18
1948,Cliente_81,Facturación,Media,Carlos M.,43,3,Resuelto,2024-12-12
1949,Cliente_215,Producto,Media,Fernanda P.,26,1,Resuelto,2025-02-21
1950,Cliente_485,Entrega,Media,Ana L.,7,3,Resuelto,2024-06-16
1951,Cliente_374,Cuenta,Media,Fernanda P.,34,4,Resuelto,2024-01-10
1952,Cliente_464,Producto,Media,Carlos M.,36,3,Resuelto,2024-12-03
1953,Cliente_198,Entrega,Media,Ana L.,6,3,Abierto,2024-04-20
1954,Cliente_200,Entrega,Media,Fernanda P.,37,2,Resuelto,2024-06-28
1955,Cliente_25,Técnico,Baja,Fernanda P.,62,3,Resuelto,2025-02-14
1956,Cliente_466,Técnico,Media,Ana L.,60,1,Escalado,2024-06-29
1957,Cliente_89,Facturación,Baja,Fernanda P.,64,2,Resuelto,2025-01-01
1958,Cliente_268,Facturación,Baja,Ana L.,50,5,Resuelto,2025-06-08
1959,Cliente_143,Cuenta,Media,Ana L.,52,4,Resuelto,2024-06-22
1960,Cliente_59,Cuenta,Alta,Carlos M.,17,4,En espera,2024-03-26
1961,Cliente_410,Cuenta,Alta,Fernanda P.,60,5,Resuelto,2025-07-01
1962,Cliente_489,Cuenta,Baja,Ana L.,54,3,Resuelto,2024-03-03
1963,Cliente_365,Entrega,Media,Carlos M.,10,1,Resuelto,2025-08-02
1964,Cliente_26,Entrega,Media,Carlos M.,25,1,Resuelto,2025-03-06
1965,Cliente_47,Facturación,Baja,Ana L.,18,1,Escalado,2025-01-08
1966,Cliente_288,Técnico,Alta,Ana L.,64,1,Resuelto,2024-09-20
1967,Cliente_266,Técnico,Alta,Fernanda P.,59,3,En espera,2024-06-17
1968,Cliente_16,Producto,Crítica,Fernanda P.,27,5,Resuelto,2024-11-12
1969,Cliente_199,Entrega,Baja,Fernanda P.,58,5,Resuelto,2025-02-07
1970,Cliente_401,Cuenta,Baja,Ana L.,61,4,Escalado,2024-07-31
1971,Cliente_407,Cuenta,Alta,Carlos M.,71,5,Resuelto,2025-07-21
1972,Cliente_282,Producto,Media,Carlos M.,43,1,Abierto,2024-12-26
1973,Cliente_469,Técnico,Alta,Ana L.,11,3,Resuelto,2024-05-02
1974,Cliente_86,Cuenta,Baja,Fernanda P.,5,2,En espera,2024-01-22
1975,Cliente_250,Técnico,Media,Carlos M.,58,2,Abierto,2024-08-05
1976,Cliente_391,Producto,Media,Carlos M.,39,1,Escalado,2025-07-06
1977,Cliente_270,Técnico,Baja,Fernanda P.,48,4,Escalado,2025-01-28
1978,Cliente_335,Técnico,Media,Carlos M.,20,2,Resuelto,2025-07-10
1979,Cliente_117,Técnico,Media,Fernanda P.,19,1,Resuelto,2024-09-17
1980,Cliente_7,Cuenta,Baja,Carlos M.,60,3,Escalado,2025-06-07
1981,Cliente_137,Facturación,Baja,Carlos M.,26,2,Resuelto,2024-08-20
1982,Cliente_371,Entrega,Media,Carlos M.,25,1,Resuelto,2024-10-14
1983,Cliente_176,Técnico,Media,Fernanda P.,15,2,Resuelto,2025-05-12
1984,Cliente_328,Técnico,Alta,Carlos M.,21,3,Resuelto,2025-01-10
1985,Cliente_498,Técnico,Media,Carlos M.,47,5,Resuelto,2024-03-27
1986,Cliente_315,Facturación,Baja,Carlos M.,35,5,Abierto,2024-06-18
1987,Cliente_215,Producto,Crítica,Ana L.,44,3,Resuelto,2024-08-16
1988,Cliente_477,Cuenta,Crítica,Carlos M.,6,3,Resuelto,2025-08-16
1989,Cliente_82,Facturación,Baja,Carlos M.,23,5,Resuelto,2024-07-29
1990,Cliente_223,Técnico,Alta,Fernanda P.,39,3,Escalado,2025-05-07
1991,Cliente_478,Facturación,Baja,Fernanda P.,18,3,Resuelto,2025-06-23
1992,Cliente_372,Facturación,Baja,Ana L.,40,3,Escalado,2024-01-22
1993,Cliente_423,Facturación,Baja,Fernanda P.,36,5,Resuelto,2024-10-28
1994,Cliente_483,Producto,Baja,Fernanda P.,28,5,En espera,2024-02-01
1995,Cliente_402,Entrega,Alta,Fernanda P.,64,2,Abierto,2024-11-06
1996,Cliente_443,Cuenta,Alta,Ana L.,58,5,Escalado,2024-12-10
1997,Cliente_490,Producto,Crítica,Ana L.,38,2,Abierto,2024-05-16
1998,Cliente_103,Producto,Alta,Carlos M.,44,5,Resuelto,2025-04-28
1999,Cliente_273,Entrega,Media,Carlos M.,2,4,Escalado,2025-05-26
2000,Cliente_14,Producto,Media,Fernanda P.,35,2,Resuelto,2025-07-30
2001,Cliente_159,Facturación,Crítica,Carlos M.,1,3,Resuelto,2025-08-13
2002,Cliente_152,Facturación,Alta,Carlos M.,46,4,Resuelto,2025-03-03
2003,Cliente_483,Técnico,Alta,Ana L.,60,5,Resuelto,2024-11-11
2004,Cliente_108,Producto,Crítica,Ana L.,63,5,Abierto,2024-03-03
2005,Cliente_188,Técnico,Baja,Carlos M.,45,4,Resuelto,2025-08-10
2006,Cliente_301,Cuenta,Alta,Carlos M.,57,1,Resuelto,2024-10-08
2007,Cliente_98,Facturación,Alta,Carlos M.,37,3,Resuelto,2024-02-04
2008,Cliente_131,Cuenta,Crítica,Fernanda P.,7,2,Resuelto,2025-08-12
2009,Cliente_293,Entrega,Baja,Ana L.,16,4,Resuelto,2025-01-09
2010,Cliente_171,Facturación,Media,Carlos M.,50,2,Resuelto,2024-09-19
2011,Cliente_424,Cuenta,Media,Carlos M.,14,5,Escalado,2024-02-22
2012,Cliente_474,Entrega,Baja,Fernanda P.,6,1,En espera,2025-05-30
2013,Cliente_183,Cuenta,Media,Ana L.,61,1,Resuelto,2025-05-28
2014,Cliente_471,Entrega,Baja,Fernanda P.,21,2,Resuelto,2024-10-17
2015,Cliente_364,Entrega,Media,Fernanda P.,10,5,Resuelto,2025-04-29
2016,Cliente_39,Facturación,Media,Carlos M.,32,1,Resuelto,2025-03-09
2017,Cliente_15,Técnico,Media,Fernanda P.,6,3,Escalado,2024-04-24
2018,Cliente_376,Entrega,Media,Fernanda P.,2,5,Resuelto,2024-04-24
2019,Cliente_497,Entrega,Media,Carlos M.,39,4,Resuelto,2024-05-03
2020,Cliente_4,Facturación,Baja,Ana L.,49,4,Resuelto,2024-10-21
2021,Cliente_349,Técnico,Baja,Carlos M.,27,4,Resuelto,2025-07-14
2022,Cliente_470,Producto,Baja,Ana L.,56,3,Resuelto,2025-01-21
2023,Cliente_409,Producto,Baja,Fernanda P.,14,5,Resuelto,2024-09-29
2024,Cliente_397,Técnico,Media,Fernanda P.,23,2,Resuelto,2025-01-16
2025,Cliente_210,Cuenta,Alta,Carlos M.,51,2,Resuelto,2024-08-09
2026,Cliente_161,Facturación,Baja,Carlos M.,25,5,Escalado,2024-05-21
2027,Cliente_16,Técnico,Baja,Carlos M.,53,3,Abierto,2024-08-08
2028,Cliente_493,Producto,Alta,Fernanda P.,11,5,En espera,2024-07-17
2029,Cliente_426,Entrega,Media,Fernanda P.,35,2,En espera,2024-03-23
2030,Cliente_108,Producto,Crítica,Ana L.,55,5,Abierto,2024-07-31
2031,Cliente_382,Entrega,Alta,Carlos M.,58,4,Resuelto,2025-05-17
2032,Cliente_450,Facturación,Media,Fernanda P.,68,5,Resuelto,2024-11-02
2033,Cliente_311,Entrega,Baja,Ana L.,37,1,Resuelto,2025-01-12
2034,Cliente_227,Técnico,Media,Carlos M.,9,5,Resuelto,2024-09-29
2035,Cliente_170,Entrega,Baja,Carlos M.,28,2,Resuelto,2024-03-01
2036,Cliente_34,Cuenta,Baja,Ana L.,55,2,Resuelto,2024-12-12
2037,Cliente_414,Técnico,Baja,Ana L.,46,2,Resuelto,2024-01-31
2038,Cliente_251,Facturación,Alta,Ana L.,70,4,Resuelto,2025-06-10
2039,Cliente_247,Técnico,Media,Fernanda P.,27,2,Resuelto,2024-12-25
2040,Cliente_269,Cuenta,Baja,Carlos M.,10,1,Abierto,2025-07-05
2041,Cliente_141,Facturación,Media,Carlos M.,23,5,Escalado,2024-11-16
2042,Cliente_274,Producto,Media,Ana L.,21,3,Abierto,2024-10-02
2043,Cliente_416,Cuenta,Media,Fernanda P.,45,2,En espera,2025-02-21
2044,Cliente_96,Facturación,Baja,Ana L.,3,5,Resuelto,2024-08-27
2045,Cliente_227,Entrega,Media,Fernanda P.,59,4,Resuelto,2024-05-29
2046,Cliente_379,Técnico,Crítica,Carlos M.,43,5,Abierto,2024-03-02
2047,Cliente_39,Facturación,Baja,Carlos M.,7,2,Resuelto,2025-03-04
2048,Cliente_302,Técnico,Baja,Fernanda P.,27,2,Resuelto,2024-09-07
2049,Cliente_500,Entrega,Baja,Carlos M.,62,2,Abierto,2024-01-11
2050,Cliente_29,Facturación,Baja,Carlos M.,42,1,Escalado,2025-02-20
2051,Cliente_446,Producto,Media,Ana L.,4,5,Resuelto,2025-07-03
2052,Cliente_497,Cuenta,Alta,Fernanda P.,62,3,Escalado,2025-07-30
2053,Cliente_477,Facturación,Crítica,Carlos M.,8,1,Resuelto,2024-07-09
2054,Cliente_318,Entrega,Baja,Carlos M.,17,3,Resuelto,2025-07-03
2055,Cliente_245,Facturación,Media,Fernanda P.,5,2,Resuelto,2025-04-01
2056,Cliente_236,Técnico,Media,Carlos M.,63,3,En espera,2024-09-25
2057,Cliente_185,Facturación,Media,Fernanda P.,9,3,Resuelto,2025-05-15
2058,Cliente_272,Producto,Media,Fernanda P.,8,1,Abierto,2024-08-31
2059,Cliente_440,Facturación,Baja,Ana L.,7,1,Resuelto,2024-10-06
2060,Cliente_236,Cuenta,Media,Fernanda P.,37,5,Resuelto,2024-05-27
2061,Cliente_239,Facturación,Media,Ana L.,55,3,Resuelto,2025-07-08
2062,Cliente_377,Técnico,Alta,Carlos M.,67,1,Resuelto,2024-04-18
2063,Cliente_266,Facturación,Alta,Fernanda P.,8,5,Resuelto,2025-03-16
2064,Cliente_414,Producto,Baja,Ana L.,69,3,Resuelto,2025-03-24
2065,Cliente_409,Entrega,Baja,Fernanda P.,5,3,En espera,2024-04-08
2066,Cliente_359,Facturación,Crítica,Carlos M.,17,2,En espera,2025-07-08
2067,Cliente_340,Facturación,Media,Ana L.,58,1,Resuelto,2024-04-13
2068,Cliente_389,Cuenta,Alta,Ana L.,63,4,Resuelto,2024-07-11
2069,Cliente_65,Producto,Baja,Ana L.,27,1,Resuelto,2024-02-15
2070,Cliente_478,Entrega,Media,Carlos M.,68,2,Resuelto,2025-07-27
2071,Cliente_177,Técnico,Media,Ana L.,28,5,Resuelto,2024-07-16
2072,Cliente_3,Facturación,Alta,Carlos M.,58,1,Resuelto,2024-04-14
2073,Cliente_429,Entrega,Baja,Carlos M.,50,3,Escalado,2024-01-29
2074,Cliente_142,Técnico,Baja,Fernanda P.,67,4,Escalado,2024-06-17
2075,Cliente_376,Producto,Media,Carlos M.,31,5,Resuelto,2025-06-10
2076,Cliente_158,Producto,Alta,Ana L.,12,1,Abierto,2025-06-14
2077,Cliente_498,Entrega,Crítica,Ana L.,55,5,Resuelto,2025-04-01
2078,Cliente_324,Técnico,Crítica,Carlos M.,4,3,Resuelto,2025-05-03
2079,Cliente_146,Producto,Crítica,Carlos M.,42,4,Escalado,2025-03-18
2080,Cliente_446,Entrega,Baja,Fernanda P.,54,3,Resuelto,2024-12-02
2081,Cliente_293,Producto,Baja,Fernanda P.,22,4,Resuelto,2025-02-02
2082,Cliente_153,Producto,Baja,Ana L.,1,5,Resuelto,2024-07-04
2083,Cliente_432,Producto,Media,Carlos M.,48,1,En espera,2025-07-18
2084,Cliente_193,Cuenta,Alta,Ana L.,43,4,En espera,2024-10-24
2085,Cliente_437,Técnico,Alta,Carlos M.,20,3,Resuelto,2025-06-14
2086,Cliente_494,Entrega,Baja,Ana L.,18,4,En espera,2025-03-30
2087,Cliente_463,Entrega,Media,Ana L.,70,5,En espera,2025-04-17
2088,Cliente_73,Técnico,Crítica,Ana L.,49,5,Resuelto,2024-03-17
2089,Cliente_399,Técnico,Media,Carlos M.,17,5,Resuelto,2024-09-01
2090,Cliente_305,Técnico,Baja,Fernanda P.,53,1,Resuelto,2025-02-27
2091,Cliente_377,Técnico,Media,Fernanda P.,22,5,Resuelto,2024-05-15
2092,Cliente_344,Facturación,Media,Carlos M.,10,1,Resuelto,2024-05-16
2093,Cliente_452,Entrega,Media,Fernanda P.,24,2,En espera,2024-07-23
2094,Cliente_140,Facturación,Media,Ana L.,12,4,En espera,2025-07-09
2095,Cliente_187,Producto,Baja,Carlos M.,4,3,Resuelto,2024-02-29
2096,Cliente_293,Producto,Crítica,Carlos M.,42,1,Abierto,2024-09-05
2097,Cliente_61,Entrega,Media,Fernanda P.,5,1,Abierto,2025-02-18
2098,Cliente_485,Producto,Media,Fernanda P.,26,3,Resuelto,2025-01-31
2099,Cliente_427,Técnico,Crítica,Ana L.,59,4,Resuelto,2024-02-14
2100,Cliente_380,Facturación,Baja,Carlos M.,62,5,Resuelto,2024-01-02
2101,Cliente_198,Técnico,Baja,Fernanda P.,5,4,Resuelto,2024-06-10
2102,Cliente_295,Producto,Alta,Carlos M.,26,1,Resuelto,2024-07-15
2103,Cliente_440,Facturación,Baja,Ana L.,6,5,Resuelto,2025-07-12
2104,Cliente_319,Técnico,Alta,Ana L.,24,2,Abierto,2024-08-13
2105,Cliente_302,Entrega,Baja,Ana L.,53,3,Resuelto,2024-01-02
2106,Cliente_344,Técnico,Baja,Carlos M.,7,4,Resuelto,2024-07-30
2107,Cliente_11,Producto,Media,Carlos M.,10,5,Escalado,2024-10-19
2108,Cliente_62,Facturación,Baja,Carlos M.,39,3,Abierto,2024-03-20
2109,Cliente_333,Entrega,Alta,Carlos M.,28,4,Abierto,2024-04-28
2110,Cliente_226,Facturación,Media,Carlos M.,42,1,Resuelto,2025-08-20
2111,Cliente_153,Entrega,Crítica,Ana L.,62,1,Resuelto,2025-07-21
2112,Cliente_199,Facturación,Alta,Ana L.,52,1,Resuelto,2025-07-28
2113,Cliente_52,Producto,Baja,Ana L.,22,2,Resuelto,2024-01-08
2114,Cliente_260,Entrega,Alta,Fernanda P.,57,1,Resuelto,2024-08-22
2115,Cliente_59,Cuenta,Media,Ana L.,11,1,Resuelto,2025-03-02
2116,Cliente_72,Facturación,Media,Carlos M.,14,1,Escalado,2024-10-05
2117,Cliente_148,Facturación,Alta,Ana L.,31,5,Resuelto,2024-12-25
2118,Cliente_349,Técnico,Media,Fernanda P.,4,3,Resuelto,2024-06-28
2119,Cliente_63,Entrega,Media,Fernanda P.,22,2,Resuelto,2024-07-30
2120,Cliente_310,Cuenta,Media,Fernanda P.,64,4,Resuelto,2025-07-02
2121,Cliente_373,Producto,Baja,Fernanda P.,61,2,Resuelto,2024-08-05
2122,Cliente_243,Técnico,Baja,Fernanda P.,6,3,En espera,2025-03-26
2123,Cliente_493,Cuenta,Media,Carlos M.,68,1,Resuelto,2024-05-25
2124,Cliente_366,Entrega,Baja,Ana L.,6,1,Resuelto,2024-02-28
2125,Cliente_330,Cuenta,Baja,Carlos M.,66,4,Resuelto,2025-02-06
2126,Cliente_107,Facturación,Baja,Carlos M.,36,2,Abierto,2025-05-05
2127,Cliente_226,Facturación,Media,Fernanda P.,15,2,Escalado,2024-02-02
2128,Cliente_313,Técnico,Media,Ana L.,40,4,Resuelto,2025-06-17
2129,Cliente_218,Entrega,Alta,Ana L.,41,2,Resuelto,2025-02-14
2130,Cliente_425,Entrega,Media,Ana L.,7,2,Resuelto,2025-03-09
2131,Cliente_241,Cuenta,Media,Fernanda P.,22,2,En espera,2025-01-05
2132,Cliente_259,Técnico,Media,Carlos M.,72,4,Resuelto,2025-08-06
2133,Cliente_376,Entrega,Media,Ana L.,11,4,En espera,2024-06-29
2134,Cliente_262,Facturación,Media,Carlos M.,2,3,Escalado,2024-02-19
2135,Cliente_5,Cuenta,Crítica,Ana L.,30,2,Resuelto,2024-11-17
2136,Cliente_261,Producto,Crítica,Ana L.,68,3,Resuelto,2025-05-13
2137,Cliente_54,Facturación,Alta,Ana L.,53,5,Resuelto,2024-03-23
2138,Cliente_47,Técnico,Crítica,Ana L.,21,5,Resuelto,2025-06-19
2139,Cliente_215,Entrega,Media,Fernanda P.,25,2,En espera,2024-03-09
2140,Cliente_177,Facturación,Media,Fernanda P.,72,1,Resuelto,2024-01-08
2141,Cliente_9,Producto,Alta,Carlos M.,5,5,Resuelto,2024-04-08
2142,Cliente_99,Producto,Media,Fernanda P.,66,1,Resuelto,2024-07-26
2143,Cliente_20,Técnico,Alta,Ana L.,49,3,Resuelto,2024-07-10
2144,Cliente_378,Facturación,Alta,Carlos M.,8,2,Resuelto,2025-01-06
2145,Cliente_241,Cuenta,Crítica,Carlos M.,27,3,Resuelto,2024-01-26
2146,Cliente_61,Facturación,Media,Carlos M.,2,3,Resuelto,2025-05-21
2147,Cliente_379,Producto,Alta,Ana L.,28,4,Resuelto,2024-05-27
2148,Cliente_490,Técnico,Media,Ana L.,11,2,Resuelto,2025-01-12
2149,Cliente_419,Técnico,Media,Carlos M.,46,4,Escalado,2025-05-30
2150,Cliente_178,Cuenta,Media,Fernanda P.,21,3,En espera,2024-03-05
2151,Cliente_338,Técnico,Alta,Ana L.,42,1,Resuelto,2025-08-19
2152,Cliente_62,Técnico,Crítica,Ana L.,32,2,Abierto,2024-10-05
2153,Cliente_145,Técnico,Baja,Fernanda P.,32,2,Resuelto,2024-12-31
2154,Cliente_216,Técnico,Media,Carlos M.,71,5,Resuelto,2025-05-13
2155,Cliente_3,Técnico,Media,Fernanda P.,22,1,Resuelto,2024-06-17
2156,Cliente_160,Producto,Crítica,Ana L.,21,1,Resuelto,2025-04-06
2157,Cliente_227,Facturación,Media,Carlos M.,22,3,Abierto,2025-02-23
2158,Cliente_486,Entrega,Baja,Carlos M.,34,3,Resuelto,2025-06-21
2159,Cliente_269,Técnico,Media,Fernanda P.,10,3,Resuelto,2024-02-09
2160,Cliente_120,Entrega,Media,Ana L.,65,5,Resuelto,2025-05-22
2161,Cliente_381,Entrega,Baja,Ana L.,65,1,En espera,2024-12-28
2162,Cliente_495,Producto,Media,Carlos M.,67,4,Resuelto,2025-05-01
2163,Cliente_89,Técnico,Crítica,Ana L.,43,1,Resuelto,2024-03-24
2164,Cliente_329,Entrega,Alta,Carlos M.,41,4,En espera,2024-08-25
2165,Cliente_68,Técnico,Baja,Carlos M.,13,2,Resuelto,2024-12-09
2166,Cliente_398,Cuenta,Crítica,Carlos M.,4,4,Escalado,2025-04-02
2167,Cliente_357,Cuenta,Media,Ana L.,23,2,En espera,2025-05-23
2168,Cliente_98,Cuenta,Baja,Fernanda P.,70,3,Resuelto,2024-12-03
2169,Cliente_267,Entrega,Baja,Carlos M.,34,1,Resuelto,2024-06-30
2170,Cliente_105,Cuenta,Baja,Fernanda P.,41,3,Escalado,2024-01-07
2171,Cliente_440,Producto,Alta,Fernanda P.,18,1,Resuelto,2025-02-11
2172,Cliente_323,Producto,Baja,Fernanda P.,33,4,Resuelto,2024-10-25
2173,Cliente_123,Entrega,Baja,Fernanda P.,25,1,En espera,2024-09-18
2174,Cliente_476,Técnico,Alta,Fernanda P.,52,4,Resuelto,2025-02-02
2175,Cliente_29,Facturación,Media,Carlos M.,17,1,Resuelto,2025-08-13
2176,Cliente_137,Técnico,Alta,Ana L.,51,2,En espera,2025-07-05
2177,Cliente_195,Técnico,Alta,Fernanda P.,3,4,Resuelto,2025-04-19
2178,Cliente_409,Técnico,Baja,Ana L.,55,3,Abierto,2024-07-07
2179,Cliente_226,Técnico,Alta,Ana L.,56,3,Resuelto,2024-10-03
2180,Cliente_332,Facturación,Baja,Carlos M.,35,3,Abierto,2025-05-24
2181,Cliente_170,Cuenta,Media,Fernanda P.,68,3,Resuelto,2024-04-05
2182,Cliente_9,Técnico,Media,Ana L.,59,2,Resuelto,2024-02-01
2183,Cliente_463,Producto,Baja,Ana L.,59,2,Resuelto,2024-09-24
2184,Cliente_40,Entrega,Crítica,Fernanda P.,13,5,Resuelto,2025-01-27
2185,Cliente_25,Entrega,Media,Carlos M.,62,5,Resuelto,2025-06-15
2186,Cliente_261,Producto,Baja,Carlos M.,47,5,Resuelto,2025-02-02
2187,Cliente_395,Técnico,Crítica,Fernanda P.,3,5,Escalado,2024-08-25
2188,Cliente_443,Facturación,Media,Ana L.,21,1,Resuelto,2025-06-16
2189,Cliente_226,Cuenta,Media,Carlos M.,65,4,Resuelto,2024-12-15
2190,Cliente_472,Entrega,Media,Carlos M.,18,3,Resuelto,2024-12-16
2191,Cliente_124,Cuenta,Alta,Ana L.,13,1,Escalado,2024-01-11
2192,Cliente_463,Facturación,Baja,Ana L.,71,2,Resuelto,2024-03-04
2193,Cliente_38,Entrega,Baja,Ana L.,45,3,Abierto,2024-05-01
2194,Cliente_328,Cuenta,Media,Ana L.,62,4,Resuelto,2024-07-05
2195,Cliente_251,Facturación,Baja,Fernanda P.,30,4,Resuelto,2025-01-26
2196,Cliente_389,Cuenta,Alta,Ana L.,14,2,Resuelto,2024-07-18
2197,Cliente_176,Técnico,Media,Carlos M.,53,3,Resuelto,2024-02-24
2198,Cliente_90,Facturación,Baja,Ana L.,10,5,Resuelto,2025-01-16
2199,Cliente_402,Cuenta,Baja,Ana L.,72,3,Abierto,2024-10-21
2200,Cliente_454,Técnico,Alta,Fernanda P.,31,3,Resuelto,2024-02-24
2201,Cliente_37,Técnico,Alta,Fernanda P.,6,4,Resuelto,2025-03-02
2202,Cliente_316,Facturación,Media,Ana L.,19,2,Resuelto,2024-03-20
2203,Cliente_176,Producto,Media,Fernanda P.,12,3,Resuelto,2025-05-03
2204,Cliente_461,Entrega,Baja,Fernanda P.,64,1,Resuelto,2024-09-28
2205,Cliente_284,Facturación,Media,Fernanda P.,55,1,Resuelto,2024-09-17
2206,Cliente_453,Técnico,Baja,Fernanda P.,67,2,Resuelto,2024-09-07
2207,Cliente_461,Técnico,Media,Ana L.,9,5,Resuelto,2024-10-22
2208,Cliente_81,Facturación,Media,Fernanda P.,6,3,Resuelto,2024-06-21
2209,Cliente_114,Producto,Crítica,Fernanda P.,1,3,Resuelto,2024-09-09
2210,Cliente_40,Entrega,Media,Carlos M.,42,4,Resuelto,2025-06-19
2211,Cliente_301,Cuenta,Alta,Ana L.,55,3,Resuelto,2025-05-03
2212,Cliente_224,Facturación,Media,Fernanda P.,49,5,Resuelto,2024-05-05
2213,Cliente_318,Entrega,Crítica,Carlos M.,30,3,Resuelto,2025-03-14
2214,Cliente_349,Entrega,Media,Fernanda P.,35,3,Resuelto,2024-10-15
2215,Cliente_115,Técnico,Media,Ana L.,63,4,Resuelto,2024-06-27
2216,Cliente_186,Cuenta,Alta,Carlos M.,22,1,Abierto,2024-03-20
2217,Cliente_323,Facturación,Baja,Carlos M.,43,1,Resuelto,2024-04-06
2218,Cliente_56,Técnico,Baja,Ana L.,28,5,Resuelto,2024-01-30
2219,Cliente_40,Técnico,Baja,Carlos M.,18,2,Resuelto,2025-07-26
2220,Cliente_354,Producto,Alta,Carlos M.,32,2,Resuelto,2025-03-19
2221,Cliente_40,Entrega,Baja,Fernanda P.,69,4,Resuelto,2024-09-19
2222,Cliente_347,Facturación,Alta,Carlos M.,54,3,Resuelto,2025-01-24
2223,Cliente_461,Facturación,Media,Ana L.,34,4,Resuelto,2024-03-06
2224,Cliente_237,Facturación,Baja,Fernanda P.,31,1,Abierto,2025-06-14
2225,Cliente_289,Técnico,Media,Carlos M.,4,5,Resuelto,2024-09-26
2226,Cliente_262,Producto,Baja,Fernanda P.,14,2,Resuelto,2024-02-18
2227,Cliente_216,Cuenta,Media,Ana L.,15,3,Resuelto,2024-02-03
2228,Cliente_147,Técnico,Media,Carlos M.,60,2,Resuelto,2024-08-27
2229,Cliente_336,Cuenta,Media,Ana L.,20,1,Escalado,2025-08-18
2230,Cliente_168,Producto,Baja,Ana L.,20,3,Resuelto,2024-11-09
2231,Cliente_92,Entrega,Media,Carlos M.,49,1,Resuelto,2024-05-28
2232,Cliente_353,Facturación,Alta,Carlos M.,68,2,Abierto,2025-03-30
2233,Cliente_59,Cuenta,Alta,Fernanda P.,18,2,Resuelto,2024-06-05
2234,Cliente_59,Técnico,Alta,Ana L.,24,1,Escalado,2024-08-19
2235,Cliente_304,Cuenta,Baja,Carlos M.,27,3,Resuelto,2024-07-25
2236,Cliente_169,Entrega,Alta,Ana L.,33,1,Resuelto,2024-06-20
2237,Cliente_269,Facturación,Media,Carlos M.,64,3,Resuelto,2025-02-15
2238,Cliente_363,Cuenta,Baja,Ana L.,25,4,Resuelto,2024-06-14
2239,Cliente_45,Entrega,Alta,Fernanda P.,69,4,Resuelto,2025-06-10
2240,Cliente_345,Técnico,Crítica,Ana L.,18,3,Escalado,2025-05-19
2241,Cliente_181,Producto,Media,Carlos M.,45,1,Resuelto,2025-06-27
2242,Cliente_170,Técnico,Baja,Fernanda P.,20,3,Resuelto,2025-07-05
2243,Cliente_356,Facturación,Baja,Fernanda P.,35,2,Resuelto,2024-03-16
2244,Cliente_191,Técnico,Media,Carlos M.,6,1,Resuelto,2024-07-30
2245,Cliente_155,Técnico,Alta,Fernanda P.,9,3,Resuelto,2024-01-22
2246,Cliente_422,Técnico,Baja,Ana L.,52,2,Resuelto,2024-06-02
2247,Cliente_188,Técnico,Alta,Ana L.,28,5,Resuelto,2025-02-27
2248,Cliente_7,Facturación,Baja,Carlos M.,19,2,Escalado,2024-10-18
2249,Cliente_133,Entrega,Alta,Ana L.,63,3,Resuelto,2025-02-13
2250,Cliente_235,Cuenta,Crítica,Carlos M.,7,1,Abierto,2025-08-15
2251,Cliente_45,Producto,Media,Fernanda P.,37,1,Resuelto,2024-04-30
2252,Cliente_314,Cuenta,Media,Ana L.,36,4,Resuelto,2025-05-25
2253,Cliente_249,Cuenta,Alta,Carlos M.,17,3,Resuelto,2025-05-26
2254,Cliente_499,Producto,Media,Ana L.,37,2,Abierto,2025-01-19
2255,Cliente_31,Facturación,Media,Fernanda P.,60,2,Resuelto,2024-08-21
2256,Cliente_23,Producto,Media,Fernanda P.,49,3,Resuelto,2024-08-05
2257,Cliente_426,Facturación,Baja,Ana L.,56,2,Resuelto,2025-02-19
2258,Cliente_394,Cuenta,Alta,Fernanda P.,34,5,Resuelto,2025-04-06
2259,Cliente_160,Facturación,Baja,Carlos M.,30,4,Abierto,2024-12-04
2260,Cliente_363,Entrega,Crítica,Ana L.,27,1,Resuelto,2025-07-24
2261,Cliente_437,Producto,Baja,Ana L.,51,2,Resuelto,2025-07-30
2262,Cliente_158,Entrega,Alta,Fernanda P.,9,5,Resuelto,2024-09-02
2263,Cliente_39,Cuenta,Baja,Carlos M.,20,3,Resuelto,2024-05-28
2264,Cliente_415,Producto,Media,Ana L.,47,2,Abierto,2025-02-07
2265,Cliente_82,Cuenta,Media,Ana L.,19,3,En espera,2025-05-17
2266,Cliente_356,Entrega,Alta,Fernanda P.,68,5,Resuelto,2025-01-18
2267,Cliente_258,Cuenta,Media,Fernanda P.,12,5,Resuelto,2024-02-02
2268,Cliente_206,Producto,Alta,Carlos M.,5,1,Resuelto,2025-02-05
2269,Cliente_77,Producto,Media,Carlos M.,69,3,Resuelto,2025-02-28
2270,Cliente_477,Cuenta,Media,Fernanda P.,25,4,Resuelto,2024-09-25
2271,Cliente_12,Producto,Alta,Carlos M.,31,1,Resuelto,2024-10-25
2272,Cliente_295,Producto,Baja,Fernanda P.,46,3,Resuelto,2024-04-22
2273,Cliente_450,Cuenta,Media,Ana L.,34,3,En espera,2025-05-18
2274,Cliente_224,Entrega,Media,Fernanda P.,41,5,Resuelto,2024-11-16
2275,Cliente_13,Producto,Media,Fernanda P.,68,5,Resuelto,2024-02-09
2276,Cliente_46,Producto,Media,Fernanda P.,38,3,Abierto,2025-07-01
2277,Cliente_155,Producto,Media,Ana L.,46,5,Resuelto,2024-12-30
2278,Cliente_113,Producto,Baja,Carlos M.,69,3,Escalado,2024-07-24
2279,Cliente_233,Cuenta,Alta,Carlos M.,27,3,Resuelto,2024-08-22
2280,Cliente_17,Entrega,Crítica,Carlos M.,43,1,Abierto,2024-04-16
2281,Cliente_360,Entrega,Media,Fernanda P.,71,1,Abierto,2025-08-19
2282,Cliente_223,Facturación,Media,Fernanda P.,45,4,Resuelto,2024-04-01
2283,Cliente_354,Producto,Baja,Carlos M.,18,1,Resuelto,2025-02-17
2284,Cliente_188,Producto,Alta,Ana L.,32,2,Resuelto,2024-02-09
2285,Cliente_448,Facturación,Baja,Ana L.,2,2,Resuelto,2025-01-30
2286,Cliente_344,Entrega,Media,Ana L.,41,5,Resuelto,2025-04-18
2287,Cliente_365,Técnico,Crítica,Ana L.,20,2,Resuelto,2025-04-10
2288,Cliente_163,Técnico,Media,Fernanda P.,58,1,Resuelto,2024-11-01
2289,Cliente_496,Entrega,Alta,Carlos M.,38,4,Resuelto,2024-02-12
2290,Cliente_326,Producto,Media,Ana L.,1,3,Resuelto,2024-05-12
2291,Cliente_467,Técnico,Baja,Fernanda P.,69,4,Resuelto,2025-07-30
2292,Cliente_414,Cuenta,Alta,Fernanda P.,54,1,Resuelto,2024-12-16
2293,Cliente_455,Cuenta,Baja,Fernanda P.,14,1,Abierto,2025-08-16
2294,Cliente_74,Facturación,Alta,Carlos M.,25,1,Resuelto,2024-05-28
2295,Cliente_233,Entrega,Baja,Fernanda P.,9,5,Resuelto,2024-03-11
2296,Cliente_224,Entrega,Alta,Carlos M.,61,2,Escalado,2024-11-16
2297,Cliente_482,Técnico,Baja,Carlos M.,52,1,Resuelto,2025-03-19
2298,Cliente_319,Producto,Media,Carlos M.,8,3,Abierto,2024-06-10
2299,Cliente_412,Entrega,Media,Carlos M.,16,2,Resuelto,2024-12-25
2300,Cliente_60,Técnico,Media,Fernanda P.,8,2,Resuelto,2025-04-02
2301,Cliente_335,Técnico,Media,Fernanda P.,23,5,Resuelto,2024-07-14
2302,Cliente_222,Entrega,Media,Fernanda P.,34,4,Escalado,2024-06-08
2303,Cliente_37,Técnico,Media,Ana L.,18,2,En espera,2025-05-20
2304,Cliente_477,Facturación,Media,Ana L.,44,2,Resuelto,2024-04-01
2305,Cliente_278,Facturación,Media,Carlos M.,15,1,Resuelto,2024-09-17
2306,Cliente_196,Entrega,Media,Carlos M.,15,3,Resuelto,2024-05-24
2307,Cliente_404,Producto,Baja,Carlos M.,23,1,Resuelto,2024-08-26
2308,Cliente_352,Facturación,Crítica,Carlos M.,65,3,Resuelto,2024-03-11
2309,Cliente_484,Facturación,Media,Carlos M.,71,2,Escalado,2025-04-19
2310,Cliente_242,Entrega,Baja,Ana L.,32,3,Resuelto,2025-06-30
2311,Cliente_324,Cuenta,Media,Carlos M.,32,1,Resuelto,2024-11-03
2312,Cliente_219,Técnico,Alta,Fernanda P.,33,1,Resuelto,2025-02-02
2313,Cliente_192,Facturación,Baja,Carlos M.,43,4,Resuelto,2024-04-12
2314,Cliente_17,Cuenta,Media,Fernanda P.,13,5,Resuelto,2024-10-06
2315,Cliente_12,Producto,Media,Fernanda P.,9,4,Resuelto,2025-08-21
2316,Cliente_406,Cuenta,Baja,Fernanda P.,62,2,Resuelto,2024-05-12
2317,Cliente_401,Entrega,Alta,Fernanda P.,57,3,Abierto,2024-03-26
2318,Cliente_394,Producto,Media,Carlos M.,48,1,Resuelto,2024-06-29
2319,Cliente_374,Producto,Baja,Carlos M.,43,1,Resuelto,2024-02-04
2320,Cliente_193,Cuenta,Alta,Carlos M.,67,1,Resuelto,2025-05-20
2321,Cliente_22,Entrega,Media,Carlos M.,32,1,Resuelto,2024-02-03
2322,Cliente_474,Facturación,Alta,Carlos M.,60,2,Resuelto,2025-04-22
2323,Cliente_120,Cuenta,Media,Ana L.,1,5,Resuelto,2025-04-10
2324,Cliente_210,Facturación,Alta,Fernanda P.,57,4,En espera,2025-01-19
2325,Cliente_306,Cuenta,Alta,Fernanda P.,69,4,Resuelto,2024-05-01
2326,Cliente_270,Facturación,Baja,Ana L.,69,1,Resuelto,2024-11-04
2327,Cliente_192,Cuenta,Alta,Ana L.,68,1,Resuelto,2024-07-26
2328,Cliente_175,Producto,Media,Carlos M.,61,3,Abierto,2024-05-05
2329,Cliente_285,Técnico,Baja,Carlos M.,8,1,Resuelto,2025-05-19
2330,Cliente_204,Producto,Media,Fernanda P.,7,4,Escalado,2024-03-02
2331,Cliente_164,Facturación,Baja,Carlos M.,37,3,Resuelto,2024-02-24
2332,Cliente_251,Entrega,Alta,Fernanda P.,42,3,Resuelto,2024-12-13
2333,Cliente_227,Producto,Media,Carlos M.,32,1,Abierto,2025-01-08
2334,Cliente_436,Técnico,Crítica,Carlos M.,17,3,Resuelto,2025-06-06
2335,Cliente_381,Facturación,Baja,Fernanda P.,28,5,Resuelto,2024-08-27
2336,Cliente_460,Producto,Media,Ana L.,70,1,Resuelto,2024-08-11
2337,Cliente_7,Cuenta,Baja,Ana L.,48,5,Resuelto,2025-06-21
2338,Cliente_29,Entrega,Media,Carlos M.,54,1,En espera,2024-02-17
2339,Cliente_395,Facturación,Alta,Ana L.,42,5,Resuelto,2025-05-01
2340,Cliente_33,Producto,Alta,Carlos M.,36,1,Resuelto,2025-08-12
2341,Cliente_134,Facturación,Alta,Ana L.,66,4,Resuelto,2025-06-04
2342,Cliente_367,Cuenta,Alta,Ana L.,31,1,Resuelto,2024-11-29
2343,Cliente_79,Técnico,Baja,Fernanda P.,65,4,En espera,2024-09-03
2344,Cliente_416,Producto,Media,Ana L.,3,2,En espera,2024-04-14
2345,Cliente_435,Facturación,Media,Carlos M.,13,2,Resuelto,2025-05-28
2346,Cliente_459,Facturación,Media,Fernanda P.,31,1,En espera,2025-05-23
2347,Cliente_58,Facturación,Baja,Ana L.,29,4,Resuelto,2025-04-03
2348,Cliente_471,Técnico,Media,Fernanda P.,57,4,Resuelto,2025-01-06
2349,Cliente_26,Facturación,Media,Ana L.,33,3,Resuelto,2024-02-04
2350,Cliente_482,Entrega,Media,Carlos M.,53,3,Resuelto,2025-07-29
2351,Cliente_430,Entrega,Alta,Carlos M.,10,5,En espera,2024-08-31
2352,Cliente_226,Facturación,Media,Fernanda P.,63,3,Resuelto,2025-02-12
2353,Cliente_285,Entrega,Baja,Ana L.,65,1,Resuelto,2025-06-04
2354,Cliente_4,Producto,Baja,Ana L.,2,3,Escalado,2024-07-23
2355,Cliente_465,Entrega,Alta,Fernanda P.,2,3,Resuelto,2025-07-08
2356,Cliente_99,Facturación,Crítica,Fernanda P.,69,1,Resuelto,2025-06-28
2357,Cliente_397,Cuenta,Media,Carlos M.,37,1,Resuelto,2025-05-07
2358,Cliente_489,Producto,Media,Fernanda P.,2,5,En espera,2025-07-19
2359,Cliente_39,Técnico,Crítica,Ana L.,61,4,Escalado,2024-09-25
2360,Cliente_271,Facturación,Media,Fernanda P.,40,3,Resuelto,2024-05-31
2361,Cliente_375,Técnico,Alta,Carlos M.,63,2,En espera,2024-03-02
2362,Cliente_285,Cuenta,Alta,Fernanda P.,25,4,En espera,2024-06-16
2363,Cliente_157,Técnico,Media,Ana L.,38,1,Resuelto,2025-01-18
2364,Cliente_75,Facturación,Media,Fernanda P.,37,3,Resuelto,2024-11-07
2365,Cliente_372,Facturación,Baja,Fernanda P.,27,5,Resuelto,2025-07-29
2366,Cliente_288,Cuenta,Baja,Fernanda P.,50,2,Resuelto,2024-02-29
2367,Cliente_130,Facturación,Alta,Carlos M.,34,4,En espera,2024-10-05
2368,Cliente_175,Cuenta,Alta,Carlos M.,44,3,Abierto,2024-11-12
2369,Cliente_462,Cuenta,Alta,Carlos M.,72,1,Resuelto,2024-10-26
2370,Cliente_84,Facturación,Media,Carlos M.,4,4,En espera,2025-07-22
2371,Cliente_22,Entrega,Baja,Ana L.,52,2,Resuelto,2024-02-12
2372,Cliente_459,Cuenta,Baja,Ana L.,55,1,Resuelto,2024-11-13
2373,Cliente_27,Facturación,Media,Carlos M.,12,2,Resuelto,2024-04-21
2374,Cliente_195,Entrega,Media,Carlos M.,14,3,Abierto,2025-05-21
2375,Cliente_337,Cuenta,Media,Carlos M.,35,4,En espera,2025-04-17
2376,Cliente_382,Entrega,Baja,Fernanda P.,6,5,Resuelto,2024-06-19
2377,Cliente_236,Producto,Crítica,Ana L.,47,3,Escalado,2024-12-25
2378,Cliente_440,Producto,Media,Fernanda P.,23,3,Abierto,2025-02-14
2379,Cliente_92,Entrega,Alta,Carlos M.,68,5,Resuelto,2024-09-13
2380,Cliente_477,Cuenta,Media,Ana L.,65,5,Resuelto,2024-02-18
2381,Cliente_21,Facturación,Baja,Carlos M.,59,1,En espera,2025-07-13
2382,Cliente_303,Técnico,Alta,Fernanda P.,9,2,Resuelto,2025-04-08
2383,Cliente_464,Facturación,Alta,Ana L.,58,3,Resuelto,2024-08-13
2384,Cliente_357,Técnico,Media,Fernanda P.,48,1,Resuelto,2025-06-06
2385,Cliente_443,Técnico,Media,Ana L.,63,1,En espera,2025-01-27
2386,Cliente_84,Cuenta,Baja,Carlos M.,9,3,Escalado,2024-03-28
2387,Cliente_262,Entrega,Media,Ana L.,44,2,Resuelto,2024-04-10
2388,Cliente_147,Facturación,Crítica,Fernanda P.,46,5,Escalado,2024-04-08
2389,Cliente_441,Entrega,Baja,Fernanda P.,15,3,Resuelto,2025-06-17
2390,Cliente_453,Producto,Baja,Fernanda P.,53,2,Resuelto,2025-04-30
2391,Cliente_387,Cuenta,Crítica,Fernanda P.,48,5,En espera,2024-03-11
2392,Cliente_257,Cuenta,Baja,Carlos M.,72,4,Resuelto,2025-03-03
2393,Cliente_58,Producto,Media,Fernanda P.,42,3,Resuelto,2024-10-12
2394,Cliente_380,Facturación,Media,Carlos M.,17,3,Resuelto,2024-11-11
2395,Cliente_422,Producto,Media,Ana L.,35,2,Resuelto,2025-04-21
2396,Cliente_15,Facturación,Media,Fernanda P.,31,1,Resuelto,2025-07-20
2397,Cliente_162,Técnico,Baja,Ana L.,4,1,Resuelto,2024-05-06
2398,Cliente_445,Cuenta,Baja,Ana L.,48,2,Abierto,2025-07-04
2399,Cliente_163,Facturación,Alta,Carlos M.,14,3,Resuelto,2025-02-28
2400,Cliente_320,Entrega,Alta,Fernanda P.,25,3,Resuelto,2025-01-21
2401,Cliente_497,Entrega,Media,Carlos M.,46,3,Abierto,2024-05-18
2402,Cliente_281,Cuenta,Media,Fernanda P.,48,4,Escalado,2024-05-11
2403,Cliente_280,Producto,Baja,Ana L.,40,1,Resuelto,2024-08-23
2404,Cliente_12,Producto,Baja,Carlos M.,50,4,Resuelto,2024-06-09
2405,Cliente_274,Facturación,Alta,Fernanda P.,7,3,En espera,2025-02-20
2406,Cliente_271,Producto,Media,Ana L.,60,1,Resuelto,2025-07-10
2407,Cliente_492,Cuenta,Media,Carlos M.,35,3,Resuelto,2025-02-07
2408,Cliente_208,Facturación,Baja,Carlos M.,63,3,Resuelto,2024-06-13
2409,Cliente_27,Técnico,Baja,Carlos M.,20,2,Resuelto,2024-08-13
2410,Cliente_72,Producto,Media,Carlos M.,16,1,Resuelto,2024-05-28
2411,Cliente_60,Producto,Alta,Ana L.,22,3,Resuelto,2024-11-09
2412,Cliente_430,Facturación,Crítica,Ana L.,36,5,Resuelto,2024-11-02
2413,Cliente_473,Entrega,Alta,Ana L.,19,5,Resuelto,2025-02-23
2414,Cliente_145,Producto,Crítica,Ana L.,2,3,Abierto,2024-06-26
2415,Cliente_93,Cuenta,Crítica,Fernanda P.,68,2,Abierto,2024-11-26
2416,Cliente_309,Producto,Media,Ana L.,7,3,Resuelto,2025-05-18
2417,Cliente_8,Técnico,Baja,Carlos M.,47,5,Resuelto,2025-06-24
2418,Cliente_79,Producto,Alta,Carlos M.,49,1,Abierto,2024-10-24
2419,Cliente_27,Entrega,Baja,Carlos M.,43,2,Resuelto,2024-07-05
2420,Cliente_174,Producto,Baja,Carlos M.,32,3,En espera,2025-03-26
2421,Cliente_50,Facturación,Baja,Fernanda P.,17,5,Resuelto,2024-03-24
2422,Cliente_500,Producto,Media,Carlos M.,14,1,Resuelto,2024-09-14
2423,Cliente_199,Entrega,Media,Carlos M.,32,5,Resuelto,2024-04-23
2424,Cliente_387,Facturación,Baja,Carlos M.,60,2,En espera,2024-03-29
2425,Cliente_349,Cuenta,Media,Ana L.,60,4,Resuelto,2025-06-19
2426,Cliente_448,Facturación,Alta,Ana L.,52,3,Abierto,2025-06-30
2427,Cliente_428,Técnico,Media,Fernanda P.,66,1,Resuelto,2025-02-24
2428,Cliente_181,Facturación,Alta,Fernanda P.,4,2,Resuelto,2024-06-22
2429,Cliente_24,Cuenta,Baja,Fernanda P.,63,2,Resuelto,2025-08-02
2430,Cliente_316,Producto,Baja,Carlos M.,33,4,Resuelto,2025-05-16
2431,Cliente_378,Facturación,Media,Fernanda P.,1,4,Resuelto,2025-07-22
2432,Cliente_387,Facturación,Media,Ana L.,64,3,Resuelto,2025-07-05
2433,Cliente_404,Facturación,Media,Ana L.,37,3,Resuelto,2025-04-18
2434,Cliente_46,Facturación,Alta,Ana L.,70,2,Resuelto,2024-07-31
2435,Cliente_15,Cuenta,Alta,Carlos M.,7,3,Abierto,2024-06-21
2436,Cliente_153,Entrega,Crítica,Carlos M.,24,3,Abierto,2025-02-03
2437,Cliente_222,Entrega,Media,Fernanda P.,68,4,Resuelto,2024-10-05
2438,Cliente_206,Facturación,Baja,Fernanda P.,55,2,Resuelto,2024-08-03
2439,Cliente_455,Cuenta,Media,Fernanda P.,3,5,Resuelto,2025-05-24
2440,Cliente_273,Cuenta,Baja,Fernanda P.,23,5,Resuelto,2025-08-17
2441,Cliente_382,Facturación,Baja,Carlos M.,36,1,Resuelto,2024-08-06
2442,Cliente_236,Técnico,Baja,Ana L.,57,4,Resuelto,2024-04-13
2443,Cliente_340,Facturación,Media,Carlos M.,48,1,En espera,2024-02-20
2444,Cliente_228,Técnico,Baja,Fernanda P.,13,2,En espera,2024-03-17
2445,Cliente_9,Facturación,Baja,Carlos M.,61,5,Resuelto,2025-03-04
2446,Cliente_166,Técnico,Media,Ana L.,24,5,Abierto,2024-01-04
2447,Cliente_432,Técnico,Media,Carlos M.,43,5,Resuelto,2024-11-06
2448,Cliente_444,Facturación,Alta,Ana L.,33,1,Resuelto,2024-03-29
2449,Cliente_319,Técnico,Media,Fernanda P.,24,3,En espera,2025-04-15
2450,Cliente_214,Producto,Baja,Carlos M.,22,1,Resuelto,2024-12-28
2451,Cliente_117,Entrega,Baja,Fernanda P.,52,5,Abierto,2024-01-30
2452,Cliente_386,Cuenta,Baja,Fernanda P.,6,4,Resuelto,2024-06-06
2453,Cliente_344,Técnico,Alta,Ana L.,19,4,Resuelto,2025-05-31
2454,Cliente_72,Técnico,Alta,Ana L.,29,1,Resuelto,2025-05-07
2455,Cliente_395,Cuenta,Baja,Fernanda P.,64,1,Abierto,2024-09-27
2456,Cliente_64,Técnico,Media,Ana L.,14,2,Resuelto,2025-02-04
2457,Cliente_205,Cuenta,Crítica,Ana L.,30,1,Resuelto,2024-02-17
2458,Cliente_209,Facturación,Media,Fernanda P.,71,1,En espera,2024-12-18
2459,Cliente_72,Producto,Alta,Fernanda P.,21,5,Abierto,2024-10-07
2460,Cliente_277,Producto,Baja,Ana L.,65,3,En espera,2025-05-14
2461,Cliente_274,Entrega,Baja,Fernanda P.,4,5,Resuelto,2024-10-01
2462,Cliente_478,Técnico,Alta,Fernanda P.,46,3,Resuelto,2024-02-28
2463,Cliente_320,Entrega,Media,Ana L.,8,5,Resuelto,2024-06-29
2464,Cliente_338,Facturación,Media,Carlos M.,18,5,Resuelto,2025-04-15
2465,Cliente_366,Producto,Media,Carlos M.,60,2,Abierto,2025-02-27
2466,Cliente_495,Facturación,Media,Fernanda P.,45,3,En espera,2024-07-31
2467,Cliente_95,Facturación,Alta,Ana L.,72,5,Escalado,2024-04-09
2468,Cliente_166,Técnico,Baja,Fernanda P.,31,5,Resuelto,2025-04-06
2469,Cliente_32,Facturación,Media,Ana L.,28,3,Resuelto,2024-01-19
2470,Cliente_11,Producto,Alta,Fernanda P.,64,2,En espera,2025-06-19
2471,Cliente_301,Entrega,Media,Fernanda P.,37,3,Abierto,2024-03-30
2472,Cliente_217,Producto,Media,Ana L.,67,2,En espera,2025-05-04
2473,Cliente_289,Técnico,Alta,Fernanda P.,68,2,Resuelto,2024-11-10
2474,Cliente_102,Producto,Crítica,Carlos M.,35,4,En espera,2024-11-12
2475,Cliente_425,Cuenta,Media,Carlos M.,36,2,Resuelto,2024-02-01
2476,Cliente_392,Entrega,Media,Ana L.,57,4,Resuelto,2025-07-10
2477,Cliente_267,Cuenta,Alta,Fernanda P.,70,1,Resuelto,2025-02-22
2478,Cliente_214,Cuenta,Alta,Carlos M.,4,2,Abierto,2025-03-13
2479,Cliente_179,Técnico,Alta,Ana L.,49,3,Resuelto,2024-05-09
2480,Cliente_88,Facturación,Media,Ana L.,39,4,Resuelto,2025-08-03
2481,Cliente_41,Cuenta,Media,Ana L.,18,1,Resuelto,2024-07-26
2482,Cliente_401,Producto,Media,Carlos M.,60,1,Resuelto,2024-07-17
2483,Cliente_76,Facturación,Alta,Carlos M.,10,2,Resuelto,2024-08-31
2484,Cliente_377,Producto,Alta,Carlos M.,23,3,Resuelto,2024-12-26
2485,Cliente_46,Producto,Baja,Carlos M.,68,2,Resuelto,2024-03-28
2486,Cliente_160,Facturación,Media,Fernanda P.,59,5,Resuelto,2025-07-14
2487,Cliente_463,Facturación,Media,Carlos M.,7,1,Resuelto,2024-01-26
2488,Cliente_80,Producto,Crítica,Ana L.,13,5,Resuelto,2024-08-11
2489,Cliente_310,Técnico,Media,Fernanda P.,3,5,Resuelto,2025-05-05
2490,Cliente_86,Entrega,Media,Carlos M.,40,4,Resuelto,2024-10-09
2491,Cliente_92,Entrega,Baja,Fernanda P.,11,5,Resuelto,2025-05-25
2492,Cliente_148,Técnico,Media,Ana L.,51,1,Resuelto,2024-06-17
2493,Cliente_161,Facturación,Baja,Carlos M.,23,1,Escalado,2024-12-04
2494,Cliente_202,Producto,Alta,Fernanda P.,32,3,Resuelto,2025-01-24
2495,Cliente_424,Entrega,Alta,Carlos M.,41,2,En espera,2024-07-29
2496,Cliente_416,Producto,Media,Fernanda P.,42,3,Resuelto,2024-04-16
2497,Cliente_242,Técnico,Media,Fernanda P.,38,3,Resuelto,2024-11-12
2498,Cliente_353,Producto,Alta,Ana L.,67,2,Resuelto,2024-11-17
2499,Cliente_2,Técnico,Baja,Ana L.,72,1,Resuelto,2024-07-23
2500,Cliente_225,Facturación,Baja,Carlos M.,72,4,Resuelto,2024-08-11
2501,Cliente_289,Técnico,Crítica,Carlos M.,42,5,Abierto,2024-02-12
2502,Cliente_233,Técnico,Alta,Fernanda P.,43,4,En espera,2024-03-02
2503,Cliente_461,Entrega,Alta,Ana L.,33,5,Escalado,2024-01-13
2504,Cliente_414,Producto,Baja,Ana L.,37,2,Abierto,2025-04-22
2505,Cliente_417,Entrega,Baja,Fernanda P.,57,2,Resuelto,2024-03-23
2506,Cliente_77,Cuenta,Baja,Ana L.,64,3,Resuelto,2025-01-08
2507,Cliente_116,Técnico,Baja,Ana L.,64,2,En espera,2025-08-11
2508,Cliente_154,Cuenta,Alta,Fernanda P.,60,5,Abierto,2024-04-04
2509,Cliente_406,Entrega,Baja,Carlos M.,52,4,Resuelto,2025-06-03
2510,Cliente_103,Producto,Alta,Carlos M.,72,4,Resuelto,2025-06-14
2511,Cliente_194,Entrega,Baja,Carlos M.,68,4,Resuelto,2024-10-12
2512,Cliente_166,Producto,Media,Fernanda P.,27,4,Resuelto,2025-07-20
2513,Cliente_359,Producto,Crítica,Carlos M.,59,3,En espera,2024-06-22
2514,Cliente_90,Facturación,Baja,Fernanda P.,19,4,Resuelto,2024-06-14
2515,Cliente_174,Técnico,Media,Fernanda P.,3,5,Escalado,2024-09-29
2516,Cliente_122,Entrega,Media,Ana L.,39,3,En espera,2024-12-19
2517,Cliente_498,Producto,Baja,Ana L.,66,3,Resuelto,2025-03-18
2518,Cliente_143,Entrega,Media,Carlos M.,56,3,Resuelto,2025-07-02
2519,Cliente_482,Entrega,Media,Fernanda P.,6,2,Resuelto,2025-01-06
2520,Cliente_106,Producto,Media,Carlos M.,28,3,En espera,2025-03-25
2521,Cliente_375,Cuenta,Alta,Carlos M.,48,5,Resuelto,2024-02-11
2522,Cliente_428,Técnico,Media,Ana L.,48,4,Resuelto,2024-09-11
2523,Cliente_305,Técnico,Baja,Carlos M.,67,2,Resuelto,2024-03-05
2524,Cliente_360,Facturación,Media,Carlos M.,54,4,Abierto,2025-04-17
2525,Cliente_459,Facturación,Baja,Ana L.,16,1,Resuelto,2024-12-01
2526,Cliente_317,Facturación,Media,Carlos M.,35,2,Resuelto,2024-01-10
2527,Cliente_451,Técnico,Media,Carlos M.,30,5,Resuelto,2024-01-21
2528,Cliente_123,Cuenta,Baja,Fernanda P.,48,2,Resuelto,2024-06-28
2529,Cliente_390,Técnico,Alta,Carlos M.,69,3,Resuelto,2024-12-24
2530,Cliente_9,Técnico,Crítica,Ana L.,8,2,En espera,2024-03-19
2531,Cliente_262,Técnico,Alta,Ana L.,51,3,Resuelto,2024-05-12
2532,Cliente_73,Técnico,Media,Fernanda P.,10,4,Resuelto,2025-01-26
2533,Cliente_359,Cuenta,Media,Ana L.,28,2,Escalado,2025-07-17
2534,Cliente_223,Facturación,Crítica,Ana L.,36,2,Resuelto,2025-01-19
2535,Cliente_416,Entrega,Media,Ana L.,60,5,Resuelto,2024-03-24
2536,Cliente_41,Facturación,Alta,Carlos M.,10,1,En espera,2024-10-13
2537,Cliente_370,Facturación,Baja,Fernanda P.,14,2,Resuelto,2024-05-31
2538,Cliente_204,Entrega,Baja,Fernanda P.,63,4,Resuelto,2024-09-10
2539,Cliente_264,Técnico,Alta,Fernanda P.,47,3,Resuelto,2024-10-27
2540,Cliente_328,Cuenta,Alta,Fernanda P.,69,4,Resuelto,2025-01-25
2541,Cliente_178,Cuenta,Alta,Ana L.,56,5,Resuelto,2024-05-09
2542,Cliente_348,Facturación,Crítica,Carlos M.,6,2,Resuelto,2025-04-01
2543,Cliente_318,Entrega,Baja,Ana L.,19,1,Resuelto,2025-07-28
2544,Cliente_84,Producto,Baja,Ana L.,52,1,Resuelto,2025-07-06
2545,Cliente_318,Técnico,Crítica,Ana L.,62,2,Resuelto,2024-03-29
2546,Cliente_111,Facturación,Baja,Ana L.,49,1,Resuelto,2024-11-25
2547,Cliente_251,Cuenta,Media,Fernanda P.,11,4,Resuelto,2025-04-15
2548,Cliente_383,Entrega,Media,Fernanda P.,46,3,Resuelto,2024-02-12
2549,Cliente_7,Entrega,Baja,Carlos M.,69,2,Resuelto,2025-04-11
2550,Cliente_459,Facturación,Baja,Ana L.,45,3,Resuelto,2024-02-24
2551,Cliente_84,Producto,Media,Fernanda P.,58,1,Resuelto,2024-02-20
2552,Cliente_208,Cuenta,Alta,Carlos M.,32,5,Escalado,2024-12-19
2553,Cliente_388,Facturación,Alta,Ana L.,10,3,Resuelto,2025-07-28
2554,Cliente_390,Producto,Media,Ana L.,13,5,Abierto,2024-09-05
2555,Cliente_314,Entrega,Media,Fernanda P.,13,4,Resuelto,2024-11-22
2556,Cliente_22,Técnico,Baja,Ana L.,36,5,Resuelto,2024-04-16
2557,Cliente_410,Cuenta,Baja,Ana L.,19,3,Resuelto,2024-06-25
2558,Cliente_383,Cuenta,Media,Fernanda P.,7,3,Resuelto,2024-05-08
2559,Cliente_3,Producto,Baja,Carlos M.,15,2,Resuelto,2024-07-11
2560,Cliente_127,Facturación,Baja,Carlos M.,46,5,Resuelto,2025-02-28
2561,Cliente_297,Entrega,Media,Fernanda P.,48,4,Abierto,2024-04-03
2562,Cliente_188,Producto,Media,Fernanda P.,66,2,Abierto,2025-03-09
2563,Cliente_362,Técnico,Baja,Carlos M.,4,2,Resuelto,2024-04-05
2564,Cliente_14,Técnico,Media,Carlos M.,3,4,Resuelto,2025-07-12
2565,Cliente_459,Técnico,Media,Fernanda P.,3,2,Resuelto,2024-10-26
2566,Cliente_466,Producto,Baja,Fernanda P.,69,4,Resuelto,2024-12-30
2567,Cliente_12,Entrega,Crítica,Fernanda P.,28,1,Resuelto,2025-05-30
2568,Cliente_87,Cuenta,Baja,Ana L.,23,2,Resuelto,2025-07-29
2569,Cliente_12,Facturación,Alta,Fernanda P.,30,3,Abierto,2025-02-07
2570,Cliente_397,Cuenta,Baja,Ana L.,62,1,Resuelto,2024-08-23
2571,Cliente_25,Entrega,Alta,Carlos M.,51,2,Abierto,2025-06-25
2572,Cliente_301,Cuenta,Baja,Carlos M.,41,4,Abierto,2024-03-11
2573,Cliente_243,Producto,Alta,Fernanda P.,64,1,Resuelto,2024-12-15
2574,Cliente_122,Técnico,Media,Fernanda P.,43,1,Resuelto,2024-03-25
2575,Cliente_147,Entrega,Alta,Carlos M.,58,3,Escalado,2025-05-12
2576,Cliente_55,Entrega,Media,Carlos M.,59,2,Resuelto,2024-12-30
2577,Cliente_238,Cuenta,Baja,Carlos M.,40,2,Resuelto,2024-11-22
2578,Cliente_356,Producto,Alta,Carlos M.,46,4,En espera,2025-05-06
2579,Cliente_173,Cuenta,Baja,Fernanda P.,62,1,Resuelto,2024-06-08
2580,Cliente_392,Cuenta,Crítica,Ana L.,49,3,Resuelto,2024-07-26
2581,Cliente_221,Entrega,Baja,Carlos M.,23,4,Resuelto,2025-07-05
2582,Cliente_119,Cuenta,Media,Carlos M.,44,4,En espera,2024-07-08
2583,Cliente_309,Técnico,Alta,Ana L.,44,3,Abierto,2025-05-16
2584,Cliente_183,Cuenta,Media,Fernanda P.,19,2,Resuelto,2024-05-02
2585,Cliente_288,Técnico,Baja,Ana L.,44,3,Resuelto,2024-04-14
2586,Cliente_307,Entrega,Alta,Fernanda P.,11,2,Abierto,2025-08-13
2587,Cliente_300,Producto,Alta,Fernanda P.,60,5,Resuelto,2024-07-17
2588,Cliente_82,Técnico,Crítica,Fernanda P.,38,1,Escalado,2024-07-30
2589,Cliente_454,Producto,Media,Fernanda P.,3,3,Resuelto,2025-06-08
2590,Cliente_402,Producto,Media,Fernanda P.,16,4,En espera,2024-10-11
2591,Cliente_211,Técnico,Media,Carlos M.,9,2,Resuelto,2024-11-19
2592,Cliente_150,Entrega,Baja,Fernanda P.,41,1,Resuelto,2025-04-11
2593,Cliente_37,Facturación,Alta,Carlos M.,38,1,Resuelto,2024-05-17
2594,Cliente_352,Producto,Media,Fernanda P.,69,3,Resuelto,2024-12-21
2595,Cliente_312,Producto,Media,Carlos M.,65,4,En espera,2024-03-16
2596,Cliente_361,Entrega,Media,Ana L.,35,3,Resuelto,2025-02-14
2597,Cliente_59,Entrega,Alta,Ana L.,35,4,Resuelto,2024-12-20
2598,Cliente_131,Cuenta,Crítica,Carlos M.,48,5,Resuelto,2024-03-10
2599,Cliente_412,Entrega,Media,Fernanda P.,8,3,Resuelto,2025-07-10
2600,Cliente_202,Producto,Media,Carlos M.,27,2,Resuelto,2024-06-26
2601,Cliente_243,Técnico,Alta,Carlos M.,9,3,Resuelto,2024-09-26
2602,Cliente_35,Facturación,Media,Fernanda P.,30,3,Escalado,2024-08-31
2603,Cliente_445,Cuenta,Baja,Ana L.,14,5,Resuelto,2024-06-04
2604,Cliente_93,Técnico,Baja,Carlos M.,23,5,En espera,2024-07-07
2605,Cliente_438,Facturación,Baja,Ana L.,29,3,Resuelto,2024-07-17
2606,Cliente_447,Facturación,Media,Ana L.,26,4,Resuelto,2024-03-15
2607,Cliente_207,Facturación,Alta,Ana L.,15,5,En espera,2025-06-28
2608,Cliente_353,Técnico,Media,Carlos M.,67,5,Resuelto,2024-04-02
2609,Cliente_391,Cuenta,Media,Carlos M.,16,4,Resuelto,2024-07-10
2610,Cliente_332,Cuenta,Crítica,Fernanda P.,13,1,Resuelto,2024-04-15
2611,Cliente_305,Facturación,Alta,Fernanda P.,24,5,Resuelto,2025-03-13
2612,Cliente_350,Técnico,Media,Carlos M.,62,5,Resuelto,2024-08-18
2613,Cliente_213,Facturación,Baja,Fernanda P.,57,4,Abierto,2024-10-25
2614,Cliente_159,Entrega,Baja,Ana L.,36,4,Escalado,2024-01-28
2615,Cliente_442,Cuenta,Baja,Ana L.,60,3,Abierto,2024-11-09
2616,Cliente_445,Producto,Baja,Carlos M.,22,3,Resuelto,2025-06-10
2617,Cliente_24,Facturación,Baja,Ana L.,3,1,Resuelto,2024-12-28
2618,Cliente_404,Entrega,Media,Carlos M.,36,1,En espera,2025-01-04
2619,Cliente_293,Cuenta,Baja,Carlos M.,36,1,Resuelto,2024-03-30
2620,Cliente_4,Técnico,Baja,Carlos M.,10,2,Resuelto,2025-06-21
2621,Cliente_220,Cuenta,Baja,Ana L.,21,4,Resuelto,2024-12-16
2622,Cliente_364,Técnico,Media,Carlos M.,49,5,Resuelto,2025-03-20
2623,Cliente_382,Técnico,Media,Carlos M.,9,4,Abierto,2024-05-08
2624,Cliente_20,Facturación,Media,Fernanda P.,52,4,Resuelto,2024-03-22
2625,Cliente_444,Facturación,Baja,Ana L.,48,1,Resuelto,2024-07-27
2626,Cliente_152,Cuenta,Media,Carlos M.,60,4,Abierto,2024-02-15
2627,Cliente_50,Entrega,Baja,Fernanda P.,50,2,Resuelto,2025-05-06
2628,Cliente_177,Cuenta,Baja,Carlos M.,39,5,Resuelto,2024-01-01
2629,Cliente_435,Producto,Alta,Ana L.,16,1,Resuelto,2025-07-16
2630,Cliente_96,Técnico,Crítica,Fernanda P.,28,3,Resuelto,2024-06-12
2631,Cliente_105,Técnico,Media,Fernanda P.,6,5,Resuelto,2025-04-03
2632,Cliente_420,Facturación,Crítica,Carlos M.,61,3,En espera,2024-09-14
2633,Cliente_250,Entrega,Media,Carlos M.,6,3,Abierto,2024-04-09
2634,Cliente_117,Facturación,Baja,Ana L.,66,4,Resuelto,2025-06-20
2635,Cliente_354,Producto,Crítica,Ana L.,40,5,Resuelto,2024-05-26
2636,Cliente_228,Cuenta,Baja,Carlos M.,71,2,Abierto,2025-08-05
2637,Cliente_66,Cuenta,Media,Fernanda P.,62,4,Resuelto,2024-01-14
2638,Cliente_335,Entrega,Baja,Ana L.,28,3,Resuelto,2025-03-05
2639,Cliente_418,Facturación,Media,Ana L.,47,5,Resuelto,2024-10-19
2640,Cliente_420,Facturación,Media,Fernanda P.,9,4,Resuelto,2024-09-25
2641,Cliente_262,Producto,Media,Carlos M.,52,5,Resuelto,2025-03-30
2642,Cliente_295,Cuenta,Baja,Ana L.,15,1,Resuelto,2024-12-03
2643,Cliente_426,Facturación,Media,Fernanda P.,34,2,Resuelto,2025-03-11
2644,Cliente_243,Entrega,Media,Ana L.,20,2,Escalado,2025-08-07
2645,Cliente_371,Cuenta,Crítica,Fernanda P.,60,2,Resuelto,2024-03-27
2646,Cliente_186,Producto,Alta,Ana L.,58,3,Resuelto,2024-12-16
2647,Cliente_246,Entrega,Media,Carlos M.,67,3,Resuelto,2025-02-27
2648,Cliente_125,Técnico,Baja,Fernanda P.,2,2,Resuelto,2024-08-18
2649,Cliente_268,Producto,Alta,Ana L.,50,5,Resuelto,2025-07-21
2650,Cliente_131,Entrega,Baja,Ana L.,14,1,Resuelto,2024-08-02
2651,Cliente_237,Facturación,Baja,Fernanda P.,56,3,Resuelto,2025-03-23
2652,Cliente_18,Técnico,Media,Fernanda P.,69,4,Abierto,2024-05-15
2653,Cliente_40,Producto,Alta,Carlos M.,44,4,Abierto,2024-09-10
2654,Cliente_21,Facturación,Baja,Fernanda P.,46,3,Resuelto,2024-11-24
2655,Cliente_399,Técnico,Baja,Ana L.,6,2,Resuelto,2025-06-11
2656,Cliente_225,Cuenta,Media,Carlos M.,8,5,Resuelto,2025-05-15
2657,Cliente_355,Facturación,Baja,Fernanda P.,39,1,Resuelto,2024-09-20
2658,Cliente_282,Entrega,Media,Ana L.,44,4,Resuelto,2025-01-07
2659,Cliente_8,Producto,Media,Fernanda P.,27,3,Abierto,2024-02-29
2660,Cliente_100,Técnico,Media,Ana L.,16,5,Resuelto,2025-04-02
2661,Cliente_240,Facturación,Baja,Ana L.,39,2,En espera,2025-04-04
2662,Cliente_478,Cuenta,Baja,Carlos M.,1,1,Resuelto,2024-07-05
2663,Cliente_87,Producto,Alta,Carlos M.,51,1,Resuelto,2025-01-11
2664,Cliente_298,Producto,Alta,Fernanda P.,63,4,Resuelto,2025-02-17
2665,Cliente_428,Facturación,Baja,Carlos M.,33,4,Resuelto,2024-02-13
2666,Cliente_14,Cuenta,Baja,Fernanda P.,50,3,Resuelto,2025-04-23
2667,Cliente_334,Técnico,Baja,Carlos M.,54,1,Resuelto,2024-06-14
2668,Cliente_2,Facturación,Media,Carlos M.,27,2,Resuelto,2024-06-01
2669,Cliente_375,Técnico,Alta,Fernanda P.,19,2,Resuelto,2024-05-31
2670,Cliente_293,Producto,Media,Carlos M.,28,3,Resuelto,2024-04-06
2671,Cliente_325,Técnico,Media,Carlos M.,23,1,Resuelto,2024-05-16
2672,Cliente_422,Cuenta,Alta,Carlos M.,64,4,Escalado,2024-08-04
2673,Cliente_493,Entrega,Crítica,Carlos M.,39,2,Resuelto,2024-12-05
2674,Cliente_41,Cuenta,Baja,Fernanda P.,49,5,Resuelto,2024-07-27
2675,Cliente_318,Técnico,Baja,Ana L.,59,3,Resuelto,2024-02-21
2676,Cliente_316,Facturación,Baja,Fernanda P.,20,2,Resuelto,2024-07-16
2677,Cliente_381,Producto,Alta,Fernanda P.,61,5,Escalado,2025-03-23
2678,Cliente_111,Entrega,Alta,Fernanda P.,9,5,Resuelto,2025-07-01
2679,Cliente_14,Facturación,Media,Carlos M.,23,2,Abierto,2024-04-14
2680,Cliente_231,Facturación,Baja,Carlos M.,7,3,Resuelto,2024-12-25
2681,Cliente_473,Cuenta,Baja,Ana L.,31,5,En espera,2025-06-07
2682,Cliente_84,Técnico,Baja,Carlos M.,60,5,Abierto,2025-04-22
2683,Cliente_130,Cuenta,Media,Ana L.,61,1,Resuelto,2024-08-01
2684,Cliente_231,Técnico,Baja,Ana L.,26,1,Escalado,2025-07-07
2685,Cliente_326,Cuenta,Baja,Carlos M.,54,1,Escalado,2024-12-14
2686,Cliente_145,Facturación,Alta,Ana L.,31,5,Resuelto,2025-04-16
2687,Cliente_379,Producto,Baja,Fernanda P.,41,5,Resuelto,2024-03-07
2688,Cliente_345,Técnico,Media,Fernanda P.,28,3,Resuelto,2024-06-17
2689,Cliente_28,Entrega,Baja,Fernanda P.,6,4,Escalado,2024-05-31
2690,Cliente_66,Entrega,Alta,Ana L.,34,1,Resuelto,2025-04-18
2691,Cliente_163,Facturación,Media,Ana L.,9,4,Resuelto,2024-07-15
2692,Cliente_229,Cuenta,Crítica,Fernanda P.,12,1,Resuelto,2024-01-13
2693,Cliente_261,Cuenta,Media,Carlos M.,16,1,Resuelto,2024-06-10
2694,Cliente_449,Facturación,Crítica,Fernanda P.,71,3,Resuelto,2025-04-30
2695,Cliente_424,Entrega,Alta,Carlos M.,31,3,Resuelto,2024-11-27
2696,Cliente_460,Entrega,Media,Carlos M.,33,2,Resuelto,2024-02-17
2697,Cliente_440,Cuenta,Crítica,Ana L.,7,1,Escalado,2025-07-08
2698,Cliente_164,Técnico,Media,Ana L.,3,1,Resuelto,2025-08-15
2699,Cliente_301,Producto,Media,Carlos M.,20,1,Resuelto,2024-03-08
2700,Cliente_407,Técnico,Baja,Carlos M.,5,3,Resuelto,2024-08-21
2701,Cliente_303,Entrega,Media,Carlos M.,67,1,Resuelto,2024-08-28
2702,Cliente_287,Técnico,Alta,Ana L.,38,2,Abierto,2025-03-31
2703,Cliente_395,Producto,Alta,Fernanda P.,56,5,Resuelto,2024-07-28
2704,Cliente_10,Técnico,Baja,Carlos M.,23,2,Abierto,2024-06-02
2705,Cliente_195,Técnico,Media,Ana L.,2,5,Escalado,2024-06-07
2706,Cliente_118,Técnico,Baja,Fernanda P.,21,3,Resuelto,2024-06-30
2707,Cliente_270,Técnico,Media,Ana L.,14,4,Escalado,2024-07-02
2708,Cliente_80,Facturación,Baja,Fernanda P.,62,3,Resuelto,2025-07-21
2709,Cliente_458,Entrega,Crítica,Ana L.,11,4,Resuelto,2025-07-18
2710,Cliente_93,Producto,Baja,Fernanda P.,4,5,Resuelto,2024-07-18
2711,Cliente_266,Entrega,Baja,Carlos M.,47,4,Resuelto,2025-06-29
2712,Cliente_332,Facturación,Alta,Ana L.,20,5,Resuelto,2024-02-15
2713,Cliente_350,Facturación,Media,Fernanda P.,52,4,Resuelto,2024-12-05
2714,Cliente_361,Facturación,Baja,Fernanda P.,16,5,Resuelto,2025-07-15
2715,Cliente_257,Facturación,Media,Fernanda P.,45,4,Resuelto,2025-05-10
2716,Cliente_133,Técnico,Baja,Carlos M.,8,5,Resuelto,2025-06-06
2717,Cliente_276,Entrega,Crítica,Ana L.,62,2,Resuelto,2024-08-18
2718,Cliente_264,Cuenta,Media,Fernanda P.,21,1,Resuelto,2024-03-26
2719,Cliente_171,Producto,Baja,Carlos M.,64,2,Resuelto,2024-05-25
2720,Cliente_460,Facturación,Media,Carlos M.,30,3,Resuelto,2024-11-13
2721,Cliente_1,Entrega,Baja,Carlos M.,36,4,Resuelto,2025-06-18
2722,Cliente_313,Facturación,Alta,Carlos M.,5,5,Resuelto,2024-12-25
2723,Cliente_64,Facturación,Crítica,Carlos M.,38,2,Resuelto,2024-06-29
2724,Cliente_374,Facturación,Alta,Carlos M.,19,2,Resuelto,2025-07-27
2725,Cliente_468,Facturación,Media,Carlos M.,27,5,Resuelto,2024-03-14
2726,Cliente_284,Facturación,Media,Ana L.,13,4,Resuelto,2025-06-12
2727,Cliente_121,Producto,Baja,Ana L.,9,3,Resuelto,2024-09-11
2728,Cliente_107,Entrega,Media,Carlos M.,17,3,Resuelto,2024-12-30
2729,Cliente_421,Facturación,Media,Fernanda P.,44,3,Resuelto,2024-09-20
2730,Cliente_175,Facturación,Media,Fernanda P.,45,5,Resuelto,2024-07-03
2731,Cliente_485,Facturación,Crítica,Fernanda P.,42,2,En espera,2025-03-07
2732,Cliente_204,Facturación,Baja,Carlos M.,51,3,Resuelto,2025-05-02
2733,Cliente_165,Técnico,Baja,Fernanda P.,58,2,Escalado,2024-04-15
2734,Cliente_305,Técnico,Baja,Ana L.,58,3,Escalado,2025-03-09
2735,Cliente_497,Cuenta,Baja,Ana L.,30,3,Escalado,2025-07-20
2736,Cliente_120,Facturación,Baja,Ana L.,5,4,Resuelto,2024-05-16
2737,Cliente_44,Cuenta,Media,Ana L.,8,5,Resuelto,2024-10-14
2738,Cliente_312,Producto,Media,Carlos M.,37,4,Resuelto,2024-12-08
2739,Cliente_156,Cuenta,Baja,Ana L.,47,2,Resuelto,2024-12-17
2740,Cliente_367,Entrega,Alta,Fernanda P.,45,2,Resuelto,2025-07-22
2741,Cliente_207,Técnico,Baja,Fernanda P.,5,5,Resuelto,2024-01-05
2742,Cliente_390,Técnico,Media,Ana L.,63,3,Abierto,2025-03-24
2743,Cliente_108,Facturación,Media,Ana L.,47,5,Escalado,2025-05-12
2744,Cliente_251,Facturación,Media,Ana L.,25,3,Resuelto,2024-08-10
2745,Cliente_445,Producto,Crítica,Fernanda P.,50,1,Resuelto,2024-05-16
2746,Cliente_404,Producto,Baja,Fernanda P.,45,1,Escalado,2025-06-21
2747,Cliente_370,Entrega,Media,Ana L.,30,5,Resuelto,2024-07-12
2748,Cliente_334,Facturación,Alta,Fernanda P.,48,1,Escalado,2024-12-02
2749,Cliente_130,Facturación,Media,Fernanda P.,51,1,En espera,2024-01-06
2750,Cliente_457,Producto,Baja,Carlos M.,55,2,Resuelto,2024-07-31
2751,Cliente_293,Producto,Media,Ana L.,55,3,Resuelto,2025-08-09
2752,Cliente_20,Producto,Media,Ana L.,46,1,Abierto,2025-05-19
2753,Cliente_282,Técnico,Alta,Carlos M.,31,4,Resuelto,2024-08-18
2754,Cliente_285,Cuenta,Baja,Carlos M.,34,2,Resuelto,2024-03-31
2755,Cliente_1,Cuenta,Baja,Fernanda P.,68,3,Resuelto,2024-12-05
2756,Cliente_119,Facturación,Media,Carlos M.,33,2,Resuelto,2025-06-22
2757,Cliente_35,Técnico,Baja,Ana L.,56,4,Abierto,2025-06-13
2758,Cliente_198,Producto,Baja,Ana L.,58,3,Resuelto,2024-07-28
2759,Cliente_485,Facturación,Baja,Ana L.,57,5,Resuelto,2025-01-14
2760,Cliente_245,Técnico,Baja,Fernanda P.,17,5,En espera,2024-01-11
2761,Cliente_59,Entrega,Baja,Fernanda P.,11,2,Resuelto,2025-05-30
2762,Cliente_325,Técnico,Crítica,Ana L.,71,5,Resuelto,2025-08-17
2763,Cliente_161,Facturación,Baja,Ana L.,17,3,Resuelto,2025-07-08
2764,Cliente_497,Cuenta,Baja,Fernanda P.,10,4,Resuelto,2025-07-04
2765,Cliente_179,Producto,Baja,Fernanda P.,26,4,Resuelto,2024-03-24
2766,Cliente_206,Entrega,Crítica,Carlos M.,6,5,Resuelto,2024-12-02
2767,Cliente_12,Técnico,Alta,Fernanda P.,16,1,Resuelto,2024-02-24
2768,Cliente_490,Facturación,Alta,Fernanda P.,4,1,Resuelto,2024-11-16
2769,Cliente_276,Facturación,Baja,Ana L.,62,1,Resuelto,2024-04-02
2770,Cliente_181,Producto,Alta,Ana L.,64,5,Resuelto,2024-04-17
2771,Cliente_242,Facturación,Media,Ana L.,56,5,Resuelto,2024-12-15
2772,Cliente_216,Facturación,Baja,Carlos M.,23,5,Resuelto,2025-02-12
2773,Cliente_251,Producto,Media,Fernanda P.,33,3,En espera,2025-07-02
2774,Cliente_299,Entrega,Alta,Carlos M.,31,1,Resuelto,2025-08-09
2775,Cliente_126,Cuenta,Alta,Fernanda P.,7,2,Resuelto,2024-07-26
2776,Cliente_482,Cuenta,Alta,Fernanda P.,5,3,En espera,2025-05-03
2777,Cliente_217,Técnico,Crítica,Ana L.,37,3,Resuelto,2024-03-13
2778,Cliente_306,Entrega,Baja,Fernanda P.,1,5,Resuelto,2024-03-31
2779,Cliente_285,Técnico,Media,Carlos M.,70,5,Resuelto,2025-03-23
2780,Cliente_185,Cuenta,Baja,Ana L.,45,3,Resuelto,2024-08-22
2781,Cliente_39,Producto,Alta,Carlos M.,47,5,Resuelto,2025-08-02
2782,Cliente_223,Facturación,Baja,Carlos M.,68,1,Abierto,2024-08-11
2783,Cliente_184,Cuenta,Alta,Ana L.,30,3,Resuelto,2024-08-03
2784,Cliente_495,Entrega,Media,Fernanda P.,60,3,Resuelto,2024-06-14
2785,Cliente_427,Cuenta,Media,Carlos M.,24,3,Abierto,2025-03-09
2786,Cliente_178,Entrega,Baja,Fernanda P.,31,5,Abierto,2024-03-01
2787,Cliente_407,Entrega,Media,Ana L.,28,3,Resuelto,2024-03-10
2788,Cliente_428,Entrega,Alta,Fernanda P.,45,2,Resuelto,2025-06-26
2789,Cliente_294,Técnico,Baja,Fernanda P.,4,2,Resuelto,2024-07-03
2790,Cliente_340,Producto,Media,Ana L.,61,1,Resuelto,2024-05-06
2791,Cliente_151,Cuenta,Baja,Fernanda P.,39,3,Resuelto,2024-05-19
2792,Cliente_384,Producto,Media,Carlos M.,24,3,Resuelto,2024-09-19
2793,Cliente_126,Facturación,Baja,Carlos M.,71,5,Resuelto,2025-08-22
2794,Cliente_301,Cuenta,Baja,Carlos M.,46,4,Resuelto,2024-06-04
2795,Cliente_308,Producto,Alta,Fernanda P.,53,4,Escalado,2024-11-26
2796,Cliente_336,Producto,Media,Carlos M.,48,3,En espera,2025-04-24
2797,Cliente_434,Facturación,Baja,Fernanda P.,9,1,Resuelto,2024-11-16
2798,Cliente_234,Entrega,Media,Fernanda P.,22,2,Resuelto,2024-06-12
2799,Cliente_380,Cuenta,Baja,Fernanda P.,2,3,Resuelto,2024-11-21
2800,Cliente_375,Cuenta,Baja,Fernanda P.,16,3,Resuelto,2024-05-17
2801,Cliente_8,Facturación,Media,Ana L.,5,1,Resuelto,2024-07-20
2802,Cliente_498,Entrega,Baja,Carlos M.,12,1,Resuelto,2024-03-30
2803,Cliente_341,Cuenta,Media,Carlos M.,52,4,En espera,2025-03-24
2804,Cliente_129,Cuenta,Media,Fernanda P.,26,3,Resuelto,2025-08-08
2805,Cliente_264,Cuenta,Alta,Ana L.,15,3,Resuelto,2025-03-21
2806,Cliente_157,Entrega,Crítica,Fernanda P.,67,5,Resuelto,2025-04-26
2807,Cliente_352,Facturación,Baja,Carlos M.,59,2,Resuelto,2024-12-23
2808,Cliente_358,Cuenta,Media,Carlos M.,39,5,Resuelto,2025-08-22
2809,Cliente_5,Producto,Media,Ana L.,63,5,Resuelto,2024-01-19
2810,Cliente_495,Entrega,Baja,Fernanda P.,25,2,Abierto,2024-01-30
2811,Cliente_86,Técnico,Alta,Ana L.,41,3,Resuelto,2024-08-01
2812,Cliente_175,Facturación,Alta,Fernanda P.,28,4,Resuelto,2025-02-19
2813,Cliente_290,Producto,Media,Ana L.,21,2,Escalado,2024-06-16
2814,Cliente_193,Cuenta,Media,Carlos M.,61,1,Resuelto,2024-12-21
2815,Cliente_311,Técnico,Baja,Ana L.,57,3,Resuelto,2024-12-29
2816,Cliente_119,Facturación,Media,Carlos M.,11,2,Resuelto,2024-12-01
2817,Cliente_218,Entrega,Alta,Carlos M.,19,2,Resuelto,2024-03-25
2818,Cliente_427,Técnico,Media,Fernanda P.,1,2,Escalado,2024-04-13
2819,Cliente_458,Técnico,Baja,Ana L.,32,4,Resuelto,2024-04-27
2820,Cliente_414,Producto,Media,Ana L.,34,5,Escalado,2024-02-07
2821,Cliente_114,Facturación,Media,Ana L.,17,5,Resuelto,2025-04-27
2822,Cliente_466,Producto,Media,Ana L.,55,2,Resuelto,2025-04-25
2823,Cliente_145,Producto,Media,Fernanda P.,19,2,Resuelto,2024-05-15
2824,Cliente_26,Cuenta,Media,Fernanda P.,42,5,Resuelto,2024-03-16
2825,Cliente_136,Entrega,Alta,Fernanda P.,59,4,Abierto,2024-10-21
2826,Cliente_303,Técnico,Alta,Carlos M.,38,3,Escalado,2024-11-11
2827,Cliente_232,Facturación,Baja,Carlos M.,31,5,Resuelto,2025-05-11
2828,Cliente_369,Entrega,Crítica,Carlos M.,66,2,Resuelto,2025-07-21
2829,Cliente_76,Entrega,Media,Fernanda P.,69,4,Resuelto,2024-01-18
2830,Cliente_475,Facturación,Alta,Carlos M.,50,4,Abierto,2025-03-07
2831,Cliente_328,Entrega,Alta,Ana L.,30,2,Resuelto,2024-05-28
2832,Cliente_345,Cuenta,Media,Carlos M.,35,1,Resuelto,2025-03-15
2833,Cliente_302,Entrega,Alta,Fernanda P.,59,4,Resuelto,2024-08-06
2834,Cliente_452,Cuenta,Baja,Fernanda P.,17,5,Resuelto,2024-01-06
2835,Cliente_289,Técnico,Baja,Fernanda P.,66,1,Resuelto,2024-09-07
2836,Cliente_1,Técnico,Media,Fernanda P.,21,3,Abierto,2024-03-01
2837,Cliente_147,Producto,Alta,Ana L.,52,5,Resuelto,2025-04-23
2838,Cliente_287,Cuenta,Alta,Carlos M.,65,2,En espera,2024-03-08
2839,Cliente_464,Técnico,Media,Carlos M.,14,1,Resuelto,2025-03-16
2840,Cliente_142,Entrega,Media,Fernanda P.,16,5,Resuelto,2024-09-09
2841,Cliente_53,Facturación,Media,Carlos M.,55,4,Resuelto,2025-06-12
2842,Cliente_304,Facturación,Crítica,Ana L.,9,2,Abierto,2024-03-07
2843,Cliente_69,Cuenta,Media,Fernanda P.,8,1,Resuelto,2025-05-29
2844,Cliente_361,Producto,Alta,Carlos M.,34,4,Escalado,2024-06-03
2845,Cliente_90,Entrega,Media,Carlos M.,33,2,Abierto,2025-05-27
2846,Cliente_446,Cuenta,Media,Carlos M.,7,2,Resuelto,2024-11-30
2847,Cliente_220,Facturación,Media,Carlos M.,21,1,Abierto,2025-01-22
2848,Cliente_450,Cuenta,Crítica,Fernanda P.,5,1,Resuelto,2024-01-04
2849,Cliente_498,Entrega,Media,Fernanda P.,71,1,Abierto,2025-01-14
2850,Cliente_192,Técnico,Crítica,Ana L.,12,5,Escalado,2024-02-02
2851,Cliente_454,Entrega,Baja,Fernanda P.,59,2,Abierto,2024-01-11
2852,Cliente_63,Técnico,Media,Carlos M.,58,3,Resuelto,2025-05-23
2853,Cliente_73,Técnico,Alta,Carlos M.,37,4,Abierto,2024-07-03
2854,Cliente_161,Técnico,Alta,Carlos M.,45,1,Resuelto,2024-06-02
2855,Cliente_169,Cuenta,Crítica,Ana L.,25,2,Resuelto,2025-05-26
2856,Cliente_89,Facturación,Baja,Fernanda P.,27,4,Resuelto,2024-08-15
2857,Cliente_176,Cuenta,Baja,Fernanda P.,51,3,Escalado,2025-04-19
2858,Cliente_269,Facturación,Media,Fernanda P.,42,4,Resuelto,2024-04-11
2859,Cliente_73,Entrega,Baja,Carlos M.,71,3,Resuelto,2024-09-14
2860,Cliente_245,Producto,Crítica,Carlos M.,42,1,Resuelto,2024-03-12
2861,Cliente_77,Entrega,Baja,Carlos M.,60,5,Abierto,2025-05-13
2862,Cliente_159,Cuenta,Media,Ana L.,72,3,Resuelto,2024-12-25
2863,Cliente_489,Cuenta,Baja,Ana L.,58,1,En espera,2024-08-28
2864,Cliente_459,Facturación,Media,Carlos M.,72,4,Resuelto,2024-04-24
2865,Cliente_324,Cuenta,Media,Ana L.,22,4,Abierto,2025-07-30
2866,Cliente_98,Técnico,Baja,Ana L.,58,4,Resuelto,2025-02-13
2867,Cliente_381,Cuenta,Media,Ana L.,11,5,Resuelto,2025-03-02
2868,Cliente_102,Facturación,Media,Fernanda P.,6,2,Resuelto,2025-06-11
2869,Cliente_494,Facturación,Crítica,Ana L.,22,3,Resuelto,2025-06-30
2870,Cliente_132,Técnico,Baja,Carlos M.,12,2,Resuelto,2024-05-19
2871,Cliente_102,Facturación,Media,Fernanda P.,27,4,Escalado,2024-11-03
2872,Cliente_19,Producto,Crítica,Ana L.,1,5,Abierto,2025-01-26
2873,Cliente_454,Entrega,Alta,Carlos M.,64,1,Resuelto,2024-03-27
2874,Cliente_482,Cuenta,Crítica,Ana L.,39,5,Escalado,2024-05-18
2875,Cliente_82,Producto,Crítica,Carlos M.,60,2,Abierto,2025-01-13
2876,Cliente_397,Cuenta,Media,Carlos M.,70,4,Resuelto,2024-02-12
2877,Cliente_489,Producto,Media,Ana L.,54,3,Resuelto,2024-03-09
2878,Cliente_279,Cuenta,Baja,Ana L.,25,5,Resuelto,2024-06-01
2879,Cliente_339,Técnico,Media,Fernanda P.,20,2,Resuelto,2025-04-16
2880,Cliente_365,Facturación,Alta,Ana L.,36,2,En espera,2024-10-16
2881,Cliente_331,Facturación,Media,Carlos M.,23,1,Resuelto,2025-05-09
2882,Cliente_129,Técnico,Alta,Fernanda P.,1,3,Resuelto,2025-08-13
2883,Cliente_344,Producto,Alta,Carlos M.,27,2,Abierto,2024-04-20
2884,Cliente_310,Entrega,Baja,Carlos M.,52,3,Escalado,2024-09-24
2885,Cliente_455,Producto,Alta,Ana L.,2,4,Resuelto,2025-02-16
2886,Cliente_89,Facturación,Media,Carlos M.,21,5,Resuelto,2025-04-21
2887,Cliente_213,Entrega,Baja,Ana L.,9,2,Resuelto,2024-11-30
2888,Cliente_143,Cuenta,Alta,Carlos M.,48,4,Abierto,2025-01-21
2889,Cliente_65,Entrega,Media,Fernanda P.,39,1,Escalado,2024-12-01
2890,Cliente_76,Producto,Alta,Ana L.,42,3,Resuelto,2025-04-11
2891,Cliente_199,Técnico,Media,Fernanda P.,71,4,Resuelto,2025-08-05
2892,Cliente_143,Cuenta,Media,Ana L.,45,3,Resuelto,2024-08-28
2893,Cliente_405,Producto,Alta,Fernanda P.,2,3,Abierto,2024-08-15
2894,Cliente_403,Cuenta,Media,Ana L.,67,2,Resuelto,2024-03-13
2895,Cliente_316,Entrega,Media,Fernanda P.,43,3,En espera,2025-06-12
2896,Cliente_93,Facturación,Baja,Fernanda P.,18,4,Resuelto,2024-04-06
2897,Cliente_473,Producto,Alta,Ana L.,39,1,Abierto,2024-09-14
2898,Cliente_417,Técnico,Baja,Ana L.,6,2,Resuelto,2024-09-19
2899,Cliente_305,Entrega,Alta,Carlos M.,42,5,Resuelto,2024-08-10
2900,Cliente_224,Producto,Media,Carlos M.,52,1,Resuelto,2025-06-09
2901,Cliente_497,Técnico,Media,Ana L.,27,4,Resuelto,2025-04-29
2902,Cliente_291,Producto,Crítica,Ana L.,15,2,Resuelto,2024-09-16
2903,Cliente_428,Entrega,Baja,Fernanda P.,19,3,Resuelto,2024-07-09
2904,Cliente_102,Producto,Media,Fernanda P.,62,1,Resuelto,2024-09-22
2905,Cliente_474,Cuenta,Alta,Carlos M.,64,2,Resuelto,2025-07-10
2906,Cliente_267,Entrega,Alta,Carlos M.,51,5,Resuelto,2024-08-03
2907,Cliente_355,Producto,Media,Carlos M.,47,5,Abierto,2024-10-26
2908,Cliente_456,Facturación,Media,Fernanda P.,57,5,Abierto,2024-05-25
2909,Cliente_110,Producto,Alta,Fernanda P.,20,2,Resuelto,2025-06-06
2910,Cliente_462,Cuenta,Alta,Fernanda P.,20,1,Resuelto,2024-06-30
2911,Cliente_330,Técnico,Alta,Carlos M.,64,3,Abierto,2025-05-06
2912,Cliente_450,Técnico,Media,Ana L.,38,1,Resuelto,2024-05-08
2913,Cliente_430,Técnico,Crítica,Carlos M.,38,3,Resuelto,2025-07-18
2914,Cliente_265,Facturación,Media,Fernanda P.,65,1,Resuelto,2024-02-02
2915,Cliente_3,Cuenta,Baja,Carlos M.,5,1,Resuelto,2025-01-25
2916,Cliente_85,Entrega,Media,Carlos M.,64,2,Resuelto,2024-03-23
2917,Cliente_282,Técnico,Baja,Carlos M.,27,5,Abierto,2024-01-25
2918,Cliente_328,Cuenta,Baja,Carlos M.,20,5,Resuelto,2025-03-28
2919,Cliente_304,Producto,Baja,Fernanda P.,60,5,Escalado,2025-03-08
2920,Cliente_450,Facturación,Baja,Carlos M.,40,5,En espera,2024-03-14
2921,Cliente_454,Cuenta,Media,Fernanda P.,6,1,Abierto,2025-03-05
2922,Cliente_412,Cuenta,Baja,Carlos M.,36,5,Resuelto,2025-05-17
2923,Cliente_117,Entrega,Baja,Fernanda P.,65,1,Resuelto,2025-05-22
2924,Cliente_221,Cuenta,Baja,Ana L.,11,3,Resuelto,2025-01-30
2925,Cliente_154,Entrega,Baja,Fernanda P.,49,4,Resuelto,2024-08-05
2926,Cliente_153,Facturación,Baja,Fernanda P.,28,4,Escalado,2025-04-04
2927,Cliente_12,Facturación,Media,Ana L.,22,3,Resuelto,2024-11-13
2928,Cliente_133,Producto,Crítica,Ana L.,47,1,Abierto,2024-11-13
2929,Cliente_482,Entrega,Alta,Ana L.,66,5,Resuelto,2025-08-10
2930,Cliente_304,Entrega,Alta,Ana L.,25,2,En espera,2025-03-17
2931,Cliente_293,Técnico,Baja,Ana L.,67,1,Resuelto,2024-06-14
2932,Cliente_463,Técnico,Baja,Ana L.,32,1,Resuelto,2025-03-27
2933,Cliente_300,Producto,Baja,Carlos M.,17,3,Escalado,2024-05-24
2934,Cliente_228,Facturación,Alta,Carlos M.,40,3,Resuelto,2025-06-05
2935,Cliente_271,Técnico,Baja,Ana L.,30,2,Resuelto,2025-04-11
2936,Cliente_43,Cuenta,Media,Fernanda P.,59,5,Resuelto,2024-10-15
2937,Cliente_432,Facturación,Baja,Fernanda P.,28,4,Resuelto,2024-02-06
2938,Cliente_343,Cuenta,Baja,Ana L.,47,5,Resuelto,2025-02-15
2939,Cliente_326,Entrega,Crítica,Carlos M.,23,5,Resuelto,2025-01-20
2940,Cliente_302,Facturación,Alta,Carlos M.,57,1,Resuelto,2025-02-25
2941,Cliente_498,Producto,Alta,Fernanda P.,1,2,Abierto,2024-02-07
2942,Cliente_364,Entrega,Media,Ana L.,29,1,Resuelto,2025-06-16
2943,Cliente_379,Entrega,Alta,Carlos M.,50,3,En espera,2024-06-09
2944,Cliente_427,Cuenta,Media,Ana L.,64,4,Resuelto,2024-08-05
2945,Cliente_493,Entrega,Crítica,Ana L.,37,2,Abierto,2024-08-31
2946,Cliente_21,Técnico,Baja,Fernanda P.,61,2,Resuelto,2024-02-12
2947,Cliente_407,Facturación,Media,Ana L.,7,5,Resuelto,2024-04-27
2948,Cliente_107,Técnico,Media,Ana L.,64,1,Resuelto,2024-11-19
2949,Cliente_336,Cuenta,Media,Fernanda P.,18,5,Resuelto,2024-07-16
2950,Cliente_303,Cuenta,Alta,Carlos M.,29,5,Escalado,2025-04-26
2951,Cliente_117,Facturación,Crítica,Ana L.,60,2,En espera,2024-09-07
2952,Cliente_124,Entrega,Media,Fernanda P.,54,4,Resuelto,2025-04-12
2953,Cliente_399,Producto,Media,Carlos M.,72,3,Escalado,2024-05-04
2954,Cliente_281,Cuenta,Media,Ana L.,21,5,Resuelto,2025-07-02
2955,Cliente_292,Facturación,Alta,Carlos M.,21,4,Resuelto,2025-08-13
2956,Cliente_203,Producto,Media,Fernanda P.,58,5,Abierto,2025-05-17
2957,Cliente_51,Entrega,Baja,Ana L.,49,4,Resuelto,2024-04-13
2958,Cliente_271,Cuenta,Media,Fernanda P.,36,1,Resuelto,2024-08-21
2959,Cliente_324,Facturación,Baja,Fernanda P.,17,3,Resuelto,2024-03-13
2960,Cliente_277,Facturación,Alta,Ana L.,53,2,Resuelto,2024-02-03
2961,Cliente_141,Facturación,Media,Fernanda P.,15,1,Resuelto,2024-12-28
2962,Cliente_470,Cuenta,Media,Carlos M.,40,5,Resuelto,2024-06-10
2963,Cliente_275,Producto,Alta,Fernanda P.,51,5,Escalado,2024-09-16
2964,Cliente_290,Facturación,Baja,Ana L.,65,3,Resuelto,2025-04-20
2965,Cliente_334,Entrega,Baja,Ana L.,13,3,Resuelto,2024-12-02
2966,Cliente_381,Facturación,Media,Carlos M.,38,3,Abierto,2025-05-03
2967,Cliente_452,Producto,Baja,Ana L.,26,5,Resuelto,2024-07-15
2968,Cliente_496,Cuenta,Media,Fernanda P.,15,5,Resuelto,2024-08-17
2969,Cliente_373,Facturación,Crítica,Fernanda P.,5,2,Escalado,2024-04-09
2970,Cliente_52,Facturación,Alta,Ana L.,2,3,Escalado,2024-03-03
2971,Cliente_494,Entrega,Alta,Carlos M.,65,4,Resuelto,2024-11-29
2972,Cliente_27,Entrega,Crítica,Carlos M.,60,2,En espera,2024-10-10
2973,Cliente_157,Facturación,Media,Ana L.,56,4,En espera,2025-08-21
2974,Cliente_239,Facturación,Baja,Fernanda P.,38,1,Resuelto,2024-05-17
2975,Cliente_156,Entrega,Baja,Ana L.,57,3,Resuelto,2025-06-21
2976,Cliente_291,Producto,Alta,Ana L.,51,2,Resuelto,2025-02-22
2977,Cliente_136,Técnico,Media,Carlos M.,41,2,Resuelto,2024-10-16
2978,Cliente_144,Técnico,Baja,Fernanda P.,70,1,Resuelto,2025-03-02
2979,Cliente_106,Facturación,Media,Carlos M.,52,1,En espera,2025-03-03
2980,Cliente_420,Entrega,Media,Carlos M.,1,1,Resuelto,2024-02-12
2981,Cliente_158,Cuenta,Media,Fernanda P.,18,2,Resuelto,2024-11-03
2982,Cliente_146,Cuenta,Alta,Fernanda P.,27,5,Resuelto,2024-05-26
2983,Cliente_2,Técnico,Media,Fernanda P.,72,4,Resuelto,2025-01-15
2984,Cliente_433,Producto,Crítica,Ana L.,42,4,Resuelto,2024-04-25
2985,Cliente_77,Técnico,Media,Fernanda P.,6,1,Resuelto,2025-04-09
2986,Cliente_132,Facturación,Alta,Ana L.,24,5,Resuelto,2024-07-25
2987,Cliente_90,Producto,Crítica,Carlos M.,45,5,Abierto,2024-02-22
2988,Cliente_345,Cuenta,Crítica,Fernanda P.,71,1,Resuelto,2024-04-07
2989,Cliente_350,Entrega,Baja,Ana L.,7,3,Resuelto,2024-01-28
2990,Cliente_459,Entrega,Baja,Ana L.,16,2,Resuelto,2024-07-31
2991,Cliente_263,Facturación,Media,Ana L.,58,3,Escalado,2024-09-04
2992,Cliente_351,Técnico,Media,Ana L.,57,5,Resuelto,2025-05-04
2993,Cliente_108,Facturación,Media,Carlos M.,42,1,Resuelto,2025-06-19
2994,Cliente_74,Entrega,Crítica,Fernanda P.,14,2,Abierto,2024-11-27
2995,Cliente_39,Cuenta,Baja,Fernanda P.,56,4,Resuelto,2024-02-05
2996,Cliente_397,Entrega,Media,Fernanda P.,12,5,Resuelto,2024-07-15
2997,Cliente_159,Producto,Baja,Fernanda P.,15,2,Resuelto,2025-02-13
2998,Cliente_71,Entrega,Alta,Fernanda P.,8,2,Resuelto,2024-07-02
2999,Cliente_447,Entrega,Crítica,Fernanda P.,58,3,Resuelto,2024-03-07
3000,Cliente_312,Producto,Media,Ana L.,53,4,Resuelto,2024-02-02
3001,Cliente_241,Técnico,Baja,Fernanda P.,9,3,Resuelto,2024-06-15
3002,Cliente_426,Entrega,Alta,Ana L.,46,3,Abierto,2024-12-05
3003,Cliente_445,Facturación,Media,Carlos M.,7,3,Resuelto,2025-06-07
3004,Cliente_298,Entrega,Media,Ana L.,44,3,Resuelto,2024-09-01
3005,Cliente_440,Facturación,Alta,Carlos M.,14,5,Escalado,2025-04-30
3006,Cliente_36,Producto,Crítica,Fernanda P.,6,4,Resuelto,2025-08-18
3007,Cliente_84,Entrega,Media,Carlos M.,35,3,Resuelto,2024-02-12
3008,Cliente_452,Producto,Media,Carlos M.,70,5,Resuelto,2025-06-08
3009,Cliente_374,Producto,Baja,Ana L.,61,5,Resuelto,2025-04-01
3010,Cliente_263,Técnico,Media,Ana L.,24,2,Abierto,2024-04-25
3011,Cliente_310,Entrega,Media,Carlos M.,2,2,En espera,2024-04-15
3012,Cliente_385,Facturación,Media,Carlos M.,51,1,En espera,2024-12-10
3013,Cliente_172,Facturación,Baja,Fernanda P.,31,5,Resuelto,2025-01-23
3014,Cliente_376,Entrega,Baja,Ana L.,27,1,En espera,2025-06-18
3015,Cliente_173,Técnico,Baja,Carlos M.,31,5,Resuelto,2024-08-28
3016,Cliente_362,Técnico,Media,Ana L.,70,3,Resuelto,2024-04-05
3017,Cliente_47,Técnico,Media,Fernanda P.,43,3,Resuelto,2024-11-05
3018,Cliente_379,Facturación,Media,Fernanda P.,52,1,Escalado,2024-05-04
3019,Cliente_141,Producto,Media,Carlos M.,14,3,Resuelto,2024-08-21
3020,Cliente_375,Técnico,Media,Fernanda P.,59,3,En espera,2025-08-04
3021,Cliente_406,Facturación,Alta,Carlos M.,20,2,Resuelto,2024-07-24
3022,Cliente_118,Facturación,Media,Ana L.,52,3,Abierto,2024-08-20
3023,Cliente_277,Producto,Crítica,Ana L.,40,2,Resuelto,2024-04-29
3024,Cliente_214,Entrega,Media,Carlos M.,68,4,Resuelto,2025-04-21
3025,Cliente_220,Entrega,Media,Carlos M.,44,5,Escalado,2024-01-22
3026,Cliente_393,Técnico,Baja,Carlos M.,6,2,Resuelto,2024-07-30
3027,Cliente_26,Técnico,Media,Ana L.,57,2,Resuelto,2025-04-19
3028,Cliente_9,Producto,Alta,Ana L.,58,2,En espera,2025-05-10
3029,Cliente_271,Técnico,Crítica,Fernanda P.,72,5,En espera,2024-07-06
3030,Cliente_10,Producto,Crítica,Fernanda P.,30,5,Resuelto,2024-07-01
3031,Cliente_472,Facturación,Baja,Ana L.,52,5,Resuelto,2025-02-21
3032,Cliente_378,Técnico,Media,Ana L.,11,3,Resuelto,2025-07-06
3033,Cliente_121,Facturación,Media,Carlos M.,47,2,Resuelto,2025-06-23
3034,Cliente_125,Cuenta,Media,Ana L.,5,5,Resuelto,2025-06-16
3035,Cliente_170,Producto,Baja,Ana L.,3,4,Resuelto,2024-03-14
3036,Cliente_72,Cuenta,Alta,Fernanda P.,15,5,Resuelto,2024-02-05
3037,Cliente_152,Técnico,Crítica,Fernanda P.,2,1,Resuelto,2025-02-13
3038,Cliente_208,Facturación,Media,Carlos M.,2,1,Resuelto,2025-06-14
3039,Cliente_49,Técnico,Baja,Fernanda P.,72,2,Resuelto,2024-01-15
3040,Cliente_154,Cuenta,Baja,Carlos M.,54,2,Resuelto,2024-04-18
3041,Cliente_347,Técnico,Media,Ana L.,46,2,Resuelto,2024-05-03
3042,Cliente_293,Entrega,Media,Ana L.,41,3,Resuelto,2024-10-31
3043,Cliente_68,Cuenta,Crítica,Carlos M.,69,1,Abierto,2024-01-18
3044,Cliente_50,Técnico,Media,Fernanda P.,30,1,En espera,2024-03-24
3045,Cliente_152,Facturación,Media,Fernanda P.,44,2,Resuelto,2024-07-06
3046,Cliente_19,Técnico,Media,Ana L.,10,1,Resuelto,2024-06-12
3047,Cliente_100,Facturación,Baja,Fernanda P.,30,1,Abierto,2025-01-02
3048,Cliente_60,Entrega,Crítica,Carlos M.,49,3,Escalado,2025-01-28
3049,Cliente_167,Técnico,Media,Ana L.,35,4,Resuelto,2024-01-20
3050,Cliente_202,Entrega,Crítica,Fernanda P.,65,2,Resuelto,2024-04-22
3051,Cliente_345,Cuenta,Media,Ana L.,17,4,Resuelto,2024-11-12
3052,Cliente_146,Facturación,Alta,Ana L.,31,4,Resuelto,2024-12-22
3053,Cliente_403,Cuenta,Baja,Fernanda P.,70,3,Escalado,2024-05-29
3054,Cliente_164,Facturación,Media,Carlos M.,52,1,Abierto,2025-08-17
3055,Cliente_458,Entrega,Alta,Fernanda P.,26,2,Resuelto,2025-02-16
3056,Cliente_481,Producto,Alta,Fernanda P.,5,5,Abierto,2024-02-27
3057,Cliente_439,Técnico,Alta,Fernanda P.,14,4,Resuelto,2024-02-23
3058,Cliente_242,Entrega,Baja,Fernanda P.,51,4,Resuelto,2025-06-23
3059,Cliente_69,Facturación,Crítica,Fernanda P.,15,3,Resuelto,2024-12-26
3060,Cliente_175,Facturación,Crítica,Fernanda P.,12,4,Resuelto,2025-02-26
3061,Cliente_49,Facturación,Baja,Carlos M.,46,4,Resuelto,2024-02-26
3062,Cliente_483,Facturación,Crítica,Ana L.,64,4,Resuelto,2024-03-04
3063,Cliente_108,Técnico,Baja,Carlos M.,72,3,Abierto,2024-10-12
3064,Cliente_226,Cuenta,Media,Fernanda P.,59,1,Resuelto,2024-12-07
3065,Cliente_161,Producto,Media,Carlos M.,26,4,Resuelto,2025-05-23
3066,Cliente_119,Técnico,Crítica,Ana L.,29,2,Resuelto,2025-03-09
3067,Cliente_149,Facturación,Baja,Carlos M.,4,4,Resuelto,2025-03-13
3068,Cliente_465,Técnico,Media,Fernanda P.,50,4,Resuelto,2025-06-18
3069,Cliente_150,Entrega,Media,Ana L.,25,2,Resuelto,2025-06-13
3070,Cliente_432,Facturación,Media,Fernanda P.,40,3,Resuelto,2024-03-21
3071,Cliente_293,Producto,Media,Fernanda P.,32,5,Abierto,2025-01-15
3072,Cliente_143,Facturación,Baja,Ana L.,37,2,Abierto,2025-02-19
3073,Cliente_419,Producto,Alta,Ana L.,10,5,Resuelto,2024-05-13
3074,Cliente_476,Producto,Crítica,Fernanda P.,38,1,Resuelto,2025-07-12
3075,Cliente_455,Cuenta,Alta,Carlos M.,61,1,Resuelto,2024-08-10
3076,Cliente_160,Cuenta,Alta,Ana L.,27,4,Resuelto,2024-04-24
3077,Cliente_11,Técnico,Media,Carlos M.,7,4,En espera,2024-11-21
3078,Cliente_138,Técnico,Media,Carlos M.,9,3,Resuelto,2024-07-14
3079,Cliente_457,Producto,Media,Ana L.,59,5,Resuelto,2024-09-05
3080,Cliente_78,Facturación,Baja,Carlos M.,36,1,En espera,2024-08-13
3081,Cliente_77,Entrega,Crítica,Ana L.,30,1,Resuelto,2024-10-09
3082,Cliente_441,Entrega,Baja,Ana L.,19,4,Resuelto,2025-03-25
3083,Cliente_254,Facturación,Crítica,Ana L.,41,4,Resuelto,2024-02-23
3084,Cliente_409,Facturación,Baja,Ana L.,55,3,Resuelto,2025-05-01
3085,Cliente_258,Cuenta,Alta,Carlos M.,6,4,Resuelto,2024-05-29
3086,Cliente_320,Entrega,Baja,Carlos M.,22,4,Resuelto,2024-02-25
3087,Cliente_291,Producto,Baja,Ana L.,70,3,Escalado,2024-07-28
3088,Cliente_263,Técnico,Alta,Ana L.,24,4,Resuelto,2024-11-11
3089,Cliente_85,Cuenta,Baja,Ana L.,62,4,Resuelto,2025-07-16
3090,Cliente_146,Entrega,Alta,Ana L.,42,4,Escalado,2025-02-03
3091,Cliente_323,Facturación,Media,Fernanda P.,22,5,Resuelto,2025-05-06
3092,Cliente_42,Entrega,Baja,Carlos M.,16,1,En espera,2024-05-07
3093,Cliente_374,Producto,Crítica,Carlos M.,13,2,Resuelto,2024-01-12
3094,Cliente_125,Cuenta,Media,Ana L.,37,1,Resuelto,2024-01-24
3095,Cliente_167,Facturación,Alta,Fernanda P.,52,5,Resuelto,2024-05-05
3096,Cliente_425,Producto,Media,Fernanda P.,24,2,Abierto,2024-11-26
3097,Cliente_241,Técnico,Media,Fernanda P.,17,1,Resuelto,2024-06-19
3098,Cliente_459,Cuenta,Media,Ana L.,16,3,Resuelto,2024-04-14
3099,Cliente_487,Producto,Baja,Fernanda P.,1,5,Resuelto,2024-08-08
3100,Cliente_280,Producto,Media,Ana L.,1,3,Resuelto,2024-02-26
3101,Cliente_188,Facturación,Media,Fernanda P.,30,3,Resuelto,2025-07-05
3102,Cliente_302,Técnico,Media,Ana L.,24,1,Resuelto,2024-02-02
3103,Cliente_19,Producto,Media,Ana L.,46,2,Resuelto,2024-06-09
3104,Cliente_68,Cuenta,Media,Carlos M.,2,4,Resuelto,2024-04-17
3105,Cliente_218,Producto,Baja,Ana L.,15,4,Abierto,2024-03-05
3106,Cliente_102,Entrega,Media,Fernanda P.,29,5,Resuelto,2024-03-16
3107,Cliente_42,Cuenta,Media,Carlos M.,62,3,Resuelto,2024-02-15
3108,Cliente_288,Cuenta,Baja,Fernanda P.,13,5,Resuelto,2025-03-28
3109,Cliente_167,Producto,Baja,Ana L.,65,1,Resuelto,2025-03-25
3110,Cliente_109,Facturación,Baja,Carlos M.,45,3,En espera,2025-03-09
3111,Cliente_494,Cuenta,Crítica,Ana L.,47,4,Escalado,2024-11-03
3112,Cliente_36,Entrega,Alta,Ana L.,16,1,Resuelto,2025-02-08
3113,Cliente_232,Facturación,Baja,Fernanda P.,3,1,Resuelto,2024-05-22
3114,Cliente_229,Facturación,Baja,Fernanda P.,70,5,Resuelto,2024-10-14
3115,Cliente_353,Facturación,Alta,Fernanda P.,5,5,En espera,2024-03-12
3116,Cliente_164,Cuenta,Media,Carlos M.,26,2,En espera,2025-02-10
3117,Cliente_387,Facturación,Alta,Fernanda P.,15,4,Resuelto,2025-07-07
3118,Cliente_73,Producto,Crítica,Ana L.,55,4,Escalado,2024-09-20
3119,Cliente_136,Facturación,Media,Carlos M.,22,5,Escalado,2024-08-08
3120,Cliente_353,Entrega,Baja,Fernanda P.,37,4,Resuelto,2024-02-13
3121,Cliente_379,Técnico,Alta,Fernanda P.,29,4,Resuelto,2025-02-26
3122,Cliente_70,Entrega,Crítica,Fernanda P.,26,1,Resuelto,2024-10-15
3123,Cliente_425,Cuenta,Media,Ana L.,70,3,Resuelto,2025-08-01
3124,Cliente_487,Facturación,Media,Fernanda P.,11,3,Resuelto,2024-02-05
3125,Cliente_196,Facturación,Media,Ana L.,20,2,Resuelto,2025-08-21
3126,Cliente_269,Producto,Media,Carlos M.,70,3,Resuelto,2025-06-21
3127,Cliente_49,Facturación,Alta,Fernanda P.,33,4,En espera,2025-04-02
3128,Cliente_316,Entrega,Crítica,Ana L.,30,1,Escalado,2024-10-20
3129,Cliente_130,Cuenta,Media,Fernanda P.,50,3,Resuelto,2024-04-09
3130,Cliente_444,Técnico,Alta,Fernanda P.,34,4,Abierto,2024-05-30
3131,Cliente_5,Facturación,Baja,Carlos M.,5,4,Resuelto,2024-05-15
3132,Cliente_428,Técnico,Baja,Carlos M.,12,5,Resuelto,2024-10-06
3133,Cliente_27,Facturación,Media,Ana L.,52,5,Resuelto,2025-01-09
3134,Cliente_160,Cuenta,Baja,Ana L.,51,3,Resuelto,2025-04-10
3135,Cliente_149,Entrega,Media,Ana L.,21,5,Resuelto,2025-02-27
3136,Cliente_264,Cuenta,Baja,Carlos M.,71,4,En espera,2025-05-08
3137,Cliente_230,Técnico,Alta,Ana L.,58,4,Resuelto,2024-04-27
3138,Cliente_200,Facturación,Alta,Carlos M.,64,5,Resuelto,2025-02-12
3139,Cliente_50,Técnico,Media,Carlos M.,6,1,Resuelto,2024-01-17
3140,Cliente_67,Entrega,Baja,Fernanda P.,49,5,Escalado,2024-09-07
3141,Cliente_300,Cuenta,Media,Fernanda P.,72,1,Resuelto,2025-08-19
3142,Cliente_381,Técnico,Crítica,Ana L.,37,5,Resuelto,2024-04-14
3143,Cliente_58,Técnico,Media,Carlos M.,10,4,En espera,2024-02-10
3144,Cliente_259,Entrega,Baja,Carlos M.,66,4,Abierto,2025-07-25
3145,Cliente_342,Facturación,Baja,Carlos M.,56,5,Escalado,2025-08-21
3146,Cliente_326,Técnico,Media,Fernanda P.,71,2,Resuelto,2025-04-13
3147,Cliente_130,Entrega,Baja,Carlos M.,66,1,En espera,2025-07-08
3148,Cliente_215,Facturación,Alta,Ana L.,45,2,Abierto,2025-06-16
3149,Cliente_172,Facturación,Alta,Ana L.,68,4,En espera,2025-02-24
3150,Cliente_258,Cuenta,Baja,Fernanda P.,64,1,Resuelto,2025-05-18
3151,Cliente_102,Entrega,Media,Ana L.,16,5,Resuelto,2024-07-29
3152,Cliente_209,Facturación,Baja,Carlos M.,10,1,Resuelto,2024-05-12
3153,Cliente_291,Cuenta,Crítica,Carlos M.,21,1,Resuelto,2024-10-26
3154,Cliente_354,Producto,Media,Ana L.,12,3,Resuelto,2024-08-06
3155,Cliente_471,Entrega,Media,Fernanda P.,13,1,Abierto,2025-01-24
3156,Cliente_286,Producto,Media,Carlos M.,10,4,Resuelto,2024-11-29
3157,Cliente_116,Facturación,Media,Carlos M.,13,2,Resuelto,2025-01-21
3158,Cliente_264,Entrega,Media,Fernanda P.,34,2,Resuelto,2025-07-30
3159,Cliente_150,Cuenta,Media,Carlos M.,59,5,Resuelto,2024-10-27
3160,Cliente_300,Facturación,Media,Ana L.,49,3,Resuelto,2024-04-23
3161,Cliente_442,Entrega,Media,Ana L.,6,2,Resuelto,2025-08-08
3162,Cliente_36,Entrega,Baja,Fernanda P.,12,2,Abierto,2024-02-29
3163,Cliente_453,Producto,Baja,Fernanda P.,29,1,En espera,2024-04-24
3164,Cliente_333,Facturación,Media,Ana L.,26,4,Resuelto,2024-10-21
3165,Cliente_477,Cuenta,Media,Fernanda P.,68,4,En espera,2025-01-14
3166,Cliente_287,Cuenta,Media,Ana L.,16,5,Resuelto,2025-07-13
3167,Cliente_303,Facturación,Crítica,Fernanda P.,53,4,Escalado,2024-03-20
3168,Cliente_311,Facturación,Baja,Ana L.,19,2,Escalado,2024-01-27
3169,Cliente_208,Técnico,Baja,Carlos M.,47,1,Resuelto,2025-03-11
3170,Cliente_106,Producto,Baja,Carlos M.,32,4,Resuelto,2024-08-20
3171,Cliente_446,Facturación,Media,Ana L.,70,3,Resuelto,2024-09-10
3172,Cliente_158,Facturación,Media,Carlos M.,70,3,Resuelto,2024-12-30
3173,Cliente_121,Técnico,Alta,Ana L.,61,3,Resuelto,2025-01-22
3174,Cliente_55,Técnico,Baja,Fernanda P.,5,4,Resuelto,2025-01-07
3175,Cliente_400,Entrega,Media,Carlos M.,59,1,Resuelto,2024-12-12
3176,Cliente_12,Cuenta,Alta,Carlos M.,2,4,Resuelto,2025-03-13
3177,Cliente_145,Producto,Crítica,Carlos M.,2,2,Resuelto,2024-05-16
3178,Cliente_400,Entrega,Crítica,Ana L.,3,4,Resuelto,2024-06-01
3179,Cliente_396,Facturación,Alta,Carlos M.,70,3,Resuelto,2024-12-09
3180,Cliente_136,Técnico,Crítica,Fernanda P.,43,3,Abierto,2024-02-27
3181,Cliente_468,Cuenta,Baja,Carlos M.,5,1,Resuelto,2024-08-07
3182,Cliente_3,Entrega,Baja,Fernanda P.,50,5,Resuelto,2024-01-18
3183,Cliente_144,Cuenta,Baja,Carlos M.,10,3,Resuelto,2025-03-03
3184,Cliente_30,Técnico,Alta,Carlos M.,27,3,Resuelto,2024-06-25
3185,Cliente_237,Entrega,Crítica,Fernanda P.,24,5,Resuelto,2025-07-09
3186,Cliente_279,Entrega,Baja,Carlos M.,22,4,Resuelto,2025-04-26
3187,Cliente_348,Cuenta,Media,Fernanda P.,3,3,Escalado,2025-05-08
3188,Cliente_115,Técnico,Alta,Fernanda P.,16,1,Resuelto,2025-04-30
3189,Cliente_104,Facturación,Crítica,Fernanda P.,30,4,Resuelto,2025-05-17
3190,Cliente_118,Entrega,Media,Carlos M.,43,4,Abierto,2024-01-10
3191,Cliente_5,Facturación,Crítica,Carlos M.,4,3,En espera,2024-11-14
3192,Cliente_468,Técnico,Media,Fernanda P.,40,4,Escalado,2025-05-04
3193,Cliente_360,Entrega,Media,Carlos M.,16,4,Resuelto,2024-09-14
3194,Cliente_248,Entrega,Media,Ana L.,72,1,Resuelto,2025-02-07
3195,Cliente_364,Facturación,Media,Fernanda P.,16,4,Abierto,2024-08-11
3196,Cliente_321,Producto,Baja,Fernanda P.,66,3,Resuelto,2025-07-01
3197,Cliente_121,Facturación,Alta,Ana L.,55,3,Resuelto,2024-09-17
3198,Cliente_286,Facturación,Alta,Ana L.,20,5,Resuelto,2024-10-02
3199,Cliente_149,Producto,Alta,Fernanda P.,51,2,Resuelto,2024-12-21
3200,Cliente_84,Técnico,Media,Ana L.,57,5,Abierto,2024-11-21
3201,Cliente_454,Técnico,Media,Fernanda P.,51,1,Resuelto,2024-08-15
3202,Cliente_406,Entrega,Media,Carlos M.,18,1,Escalado,2025-08-22
3203,Cliente_466,Cuenta,Baja,Ana L.,59,3,Resuelto,2024-10-29
3204,Cliente_456,Cuenta,Media,Fernanda P.,28,2,Resuelto,2024-04-11
3205,Cliente_231,Entrega,Baja,Fernanda P.,69,5,Resuelto,2024-10-19
3206,Cliente_288,Cuenta,Baja,Fernanda P.,28,2,Escalado,2024-01-08
3207,Cliente_161,Facturación,Alta,Ana L.,13,3,Resuelto,2024-07-26
3208,Cliente_272,Facturación,Baja,Carlos M.,6,4,Resuelto,2024-12-28
3209,Cliente_460,Producto,Crítica,Carlos M.,29,3,Resuelto,2024-02-14
3210,Cliente_38,Producto,Media,Ana L.,9,3,Resuelto,2025-04-02
3211,Cliente_500,Entrega,Crítica,Fernanda P.,29,2,Resuelto,2025-06-05
3212,Cliente_226,Entrega,Baja,Fernanda P.,38,1,Resuelto,2024-12-07
3213,Cliente_142,Entrega,Media,Fernanda P.,65,4,Escalado,2024-08-19
3214,Cliente_292,Facturación,Media,Ana L.,56,4,Resuelto,2025-04-23
3215,Cliente_481,Cuenta,Alta,Ana L.,30,1,Resuelto,2024-12-08
3216,Cliente_151,Entrega,Media,Fernanda P.,59,2,Resuelto,2024-06-17
3217,Cliente_114,Entrega,Baja,Fernanda P.,58,2,Resuelto,2024-09-24
3218,Cliente_237,Facturación,Alta,Fernanda P.,10,1,Resuelto,2024-09-20
3219,Cliente_66,Facturación,Media,Ana L.,21,5,Resuelto,2024-10-27
3220,Cliente_361,Facturación,Baja,Ana L.,56,2,Resuelto,2025-08-22
3221,Cliente_341,Cuenta,Media,Carlos M.,26,1,En espera,2024-12-07
3222,Cliente_258,Entrega,Media,Fernanda P.,15,5,Resuelto,2024-04-16
3223,Cliente_475,Técnico,Baja,Fernanda P.,35,3,Resuelto,2024-06-07
3224,Cliente_249,Técnico,Media,Carlos M.,15,4,Resuelto,2024-12-19
3225,Cliente_457,Entrega,Baja,Fernanda P.,6,1,Resuelto,2025-07-02
3226,Cliente_449,Entrega,Media,Carlos M.,28,2,Abierto,2025-04-03
3227,Cliente_331,Entrega,Alta,Ana L.,63,4,Resuelto,2024-03-12
3228,Cliente_323,Entrega,Media,Carlos M.,29,5,Resuelto,2024-06-20
3229,Cliente_180,Cuenta,Media,Carlos M.,48,4,Resuelto,2024-08-14
3230,Cliente_190,Técnico,Baja,Ana L.,63,1,Resuelto,2024-06-25
3231,Cliente_407,Producto,Baja,Fernanda P.,58,3,Resuelto,2025-08-21
3232,Cliente_154,Técnico,Baja,Carlos M.,21,5,Resuelto,2024-04-11
3233,Cliente_196,Técnico,Media,Carlos M.,22,5,Resuelto,2024-11-19
3234,Cliente_466,Facturación,Media,Fernanda P.,27,5,Abierto,2024-12-21
3235,Cliente_311,Entrega,Crítica,Carlos M.,57,4,Resuelto,2024-05-06
3236,Cliente_262,Entrega,Baja,Ana L.,10,3,Escalado,2025-01-28
3237,Cliente_419,Entrega,Media,Carlos M.,22,1,Resuelto,2025-08-04
3238,Cliente_406,Facturación,Media,Fernanda P.,44,1,Escalado,2024-09-16
3239,Cliente_427,Cuenta,Media,Fernanda P.,28,4,Resuelto,2024-10-03
3240,Cliente_143,Cuenta,Alta,Carlos M.,50,1,Resuelto,2025-08-18
3241,Cliente_342,Producto,Baja,Fernanda P.,51,1,Resuelto,2025-04-09
3242,Cliente_316,Cuenta,Baja,Fernanda P.,1,3,Resuelto,2025-01-06
3243,Cliente_101,Cuenta,Media,Carlos M.,34,4,Resuelto,2024-05-13
3244,Cliente_244,Entrega,Media,Carlos M.,35,4,Resuelto,2024-09-11
3245,Cliente_490,Técnico,Baja,Fernanda P.,61,5,Resuelto,2025-06-06
3246,Cliente_12,Cuenta,Baja,Carlos M.,30,1,Resuelto,2024-03-13
3247,Cliente_239,Cuenta,Media,Ana L.,68,2,Resuelto,2024-10-13
3248,Cliente_49,Facturación,Media,Carlos M.,40,3,Resuelto,2024-06-19
3249,Cliente_42,Producto,Baja,Fernanda P.,65,3,Resuelto,2025-07-15
3250,Cliente_166,Facturación,Media,Ana L.,37,2,Resuelto,2024-09-03
3251,Cliente_82,Entrega,Media,Fernanda P.,64,5,Escalado,2024-12-19
3252,Cliente_429,Técnico,Media,Fernanda P.,1,2,Resuelto,2024-02-10
3253,Cliente_291,Producto,Crítica,Ana L.,15,2,Resuelto,2024-04-21
3254,Cliente_158,Facturación,Baja,Carlos M.,13,5,Resuelto,2025-04-05
3255,Cliente_216,Cuenta,Crítica,Fernanda P.,29,2,Resuelto,2024-07-23
3256,Cliente_490,Cuenta,Media,Carlos M.,55,5,Resuelto,2024-03-06
3257,Cliente_158,Producto,Alta,Carlos M.,45,1,Escalado,2025-01-03
3258,Cliente_462,Cuenta,Media,Ana L.,4,5,En espera,2025-04-05
3259,Cliente_134,Facturación,Media,Fernanda P.,64,4,Resuelto,2025-06-29
3260,Cliente_67,Facturación,Alta,Ana L.,15,4,Abierto,2025-04-18
3261,Cliente_336,Cuenta,Alta,Ana L.,48,2,Resuelto,2024-02-13
3262,Cliente_7,Cuenta,Baja,Fernanda P.,56,4,Resuelto,2024-11-30
3263,Cliente_436,Entrega,Baja,Fernanda P.,70,5,Abierto,2024-12-20
3264,Cliente_14,Técnico,Media,Ana L.,15,1,Resuelto,2024-12-13
3265,Cliente_73,Producto,Crítica,Ana L.,39,5,Resuelto,2024-12-27
3266,Cliente_399,Facturación,Media,Ana L.,69,3,Resuelto,2025-01-24
3267,Cliente_405,Producto,Media,Fernanda P.,60,2,Resuelto,2025-04-29
3268,Cliente_163,Entrega,Alta,Fernanda P.,44,1,Resuelto,2024-09-18
3269,Cliente_66,Facturación,Alta,Ana L.,43,2,Resuelto,2024-03-15
3270,Cliente_347,Entrega,Media,Fernanda P.,4,3,Resuelto,2025-06-09
3271,Cliente_130,Entrega,Media,Fernanda P.,50,4,Resuelto,2025-04-12
3272,Cliente_419,Cuenta,Crítica,Fernanda P.,39,3,Escalado,2024-01-05
3273,Cliente_466,Producto,Media,Carlos M.,54,4,Resuelto,2024-10-27
3274,Cliente_206,Producto,Alta,Carlos M.,23,2,Abierto,2024-07-05
3275,Cliente_276,Cuenta,Media,Ana L.,60,2,En espera,2024-07-19
3276,Cliente_466,Producto,Media,Carlos M.,35,2,Resuelto,2025-04-22
3277,Cliente_256,Cuenta,Baja,Ana L.,54,5,Abierto,2025-05-04
3278,Cliente_266,Facturación,Baja,Ana L.,58,1,Resuelto,2024-10-25
3279,Cliente_25,Entrega,Alta,Fernanda P.,62,5,Resuelto,2025-04-30
3280,Cliente_450,Entrega,Media,Ana L.,48,3,Resuelto,2024-09-07
3281,Cliente_281,Producto,Media,Ana L.,7,1,Abierto,2025-01-10
3282,Cliente_253,Técnico,Baja,Ana L.,45,2,Resuelto,2024-07-15
3283,Cliente_310,Entrega,Media,Ana L.,13,2,Resuelto,2024-03-09
3284,Cliente_289,Cuenta,Media,Fernanda P.,53,2,Resuelto,2025-07-13
3285,Cliente_164,Técnico,Media,Fernanda P.,39,4,Resuelto,2024-09-05
3286,Cliente_95,Técnico,Baja,Ana L.,18,3,Resuelto,2024-08-19
3287,Cliente_270,Entrega,Alta,Carlos M.,22,5,Resuelto,2025-04-07
3288,Cliente_321,Entrega,Alta,Carlos M.,36,3,Resuelto,2024-11-24
3289,Cliente_110,Entrega,Baja,Ana L.,53,4,Resuelto,2024-05-15
3290,Cliente_336,Cuenta,Media,Fernanda P.,72,4,Resuelto,2025-08-12
3291,Cliente_310,Técnico,Media,Ana L.,3,3,En espera,2025-04-23
3292,Cliente_238,Producto,Media,Ana L.,62,4,Resuelto,2024-03-01
3293,Cliente_381,Cuenta,Alta,Fernanda P.,29,1,Escalado,2024-03-27
3294,Cliente_436,Facturación,Media,Carlos M.,8,2,Resuelto,2025-05-27
3295,Cliente_387,Entrega,Media,Ana L.,46,5,Resuelto,2024-06-07
3296,Cliente_483,Técnico,Media,Fernanda P.,56,4,Resuelto,2025-02-02
3297,Cliente_425,Cuenta,Baja,Fernanda P.,49,5,Abierto,2025-08-04
3298,Cliente_390,Facturación,Baja,Ana L.,43,2,Escalado,2025-02-03
3299,Cliente_25,Cuenta,Media,Fernanda P.,10,3,Resuelto,2025-04-06
3300,Cliente_141,Cuenta,Baja,Ana L.,13,2,Resuelto,2024-12-29
3301,Cliente_117,Producto,Crítica,Carlos M.,57,5,En espera,2024-03-21
3302,Cliente_482,Producto,Alta,Ana L.,2,1,Resuelto,2024-04-02
3303,Cliente_392,Cuenta,Alta,Carlos M.,65,3,Resuelto,2024-03-12
3304,Cliente_405,Facturación,Crítica,Fernanda P.,42,4,Resuelto,2024-02-26
3305,Cliente_482,Técnico,Media,Ana L.,58,1,Resuelto,2025-06-06
3306,Cliente_452,Técnico,Alta,Fernanda P.,10,2,Resuelto,2025-05-21
3307,Cliente_25,Entrega,Baja,Ana L.,63,5,Escalado,2025-03-04
3308,Cliente_79,Entrega,Baja,Fernanda P.,71,5,Resuelto,2025-08-21
3309,Cliente_68,Técnico,Alta,Carlos M.,61,5,Abierto,2025-02-01
3310,Cliente_173,Cuenta,Baja,Ana L.,1,2,Resuelto,2025-04-04
3311,Cliente_444,Cuenta,Crítica,Fernanda P.,26,3,Resuelto,2024-10-09
3312,Cliente_12,Producto,Media,Ana L.,5,4,Resuelto,2024-07-23
3313,Cliente_288,Producto,Alta,Ana L.,35,1,Resuelto,2024-04-06
3314,Cliente_128,Entrega,Baja,Carlos M.,13,2,Resuelto,2025-04-16
3315,Cliente_96,Técnico,Media,Fernanda P.,27,5,Abierto,2025-04-04
3316,Cliente_92,Cuenta,Baja,Ana L.,12,4,Resuelto,2024-09-21
3317,Cliente_141,Técnico,Alta,Ana L.,50,5,Resuelto,2024-09-25
3318,Cliente_31,Facturación,Baja,Ana L.,59,2,Resuelto,2024-09-20
3319,Cliente_334,Técnico,Media,Ana L.,31,5,Resuelto,2025-04-10
3320,Cliente_20,Facturación,Baja,Ana L.,69,2,Resuelto,2024-01-07
3321,Cliente_146,Producto,Baja,Fernanda P.,37,5,En espera,2025-08-11
3322,Cliente_477,Producto,Media,Ana L.,2,2,Resuelto,2024-05-07
3323,Cliente_316,Entrega,Baja,Ana L.,71,5,Resuelto,2025-02-02
3324,Cliente_447,Técnico,Alta,Ana L.,65,4,En espera,2024-07-02
3325,Cliente_390,Técnico,Baja,Fernanda P.,3,4,Resuelto,2024-03-24
3326,Cliente_160,Facturación,Media,Ana L.,20,5,Resuelto,2025-03-15
3327,Cliente_349,Producto,Media,Ana L.,2,5,Resuelto,2025-07-29
3328,Cliente_43,Facturación,Baja,Carlos M.,42,2,Resuelto,2024-08-20
3329,Cliente_254,Producto,Media,Carlos M.,43,2,Escalado,2025-06-12
3330,Cliente_130,Facturación,Alta,Ana L.,21,2,Resuelto,2024-04-02
3331,Cliente_60,Producto,Baja,Ana L.,45,3,Resuelto,2025-08-12
3332,Cliente_151,Facturación,Baja,Carlos M.,20,5,Resuelto,2025-04-21
3333,Cliente_467,Producto,Media,Fernanda P.,43,5,Resuelto,2024-12-26
3334,Cliente_287,Facturación,Media,Fernanda P.,50,5,Resuelto,2024-04-20
3335,Cliente_499,Técnico,Media,Carlos M.,43,5,Escalado,2024-12-07
3336,Cliente_5,Entrega,Media,Ana L.,24,2,Resuelto,2024-11-03
3337,Cliente_467,Facturación,Alta,Carlos M.,60,2,Resuelto,2025-02-20
3338,Cliente_418,Entrega,Baja,Fernanda P.,32,3,Resuelto,2024-03-17
3339,Cliente_266,Técnico,Media,Carlos M.,5,2,Resuelto,2024-09-24
3340,Cliente_345,Técnico,Media,Fernanda P.,2,5,Resuelto,2024-12-17
3341,Cliente_130,Producto,Media,Ana L.,26,5,En espera,2024-02-15
3342,Cliente_382,Entrega,Crítica,Ana L.,25,1,Resuelto,2024-11-21
3343,Cliente_267,Cuenta,Media,Ana L.,50,2,Resuelto,2025-04-03
3344,Cliente_178,Producto,Crítica,Fernanda P.,39,1,Resuelto,2025-01-16
3345,Cliente_253,Entrega,Media,Carlos M.,11,5,Resuelto,2024-08-02
3346,Cliente_415,Facturación,Baja,Ana L.,63,2,Resuelto,2025-03-16
3347,Cliente_56,Facturación,Baja,Fernanda P.,68,5,Abierto,2025-08-02
3348,Cliente_463,Técnico,Media,Ana L.,18,1,Resuelto,2024-12-06
3349,Cliente_457,Cuenta,Media,Carlos M.,28,1,Resuelto,2024-10-26
3350,Cliente_471,Facturación,Baja,Ana L.,42,4,Resuelto,2024-10-12
3351,Cliente_83,Entrega,Media,Fernanda P.,60,4,Resuelto,2025-02-12
3352,Cliente_393,Entrega,Media,Fernanda P.,22,2,Resuelto,2025-01-20
3353,Cliente_99,Facturación,Baja,Ana L.,40,2,Resuelto,2025-04-12
3354,Cliente_149,Entrega,Baja,Ana L.,62,2,Resuelto,2025-05-08
3355,Cliente_329,Entrega,Alta,Fernanda P.,3,2,Abierto,2025-06-09
3356,Cliente_156,Técnico,Media,Ana L.,71,2,Resuelto,2024-05-30
3357,Cliente_190,Cuenta,Alta,Ana L.,63,2,En espera,2024-06-26
3358,Cliente_494,Técnico,Media,Ana L.,20,2,En espera,2025-06-28
3359,Cliente_371,Cuenta,Media,Carlos M.,71,1,Resuelto,2024-01-09
3360,Cliente_263,Entrega,Baja,Carlos M.,71,1,Resuelto,2024-12-16
3361,Cliente_80,Cuenta,Media,Carlos M.,26,1,Abierto,2024-07-21
3362,Cliente_400,Entrega,Media,Ana L.,41,5,Resuelto,2024-09-19
3363,Cliente_252,Entrega,Media,Fernanda P.,3,3,Resuelto,2024-05-28
3364,Cliente_97,Técnico,Baja,Ana L.,43,5,Resuelto,2024-04-01
3365,Cliente_260,Técnico,Baja,Ana L.,17,2,Resuelto,2025-07-18
3366,Cliente_260,Producto,Alta,Carlos M.,53,3,Resuelto,2025-06-10
3367,Cliente_103,Facturación,Media,Fernanda P.,52,1,Resuelto,2025-03-31
3368,Cliente_40,Producto,Media,Carlos M.,33,1,Escalado,2025-07-17
3369,Cliente_273,Producto,Media,Fernanda P.,60,4,Resuelto,2025-04-04
3370,Cliente_101,Cuenta,Alta,Ana L.,68,2,Resuelto,2025-03-28
3371,Cliente_359,Entrega,Media,Ana L.,56,2,Resuelto,2024-07-18
3372,Cliente_380,Entrega,Media,Ana L.,64,4,Resuelto,2024-02-06
3373,Cliente_308,Entrega,Crítica,Fernanda P.,8,5,Abierto,2025-01-22
3374,Cliente_221,Facturación,Alta,Carlos M.,69,4,Resuelto,2025-08-13
3375,Cliente_308,Cuenta,Baja,Carlos M.,33,2,Abierto,2025-03-08
3376,Cliente_420,Cuenta,Baja,Carlos M.,25,1,Resuelto,2025-07-01
3377,Cliente_124,Entrega,Alta,Fernanda P.,71,4,Resuelto,2024-04-03
3378,Cliente_422,Producto,Alta,Fernanda P.,7,3,Resuelto,2024-07-09
3379,Cliente_231,Facturación,Media,Ana L.,59,1,Abierto,2025-04-20
3380,Cliente_178,Producto,Media,Carlos M.,33,5,Resuelto,2024-06-14
3381,Cliente_63,Técnico,Media,Fernanda P.,41,1,Resuelto,2024-02-09
3382,Cliente_485,Cuenta,Media,Carlos M.,33,5,Resuelto,2024-03-04
3383,Cliente_116,Cuenta,Media,Carlos M.,29,1,Abierto,2025-03-27
3384,Cliente_191,Producto,Baja,Fernanda P.,39,2,Resuelto,2025-01-16
3385,Cliente_62,Facturación,Crítica,Fernanda P.,57,5,Resuelto,2025-03-22
3386,Cliente_256,Cuenta,Alta,Ana L.,64,5,Resuelto,2024-10-01
3387,Cliente_483,Producto,Media,Ana L.,66,4,Resuelto,2024-03-18
3388,Cliente_7,Facturación,Media,Ana L.,9,1,Resuelto,2024-05-04
3389,Cliente_155,Producto,Baja,Carlos M.,29,5,Resuelto,2025-06-04
3390,Cliente_92,Facturación,Media,Carlos M.,28,5,En espera,2024-10-15
3391,Cliente_470,Entrega,Media,Ana L.,53,1,Resuelto,2024-05-06
3392,Cliente_14,Facturación,Media,Carlos M.,46,1,En espera,2024-08-03
3393,Cliente_455,Técnico,Media,Carlos M.,39,3,Resuelto,2024-04-15
3394,Cliente_229,Entrega,Media,Carlos M.,58,4,Resuelto,2025-05-05
3395,Cliente_86,Producto,Alta,Carlos M.,54,5,Resuelto,2025-07-09
3396,Cliente_133,Entrega,Baja,Fernanda P.,6,1,Resuelto,2025-07-30
3397,Cliente_183,Entrega,Media,Fernanda P.,45,5,Resuelto,2025-08-19
3398,Cliente_386,Producto,Alta,Ana L.,40,3,Resuelto,2024-02-26
3399,Cliente_62,Producto,Media,Ana L.,23,3,Abierto,2024-10-06
3400,Cliente_219,Técnico,Media,Carlos M.,42,5,Resuelto,2024-06-20
3401,Cliente_405,Producto,Media,Carlos M.,38,4,Abierto,2024-04-14
3402,Cliente_246,Cuenta,Crítica,Fernanda P.,16,2,Resuelto,2024-01-06
3403,Cliente_230,Cuenta,Baja,Carlos M.,47,5,Resuelto,2024-02-03
3404,Cliente_79,Técnico,Media,Carlos M.,21,3,Resuelto,2025-06-22
3405,Cliente_149,Facturación,Baja,Ana L.,21,4,Resuelto,2025-06-13
3406,Cliente_138,Facturación,Baja,Carlos M.,25,1,Abierto,2025-05-31
3407,Cliente_471,Cuenta,Media,Fernanda P.,61,4,Abierto,2025-04-16
3408,Cliente_314,Producto,Baja,Carlos M.,54,4,Resuelto,2024-09-11
3409,Cliente_376,Técnico,Crítica,Carlos M.,60,5,Resuelto,2025-07-09
3410,Cliente_423,Facturación,Crítica,Carlos M.,42,4,Resuelto,2024-09-03
3411,Cliente_389,Facturación,Media,Carlos M.,61,1,En espera,2024-11-12
3412,Cliente_65,Entrega,Media,Carlos M.,32,5,Resuelto,2024-09-07
3413,Cliente_13,Cuenta,Media,Fernanda P.,53,3,Abierto,2024-12-13
3414,Cliente_213,Producto,Alta,Ana L.,44,1,Resuelto,2024-03-15
3415,Cliente_474,Técnico,Media,Carlos M.,11,5,Resuelto,2024-08-27
3416,Cliente_242,Facturación,Baja,Ana L.,47,5,Resuelto,2024-05-15
3417,Cliente_493,Entrega,Alta,Ana L.,60,2,Resuelto,2024-08-14
3418,Cliente_213,Cuenta,Alta,Fernanda P.,36,1,Resuelto,2025-04-03
3419,Cliente_181,Cuenta,Media,Ana L.,60,4,Resuelto,2025-08-18
3420,Cliente_338,Técnico,Crítica,Carlos M.,33,1,Abierto,2024-03-26
3421,Cliente_485,Facturación,Crítica,Carlos M.,42,1,Resuelto,2025-04-04
3422,Cliente_173,Técnico,Media,Carlos M.,13,2,En espera,2024-04-21
3423,Cliente_160,Técnico,Media,Carlos M.,14,4,Resuelto,2024-03-09
3424,Cliente_164,Entrega,Crítica,Fernanda P.,58,2,Escalado,2024-12-27
3425,Cliente_465,Cuenta,Baja,Ana L.,40,2,Escalado,2024-10-12
3426,Cliente_483,Producto,Media,Fernanda P.,65,2,Resuelto,2025-03-18
3427,Cliente_497,Cuenta,Baja,Ana L.,5,1,Escalado,2024-05-30
3428,Cliente_188,Cuenta,Alta,Fernanda P.,30,2,En espera,2025-05-24
3429,Cliente_395,Entrega,Alta,Fernanda P.,45,3,Resuelto,2025-04-28
3430,Cliente_191,Producto,Baja,Fernanda P.,58,4,Escalado,2025-03-16
3431,Cliente_405,Facturación,Crítica,Carlos M.,39,4,Resuelto,2024-06-24
3432,Cliente_308,Producto,Alta,Carlos M.,12,2,Resuelto,2025-07-07
3433,Cliente_256,Facturación,Alta,Fernanda P.,34,1,Resuelto,2024-01-29
3434,Cliente_183,Producto,Baja,Ana L.,14,5,Resuelto,2025-08-19
3435,Cliente_117,Técnico,Media,Ana L.,38,5,Resuelto,2025-07-06
3436,Cliente_282,Producto,Media,Carlos M.,16,1,Escalado,2025-01-09
3437,Cliente_196,Entrega,Media,Fernanda P.,61,2,Escalado,2025-03-06
3438,Cliente_34,Facturación,Media,Carlos M.,59,2,Abierto,2025-01-19
3439,Cliente_52,Cuenta,Alta,Carlos M.,67,3,Resuelto,2024-12-16
3440,Cliente_112,Entrega,Media,Carlos M.,11,5,Escalado,2024-08-07
3441,Cliente_252,Facturación,Alta,Fernanda P.,11,5,Resuelto,2025-05-08
3442,Cliente_82,Facturación,Baja,Fernanda P.,16,4,Escalado,2024-05-26
3443,Cliente_232,Cuenta,Baja,Carlos M.,38,2,Resuelto,2025-07-30
3444,Cliente_227,Técnico,Baja,Fernanda P.,30,1,En espera,2024-07-20
3445,Cliente_233,Entrega,Media,Ana L.,41,2,Resuelto,2025-02-16
3446,Cliente_221,Cuenta,Media,Ana L.,1,2,Escalado,2024-08-07
3447,Cliente_436,Cuenta,Alta,Carlos M.,38,3,En espera,2025-01-17
3448,Cliente_413,Técnico,Media,Ana L.,60,1,En espera,2025-07-03
3449,Cliente_422,Entrega,Media,Carlos M.,19,3,Resuelto,2024-09-07
3450,Cliente_42,Cuenta,Media,Carlos M.,59,3,En espera,2024-10-04
3451,Cliente_21,Técnico,Baja,Carlos M.,68,3,Abierto,2024-02-23
3452,Cliente_42,Entrega,Baja,Fernanda P.,10,3,Resuelto,2025-03-13
3453,Cliente_397,Producto,Media,Fernanda P.,17,2,Resuelto,2024-07-29
3454,Cliente_113,Facturación,Media,Fernanda P.,72,4,Resuelto,2025-06-01
3455,Cliente_105,Técnico,Alta,Fernanda P.,29,2,En espera,2024-07-19
3456,Cliente_192,Facturación,Media,Carlos M.,6,3,Resuelto,2024-02-12
3457,Cliente_17,Producto,Alta,Fernanda P.,66,3,Escalado,2024-09-04
3458,Cliente_120,Cuenta,Media,Ana L.,63,4,Resuelto,2024-12-30
3459,Cliente_393,Cuenta,Crítica,Ana L.,31,5,Resuelto,2024-11-13
3460,Cliente_425,Entrega,Baja,Fernanda P.,25,1,Escalado,2025-05-09
3461,Cliente_129,Técnico,Media,Ana L.,21,3,Resuelto,2025-01-05
3462,Cliente_130,Técnico,Media,Ana L.,16,3,Resuelto,2025-07-12
3463,Cliente_60,Entrega,Crítica,Fernanda P.,4,2,Abierto,2024-07-06
3464,Cliente_48,Facturación,Baja,Carlos M.,46,3,Resuelto,2024-09-27
3465,Cliente_29,Cuenta,Media,Carlos M.,8,3,Resuelto,2025-08-03
3466,Cliente_97,Cuenta,Media,Carlos M.,6,1,Abierto,2024-09-14
3467,Cliente_10,Técnico,Media,Fernanda P.,53,2,Escalado,2024-08-29
3468,Cliente_242,Técnico,Baja,Carlos M.,64,5,Resuelto,2024-04-03
3469,Cliente_314,Entrega,Baja,Carlos M.,51,3,Resuelto,2025-05-22
3470,Cliente_444,Producto,Media,Ana L.,63,3,Resuelto,2024-10-21
3471,Cliente_232,Facturación,Media,Carlos M.,6,5,Resuelto,2025-04-24
3472,Cliente_277,Producto,Baja,Fernanda P.,62,4,Resuelto,2024-01-20
3473,Cliente_284,Producto,Media,Carlos M.,33,5,Resuelto,2025-02-07
3474,Cliente_203,Técnico,Baja,Ana L.,2,5,Resuelto,2025-02-22
3475,Cliente_247,Técnico,Crítica,Ana L.,41,2,En espera,2025-02-19
3476,Cliente_290,Técnico,Media,Ana L.,16,5,Resuelto,2025-06-12
3477,Cliente_264,Producto,Alta,Ana L.,59,2,Resuelto,2025-07-16
3478,Cliente_443,Facturación,Media,Carlos M.,9,5,Resuelto,2024-05-15
3479,Cliente_214,Técnico,Crítica,Ana L.,69,3,Resuelto,2024-04-24
3480,Cliente_200,Cuenta,Media,Ana L.,10,3,Resuelto,2025-05-20
3481,Cliente_433,Facturación,Media,Ana L.,7,4,Resuelto,2024-06-28
3482,Cliente_79,Cuenta,Media,Carlos M.,66,5,Resuelto,2024-11-20
3483,Cliente_401,Facturación,Alta,Fernanda P.,20,1,Resuelto,2024-07-08
3484,Cliente_444,Técnico,Media,Ana L.,63,5,Resuelto,2024-07-09
3485,Cliente_343,Entrega,Baja,Ana L.,4,1,En espera,2024-10-15
3486,Cliente_344,Técnico,Baja,Ana L.,28,5,Escalado,2024-06-14
3487,Cliente_173,Producto,Media,Carlos M.,72,2,Resuelto,2024-09-14
3488,Cliente_467,Producto,Media,Carlos M.,35,3,Resuelto,2024-08-23
3489,Cliente_69,Facturación,Baja,Ana L.,2,1,Resuelto,2025-01-28
3490,Cliente_416,Producto,Media,Fernanda P.,41,1,Abierto,2025-04-29
3491,Cliente_428,Técnico,Media,Ana L.,28,5,Resuelto,2025-07-31
3492,Cliente_449,Cuenta,Alta,Fernanda P.,1,3,Resuelto,2025-04-04
3493,Cliente_87,Técnico,Baja,Fernanda P.,27,4,Resuelto,2025-04-29
3494,Cliente_101,Facturación,Media,Carlos M.,67,1,Resuelto,2024-01-15
3495,Cliente_8,Producto,Alta,Carlos M.,39,3,Resuelto,2025-04-15
3496,Cliente_333,Cuenta,Media,Carlos M.,40,3,Resuelto,2024-09-01
3497,Cliente_200,Entrega,Baja,Fernanda P.,28,1,Escalado,2024-09-07
3498,Cliente_87,Cuenta,Alta,Fernanda P.,24,2,Abierto,2024-06-14
3499,Cliente_43,Cuenta,Media,Fernanda P.,51,2,Resuelto,2025-05-18
3500,Cliente_385,Técnico,Media,Carlos M.,56,5,Resuelto,2024-07-24
3501,Cliente_109,Entrega,Crítica,Carlos M.,26,5,Resuelto,2024-04-30
3502,Cliente_435,Facturación,Crítica,Carlos M.,52,3,Resuelto,2025-05-02
3503,Cliente_408,Facturación,Media,Ana L.,6,1,Resuelto,2024-10-05
3504,Cliente_483,Cuenta,Baja,Fernanda P.,59,2,Resuelto,2025-06-20
3505,Cliente_152,Cuenta,Media,Fernanda P.,12,3,Resuelto,2025-04-30
3506,Cliente_17,Producto,Baja,Ana L.,63,2,Resuelto,2025-05-22
3507,Cliente_133,Entrega,Baja,Fernanda P.,36,1,Resuelto,2024-08-06
3508,Cliente_148,Cuenta,Media,Fernanda P.,9,2,Resuelto,2024-07-18
3509,Cliente_277,Producto,Crítica,Ana L.,67,4,Resuelto,2024-03-23
3510,Cliente_232,Entrega,Alta,Fernanda P.,29,5,Resuelto,2024-10-02
3511,Cliente_314,Facturación,Media,Carlos M.,71,2,Resuelto,2024-08-09
3512,Cliente_415,Producto,Media,Ana L.,8,1,Resuelto,2025-06-24
3513,Cliente_366,Entrega,Baja,Fernanda P.,43,1,Resuelto,2024-03-02
3514,Cliente_228,Producto,Baja,Carlos M.,35,4,Resuelto,2025-02-01
3515,Cliente_139,Cuenta,Baja,Fernanda P.,22,1,Escalado,2024-06-14
3516,Cliente_436,Técnico,Alta,Ana L.,66,4,Resuelto,2024-05-10
3517,Cliente_399,Facturación,Baja,Carlos M.,21,3,Resuelto,2024-11-06
3518,Cliente_211,Cuenta,Alta,Fernanda P.,71,2,Resuelto,2024-07-24
3519,Cliente_391,Cuenta,Media,Ana L.,41,1,Resuelto,2025-02-08
3520,Cliente_499,Entrega,Baja,Fernanda P.,41,5,Resuelto,2024-06-11
3521,Cliente_28,Producto,Baja,Fernanda P.,49,2,Resuelto,2024-10-26
3522,Cliente_51,Facturación,Media,Carlos M.,4,4,Escalado,2024-06-20
3523,Cliente_491,Cuenta,Crítica,Fernanda P.,65,2,Escalado,2024-06-17
3524,Cliente_442,Entrega,Alta,Ana L.,10,2,Resuelto,2024-06-03
3525,Cliente_261,Facturación,Media,Ana L.,67,1,Abierto,2024-04-01
3526,Cliente_261,Producto,Media,Carlos M.,10,5,Resuelto,2024-06-04
3527,Cliente_350,Cuenta,Media,Carlos M.,17,3,Escalado,2024-01-05
3528,Cliente_352,Cuenta,Crítica,Fernanda P.,67,5,Resuelto,2024-07-09
3529,Cliente_8,Cuenta,Alta,Ana L.,53,4,Resuelto,2025-07-04
3530,Cliente_320,Facturación,Media,Carlos M.,35,5,Resuelto,2024-01-10
3531,Cliente_138,Facturación,Media,Fernanda P.,4,5,Resuelto,2025-07-28
3532,Cliente_38,Facturación,Media,Fernanda P.,68,4,Resuelto,2024-03-24
3533,Cliente_111,Facturación,Media,Ana L.,11,5,Resuelto,2025-04-21
3534,Cliente_480,Entrega,Baja,Ana L.,44,3,Resuelto,2024-01-29
3535,Cliente_368,Técnico,Media,Fernanda P.,60,2,Resuelto,2025-02-15
3536,Cliente_220,Entrega,Crítica,Ana L.,70,3,En espera,2025-01-29
3537,Cliente_337,Cuenta,Media,Fernanda P.,62,2,Resuelto,2024-07-31
3538,Cliente_223,Entrega,Baja,Fernanda P.,32,2,Resuelto,2025-04-15
3539,Cliente_136,Producto,Alta,Ana L.,46,5,Resuelto,2024-08-08
3540,Cliente_256,Facturación,Baja,Carlos M.,23,2,En espera,2024-05-31
3541,Cliente_360,Producto,Baja,Fernanda P.,37,4,Resuelto,2024-02-04
3542,Cliente_409,Producto,Baja,Ana L.,58,3,Resuelto,2024-03-01
3543,Cliente_329,Cuenta,Media,Fernanda P.,43,2,Abierto,2024-10-02
3544,Cliente_450,Facturación,Media,Fernanda P.,15,5,Abierto,2024-08-09
3545,Cliente_463,Producto,Media,Fernanda P.,67,5,Resuelto,2025-02-26
3546,Cliente_434,Cuenta,Alta,Ana L.,2,5,Resuelto,2025-02-07
3547,Cliente_451,Facturación,Media,Ana L.,71,1,Resuelto,2025-08-20
3548,Cliente_49,Técnico,Alta,Ana L.,5,3,Resuelto,2025-08-22
3549,Cliente_292,Cuenta,Baja,Carlos M.,53,5,Escalado,2025-03-23
3550,Cliente_382,Entrega,Alta,Fernanda P.,45,4,Resuelto,2024-06-12
3551,Cliente_324,Facturación,Media,Carlos M.,41,5,Resuelto,2024-05-20
3552,Cliente_78,Producto,Media,Fernanda P.,63,1,Abierto,2024-09-13
3553,Cliente_105,Producto,Media,Ana L.,72,3,Resuelto,2025-05-17
3554,Cliente_169,Entrega,Media,Fernanda P.,32,2,Resuelto,2025-01-04
3555,Cliente_217,Entrega,Baja,Fernanda P.,2,3,Resuelto,2024-09-25
3556,Cliente_378,Producto,Alta,Fernanda P.,10,2,Resuelto,2024-06-11
3557,Cliente_119,Facturación,Baja,Carlos M.,43,2,Resuelto,2025-06-13
3558,Cliente_190,Cuenta,Baja,Ana L.,43,5,Resuelto,2024-02-21
3559,Cliente_255,Entrega,Media,Ana L.,67,4,Resuelto,2024-11-21
3560,Cliente_370,Entrega,Alta,Fernanda P.,23,4,Resuelto,2024-02-27
3561,Cliente_266,Entrega,Baja,Ana L.,60,5,Resuelto,2024-10-09
3562,Cliente_149,Técnico,Crítica,Carlos M.,6,1,Resuelto,2024-02-26
3563,Cliente_164,Facturación,Crítica,Carlos M.,13,2,Resuelto,2025-01-14
3564,Cliente_140,Facturación,Media,Ana L.,21,4,Abierto,2024-01-09
3565,Cliente_347,Facturación,Media,Carlos M.,58,3,Resuelto,2025-08-13
3566,Cliente_488,Facturación,Alta,Carlos M.,28,1,Resuelto,2025-05-19
3567,Cliente_258,Facturación,Media,Ana L.,70,5,Resuelto,2024-10-04
3568,Cliente_374,Producto,Media,Ana L.,8,1,En espera,2025-03-09
3569,Cliente_269,Entrega,Crítica,Fernanda P.,58,4,Resuelto,2025-02-10
3570,Cliente_181,Producto,Crítica,Fernanda P.,40,5,Resuelto,2024-03-24
3571,Cliente_160,Técnico,Crítica,Carlos M.,1,4,En espera,2025-03-11
3572,Cliente_351,Cuenta,Baja,Ana L.,65,2,En espera,2025-01-07
3573,Cliente_400,Entrega,Baja,Carlos M.,10,1,Resuelto,2024-05-24
3574,Cliente_288,Técnico,Baja,Ana L.,60,2,Resuelto,2024-05-30
3575,Cliente_288,Producto,Media,Carlos M.,69,3,En espera,2025-07-02
3576,Cliente_380,Cuenta,Media,Carlos M.,20,2,Resuelto,2024-07-19
3577,Cliente_226,Técnico,Media,Carlos M.,62,1,En espera,2025-03-29
3578,Cliente_11,Cuenta,Media,Fernanda P.,13,3,Escalado,2025-05-23
3579,Cliente_10,Técnico,Alta,Ana L.,58,4,Resuelto,2024-12-27
3580,Cliente_271,Producto,Alta,Carlos M.,37,3,En espera,2024-07-10
3581,Cliente_273,Cuenta,Alta,Fernanda P.,10,1,Resuelto,2025-06-13
3582,Cliente_424,Técnico,Baja,Carlos M.,3,5,Abierto,2024-06-11
3583,Cliente_402,Producto,Baja,Carlos M.,34,3,Resuelto,2024-10-05
3584,Cliente_183,Entrega,Alta,Ana L.,34,4,Resuelto,2024-12-16
3585,Cliente_457,Producto,Media,Carlos M.,30,3,Abierto,2024-07-30
3586,Cliente_153,Producto,Media,Ana L.,37,2,Resuelto,2024-05-14
3587,Cliente_488,Entrega,Baja,Fernanda P.,68,5,Escalado,2025-05-22
3588,Cliente_315,Producto,Baja,Fernanda P.,34,1,Resuelto,2025-04-29
3589,Cliente_334,Entrega,Media,Carlos M.,32,5,Resuelto,2025-06-10
3590,Cliente_124,Entrega,Alta,Fernanda P.,58,2,Resuelto,2025-01-20
3591,Cliente_473,Entrega,Crítica,Ana L.,24,5,En espera,2025-04-03
3592,Cliente_114,Técnico,Media,Ana L.,9,2,Resuelto,2024-04-06
3593,Cliente_278,Cuenta,Media,Fernanda P.,41,3,En espera,2024-01-14
3594,Cliente_500,Técnico,Alta,Ana L.,24,1,Resuelto,2024-06-03
3595,Cliente_414,Entrega,Media,Ana L.,25,2,Resuelto,2024-05-09
3596,Cliente_468,Cuenta,Media,Carlos M.,36,2,En espera,2024-01-04
3597,Cliente_213,Cuenta,Crítica,Carlos M.,8,3,Resuelto,2024-05-31
3598,Cliente_172,Entrega,Alta,Ana L.,59,2,Resuelto,2024-07-08
3599,Cliente_288,Cuenta,Crítica,Fernanda P.,35,1,Escalado,2024-05-07
3600,Cliente_435,Cuenta,Baja,Ana L.,38,4,Resuelto,2025-08-11
3601,Cliente_174,Técnico,Media,Carlos M.,32,5,Abierto,2025-03-31
3602,Cliente_113,Cuenta,Alta,Fernanda P.,51,2,En espera,2024-03-18
3603,Cliente_376,Entrega,Baja,Ana L.,28,5,Resuelto,2025-03-09
3604,Cliente_405,Facturación,Alta,Fernanda P.,56,5,En espera,2025-08-08
3605,Cliente_483,Facturación,Baja,Fernanda P.,8,4,Resuelto,2024-05-04
3606,Cliente_122,Facturación,Alta,Fernanda P.,41,2,Resuelto,2024-07-30
3607,Cliente_32,Entrega,Media,Ana L.,23,1,Resuelto,2024-07-11
3608,Cliente_222,Facturación,Baja,Carlos M.,54,2,Escalado,2025-08-10
3609,Cliente_119,Técnico,Media,Fernanda P.,23,5,Abierto,2024-08-14
3610,Cliente_39,Entrega,Media,Fernanda P.,32,3,Resuelto,2024-12-05
3611,Cliente_497,Entrega,Media,Ana L.,10,4,Resuelto,2024-05-19
3612,Cliente_268,Entrega,Media,Carlos M.,35,1,Resuelto,2025-02-16
3613,Cliente_233,Cuenta,Alta,Carlos M.,63,1,Resuelto,2024-07-04
3614,Cliente_431,Cuenta,Media,Ana L.,67,5,Escalado,2024-11-18
3615,Cliente_18,Cuenta,Media,Fernanda P.,36,1,Resuelto,2024-08-02
3616,Cliente_149,Producto,Baja,Ana L.,49,5,Escalado,2025-08-11
3617,Cliente_397,Técnico,Crítica,Carlos M.,46,1,Resuelto,2025-05-23
3618,Cliente_149,Entrega,Baja,Fernanda P.,27,1,Resuelto,2024-03-15
3619,Cliente_126,Entrega,Media,Fernanda P.,31,5,Resuelto,2025-02-12
3620,Cliente_392,Cuenta,Alta,Carlos M.,34,4,Resuelto,2024-12-05
3621,Cliente_302,Entrega,Baja,Fernanda P.,59,1,Resuelto,2025-07-14
3622,Cliente_360,Entrega,Media,Ana L.,54,2,En espera,2024-11-14
3623,Cliente_238,Facturación,Baja,Carlos M.,66,3,Resuelto,2024-08-26
3624,Cliente_135,Entrega,Alta,Carlos M.,30,5,Resuelto,2025-05-24
3625,Cliente_151,Producto,Media,Fernanda P.,23,1,Resuelto,2025-03-29
3626,Cliente_236,Cuenta,Alta,Carlos M.,9,4,Abierto,2025-05-01
3627,Cliente_224,Técnico,Alta,Ana L.,55,2,Escalado,2024-02-27
3628,Cliente_203,Técnico,Media,Carlos M.,1,5,Resuelto,2024-09-21
3629,Cliente_256,Facturación,Alta,Fernanda P.,56,2,Escalado,2024-08-29
3630,Cliente_86,Técnico,Media,Carlos M.,39,3,Resuelto,2024-03-16
3631,Cliente_150,Técnico,Media,Fernanda P.,18,4,Resuelto,2024-12-13
3632,Cliente_235,Cuenta,Media,Fernanda P.,42,5,Escalado,2025-06-14
3633,Cliente_345,Cuenta,Crítica,Ana L.,65,5,Resuelto,2024-05-21
3634,Cliente_22,Producto,Media,Carlos M.,33,1,Abierto,2025-05-22
3635,Cliente_348,Facturación,Media,Ana L.,30,2,Abierto,2024-04-22
3636,Cliente_285,Técnico,Media,Ana L.,5,5,Resuelto,2025-05-07
3637,Cliente_269,Producto,Media,Carlos M.,50,2,Resuelto,2024-12-15
3638,Cliente_466,Facturación,Baja,Ana L.,65,3,Resuelto,2024-01-19
3639,Cliente_258,Técnico,Media,Ana L.,10,1,Resuelto,2024-08-04
3640,Cliente_29,Técnico,Media,Fernanda P.,60,3,Abierto,2025-05-14
3641,Cliente_213,Cuenta,Media,Ana L.,27,1,Escalado,2025-02-28
3642,Cliente_463,Entrega,Media,Carlos M.,72,1,Resuelto,2025-02-14
3643,Cliente_436,Facturación,Media,Fernanda P.,28,2,Escalado,2025-05-25
3644,Cliente_283,Técnico,Alta,Ana L.,45,1,Resuelto,2024-04-17
3645,Cliente_50,Facturación,Crítica,Ana L.,52,3,Resuelto,2024-04-14
3646,Cliente_95,Producto,Media,Carlos M.,66,3,Resuelto,2025-07-08
3647,Cliente_463,Producto,Baja,Ana L.,62,3,Resuelto,2024-10-15
3648,Cliente_499,Entrega,Crítica,Carlos M.,60,2,Escalado,2025-03-02
3649,Cliente_407,Técnico,Alta,Ana L.,40,2,En espera,2024-10-16
3650,Cliente_88,Cuenta,Media,Ana L.,15,4,En espera,2024-11-29
3651,Cliente_44,Técnico,Baja,Carlos M.,7,5,Resuelto,2024-01-20
3652,Cliente_461,Facturación,Baja,Fernanda P.,39,4,En espera,2024-11-13
3653,Cliente_278,Producto,Baja,Carlos M.,51,4,Resuelto,2025-04-07
3654,Cliente_171,Facturación,Baja,Fernanda P.,7,1,Resuelto,2024-01-02
3655,Cliente_421,Entrega,Crítica,Fernanda P.,12,1,Escalado,2024-08-03
3656,Cliente_189,Producto,Media,Carlos M.,14,4,Resuelto,2025-08-22
3657,Cliente_353,Cuenta,Media,Carlos M.,34,5,Resuelto,2024-09-09
3658,Cliente_184,Producto,Alta,Ana L.,39,4,Resuelto,2024-08-10
3659,Cliente_3,Técnico,Alta,Ana L.,64,2,Escalado,2024-07-26
3660,Cliente_191,Técnico,Alta,Fernanda P.,12,3,Resuelto,2024-03-08
3661,Cliente_118,Producto,Crítica,Ana L.,34,4,Resuelto,2024-08-13
3662,Cliente_19,Entrega,Media,Carlos M.,27,1,Resuelto,2025-08-13
3663,Cliente_23,Técnico,Crítica,Fernanda P.,22,5,Resuelto,2024-12-04
3664,Cliente_413,Técnico,Alta,Ana L.,18,1,Resuelto,2025-01-02
3665,Cliente_30,Cuenta,Baja,Ana L.,46,2,Abierto,2025-05-06
3666,Cliente_295,Producto,Media,Carlos M.,44,1,Resuelto,2025-06-30
3667,Cliente_108,Técnico,Media,Carlos M.,18,1,Abierto,2024-12-24
3668,Cliente_367,Entrega,Crítica,Ana L.,37,5,Resuelto,2024-10-23
3669,Cliente_281,Facturación,Media,Fernanda P.,7,5,Resuelto,2025-02-16
3670,Cliente_128,Producto,Media,Fernanda P.,68,1,En espera,2025-02-02
3671,Cliente_229,Cuenta,Baja,Carlos M.,60,1,Resuelto,2025-06-27
3672,Cliente_111,Técnico,Media,Carlos M.,48,4,Resuelto,2025-01-25
3673,Cliente_136,Entrega,Baja,Carlos M.,51,2,Escalado,2025-06-11
3674,Cliente_362,Producto,Media,Ana L.,52,4,Resuelto,2024-09-22
3675,Cliente_186,Entrega,Alta,Ana L.,52,5,Resuelto,2024-09-05
3676,Cliente_144,Entrega,Baja,Carlos M.,54,4,Resuelto,2024-07-02
3677,Cliente_72,Cuenta,Media,Fernanda P.,41,4,Resuelto,2024-07-12
3678,Cliente_129,Producto,Baja,Carlos M.,42,1,Resuelto,2025-05-13
3679,Cliente_364,Técnico,Baja,Carlos M.,22,1,En espera,2024-02-22
3680,Cliente_261,Cuenta,Media,Fernanda P.,39,2,Resuelto,2024-03-22
3681,Cliente_3,Técnico,Baja,Fernanda P.,23,3,Resuelto,2025-06-29
3682,Cliente_449,Facturación,Media,Fernanda P.,48,3,En espera,2024-03-25
3683,Cliente_388,Entrega,Baja,Fernanda P.,33,4,Resuelto,2025-01-19
3684,Cliente_104,Facturación,Baja,Ana L.,41,2,Resuelto,2025-07-24
3685,Cliente_483,Entrega,Media,Ana L.,30,2,Resuelto,2024-01-25
3686,Cliente_224,Cuenta,Media,Carlos M.,47,5,Resuelto,2025-06-26
3687,Cliente_320,Técnico,Baja,Ana L.,57,1,Resuelto,2025-08-08
3688,Cliente_362,Técnico,Media,Carlos M.,72,5,Resuelto,2024-01-03
3689,Cliente_354,Cuenta,Alta,Carlos M.,57,3,Escalado,2024-07-12
3690,Cliente_491,Producto,Alta,Fernanda P.,62,2,Resuelto,2025-01-11
3691,Cliente_473,Facturación,Baja,Fernanda P.,57,3,Abierto,2025-06-28
3692,Cliente_10,Facturación,Media,Ana L.,68,1,Resuelto,2024-03-31
3693,Cliente_405,Técnico,Media,Ana L.,72,1,Resuelto,2025-04-29
3694,Cliente_384,Técnico,Baja,Ana L.,25,1,Resuelto,2025-07-04
3695,Cliente_302,Técnico,Alta,Ana L.,40,3,Resuelto,2024-01-29
3696,Cliente_231,Cuenta,Crítica,Fernanda P.,17,2,Resuelto,2024-04-14
3697,Cliente_219,Producto,Alta,Fernanda P.,48,5,Escalado,2024-01-25
3698,Cliente_411,Facturación,Alta,Ana L.,39,2,Escalado,2025-05-08
3699,Cliente_66,Entrega,Alta,Carlos M.,15,2,Resuelto,2024-10-01
3700,Cliente_425,Cuenta,Media,Fernanda P.,17,4,Resuelto,2025-03-24
3701,Cliente_112,Facturación,Media,Fernanda P.,35,2,Resuelto,2024-04-08
3702,Cliente_13,Producto,Alta,Fernanda P.,33,5,Abierto,2025-06-11
3703,Cliente_393,Cuenta,Media,Fernanda P.,18,4,Resuelto,2025-08-06
3704,Cliente_500,Facturación,Media,Ana L.,30,2,Resuelto,2024-07-17
3705,Cliente_420,Cuenta,Media,Ana L.,37,4,Resuelto,2025-08-19
3706,Cliente_86,Facturación,Alta,Carlos M.,7,2,Resuelto,2025-04-07
3707,Cliente_234,Facturación,Baja,Fernanda P.,28,1,Resuelto,2024-06-21
3708,Cliente_90,Producto,Media,Ana L.,18,1,Escalado,2025-03-11
3709,Cliente_314,Entrega,Crítica,Ana L.,47,2,Resuelto,2024-09-18
3710,Cliente_54,Producto,Alta,Fernanda P.,23,4,Resuelto,2025-03-19
3711,Cliente_12,Facturación,Crítica,Ana L.,20,5,Escalado,2024-10-19
3712,Cliente_209,Cuenta,Media,Ana L.,31,1,Resuelto,2025-05-25
3713,Cliente_462,Producto,Baja,Ana L.,14,4,Abierto,2024-01-04
3714,Cliente_14,Entrega,Alta,Carlos M.,23,5,Resuelto,2025-04-11
3715,Cliente_121,Facturación,Baja,Ana L.,2,4,Resuelto,2024-06-23
3716,Cliente_418,Producto,Media,Fernanda P.,29,2,Resuelto,2024-12-06
3717,Cliente_437,Producto,Media,Fernanda P.,50,1,Resuelto,2025-04-10
3718,Cliente_377,Producto,Baja,Fernanda P.,59,1,Resuelto,2024-06-18
3719,Cliente_20,Producto,Media,Ana L.,33,1,Resuelto,2025-03-21
3720,Cliente_75,Cuenta,Media,Carlos M.,48,2,Resuelto,2025-06-10
3721,Cliente_400,Entrega,Media,Ana L.,44,5,Abierto,2025-07-24
3722,Cliente_243,Entrega,Alta,Fernanda P.,12,5,Resuelto,2024-10-24
3723,Cliente_223,Facturación,Baja,Carlos M.,42,1,Resuelto,2025-05-24
3724,Cliente_70,Técnico,Baja,Carlos M.,35,5,Resuelto,2024-06-07
3725,Cliente_312,Cuenta,Media,Ana L.,41,1,En espera,2025-02-20
3726,Cliente_211,Facturación,Media,Fernanda P.,55,5,Resuelto,2024-12-25
3727,Cliente_101,Facturación,Crítica,Ana L.,13,1,Resuelto,2024-12-11
3728,Cliente_186,Producto,Baja,Fernanda P.,39,5,Resuelto,2025-02-17
3729,Cliente_132,Técnico,Alta,Carlos M.,66,4,En espera,2024-05-05
3730,Cliente_111,Técnico,Media,Ana L.,35,1,Escalado,2024-04-19
3731,Cliente_381,Cuenta,Media,Carlos M.,72,1,Resuelto,2025-03-24
3732,Cliente_132,Técnico,Baja,Fernanda P.,33,3,Abierto,2024-05-21
3733,Cliente_20,Facturación,Media,Carlos M.,36,1,Resuelto,2024-01-10
3734,Cliente_394,Técnico,Baja,Carlos M.,13,5,Resuelto,2024-01-17
3735,Cliente_24,Técnico,Baja,Carlos M.,56,4,En espera,2025-05-04
3736,Cliente_227,Entrega,Media,Ana L.,46,4,Resuelto,2025-06-10
3737,Cliente_154,Facturación,Alta,Fernanda P.,46,5,Resuelto,2024-01-03
3738,Cliente_293,Técnico,Alta,Carlos M.,44,2,Resuelto,2024-08-29
3739,Cliente_230,Técnico,Media,Carlos M.,46,1,En espera,2024-07-05
3740,Cliente_469,Producto,Media,Carlos M.,69,4,Resuelto,2024-08-22
3741,Cliente_310,Técnico,Media,Carlos M.,31,5,Resuelto,2024-06-26
3742,Cliente_488,Técnico,Crítica,Fernanda P.,24,4,Resuelto,2025-08-21
3743,Cliente_359,Entrega,Media,Fernanda P.,32,4,Resuelto,2024-11-12
3744,Cliente_405,Facturación,Baja,Ana L.,67,5,Resuelto,2024-09-09
3745,Cliente_202,Cuenta,Baja,Fernanda P.,16,3,Escalado,2024-11-06
3746,Cliente_38,Facturación,Media,Fernanda P.,57,4,Resuelto,2024-07-10
3747,Cliente_430,Producto,Media,Carlos M.,24,4,Resuelto,2024-01-03
3748,Cliente_260,Facturación,Baja,Ana L.,34,2,Escalado,2024-06-06
3749,Cliente_188,Técnico,Alta,Ana L.,52,3,Resuelto,2024-07-04
3750,Cliente_57,Producto,Alta,Carlos M.,48,2,Resuelto,2024-05-20
3751,Cliente_429,Facturación,Media,Ana L.,53,5,Resuelto,2024-02-20
3752,Cliente_20,Producto,Baja,Fernanda P.,55,1,Escalado,2025-02-28
3753,Cliente_273,Cuenta,Media,Ana L.,38,5,Resuelto,2025-01-09
3754,Cliente_119,Facturación,Crítica,Carlos M.,2,3,Resuelto,2024-04-29
3755,Cliente_71,Técnico,Alta,Ana L.,69,5,Resuelto,2025-01-04
3756,Cliente_4,Producto,Baja,Ana L.,53,3,Resuelto,2025-02-20
3757,Cliente_221,Entrega,Baja,Ana L.,50,2,Resuelto,2024-07-25
3758,Cliente_14,Producto,Media,Carlos M.,29,4,Abierto,2025-06-26
3759,Cliente_3,Entrega,Media,Fernanda P.,55,5,Resuelto,2024-06-12
3760,Cliente_216,Técnico,Media,Ana L.,61,5,Resuelto,2024-05-13
3761,Cliente_229,Cuenta,Crítica,Fernanda P.,50,4,Abierto,2024-10-27
3762,Cliente_336,Entrega,Media,Fernanda P.,16,5,Resuelto,2024-03-30
3763,Cliente_186,Cuenta,Baja,Fernanda P.,70,5,Abierto,2024-03-12
3764,Cliente_55,Producto,Alta,Ana L.,44,1,Resuelto,2024-12-24
3765,Cliente_500,Técnico,Baja,Fernanda P.,16,1,Resuelto,2025-07-02
3766,Cliente_388,Entrega,Crítica,Ana L.,28,4,Resuelto,2024-04-10
3767,Cliente_376,Producto,Media,Ana L.,57,2,Resuelto,2024-01-30
3768,Cliente_254,Facturación,Crítica,Ana L.,26,5,Resuelto,2025-07-03
3769,Cliente_24,Producto,Baja,Fernanda P.,11,5,Resuelto,2024-06-14
3770,Cliente_162,Cuenta,Baja,Ana L.,1,2,Resuelto,2025-01-26
3771,Cliente_158,Técnico,Media,Carlos M.,69,5,Resuelto,2025-06-04
3772,Cliente_82,Técnico,Media,Carlos M.,43,2,Resuelto,2024-10-03
3773,Cliente_403,Producto,Media,Carlos M.,46,4,Resuelto,2024-06-17
3774,Cliente_159,Facturación,Crítica,Ana L.,36,4,Resuelto,2024-10-01
3775,Cliente_188,Cuenta,Alta,Carlos M.,66,2,Resuelto,2024-09-05
3776,Cliente_60,Producto,Media,Ana L.,57,2,Resuelto,2025-05-26
3777,Cliente_403,Producto,Baja,Ana L.,6,3,Resuelto,2024-04-21
3778,Cliente_305,Técnico,Alta,Ana L.,62,1,Resuelto,2025-08-14
3779,Cliente_319,Cuenta,Alta,Fernanda P.,27,1,Resuelto,2024-01-18
3780,Cliente_366,Facturación,Media,Carlos M.,26,5,Resuelto,2025-04-04
3781,Cliente_211,Técnico,Crítica,Ana L.,13,5,En espera,2024-03-20
3782,Cliente_406,Producto,Baja,Carlos M.,18,2,Abierto,2024-07-17
3783,Cliente_152,Técnico,Baja,Carlos M.,38,2,Resuelto,2024-04-25
3784,Cliente_109,Técnico,Baja,Fernanda P.,6,1,Resuelto,2025-06-27
3785,Cliente_76,Entrega,Alta,Carlos M.,28,5,Resuelto,2024-08-10
3786,Cliente_30,Técnico,Media,Ana L.,5,1,Resuelto,2025-04-06
3787,Cliente_314,Técnico,Media,Ana L.,59,4,Escalado,2024-03-28
3788,Cliente_486,Cuenta,Baja,Carlos M.,45,1,Resuelto,2025-03-07
3789,Cliente_117,Técnico,Baja,Carlos M.,53,1,Abierto,2024-11-23
3790,Cliente_415,Facturación,Baja,Fernanda P.,2,2,Escalado,2024-04-12
3791,Cliente_356,Producto,Media,Ana L.,49,5,Resuelto,2024-10-24
3792,Cliente_192,Cuenta,Baja,Carlos M.,63,4,Resuelto,2024-07-07
3793,Cliente_19,Técnico,Baja,Carlos M.,70,1,Resuelto,2025-01-05
3794,Cliente_432,Facturación,Alta,Ana L.,58,1,Resuelto,2024-09-06
3795,Cliente_173,Producto,Media,Carlos M.,4,2,Resuelto,2024-08-13
3796,Cliente_228,Cuenta,Alta,Fernanda P.,30,3,Escalado,2024-05-03
3797,Cliente_350,Facturación,Baja,Carlos M.,57,5,Escalado,2024-10-31
3798,Cliente_183,Técnico,Media,Carlos M.,47,5,Resuelto,2025-02-01
3799,Cliente_113,Entrega,Media,Fernanda P.,18,5,Abierto,2024-10-04
3800,Cliente_183,Entrega,Baja,Fernanda P.,44,1,Resuelto,2024-06-06
3801,Cliente_481,Cuenta,Baja,Fernanda P.,52,1,Resuelto,2024-01-03
3802,Cliente_146,Facturación,Alta,Ana L.,49,1,Resuelto,2024-11-26
3803,Cliente_319,Producto,Crítica,Carlos M.,30,3,Resuelto,2024-01-10
3804,Cliente_116,Facturación,Baja,Carlos M.,52,1,Resuelto,2025-08-01
3805,Cliente_113,Entrega,Media,Fernanda P.,37,5,Resuelto,2025-07-15
3806,Cliente_251,Cuenta,Crítica,Ana L.,63,5,Resuelto,2024-07-15
3807,Cliente_476,Técnico,Baja,Fernanda P.,12,2,Resuelto,2025-03-17
3808,Cliente_251,Facturación,Media,Carlos M.,17,3,Resuelto,2024-01-15
3809,Cliente_303,Entrega,Crítica,Ana L.,34,4,Resuelto,2024-05-01
3810,Cliente_459,Producto,Crítica,Ana L.,28,1,Resuelto,2025-07-13
3811,Cliente_313,Cuenta,Media,Carlos M.,4,4,Resuelto,2024-01-06
3812,Cliente_118,Técnico,Baja,Ana L.,46,1,En espera,2025-05-30
3813,Cliente_301,Facturación,Baja,Ana L.,14,3,Resuelto,2024-10-05
3814,Cliente_161,Producto,Alta,Fernanda P.,13,3,Abierto,2024-02-25
3815,Cliente_401,Técnico,Crítica,Ana L.,58,5,Resuelto,2024-01-15
3816,Cliente_198,Entrega,Media,Fernanda P.,49,3,Resuelto,2025-01-22
3817,Cliente_260,Entrega,Alta,Ana L.,50,4,Resuelto,2024-03-31
3818,Cliente_148,Producto,Alta,Fernanda P.,67,4,En espera,2025-05-08
3819,Cliente_240,Entrega,Media,Fernanda P.,21,3,Resuelto,2024-08-26
3820,Cliente_47,Cuenta,Alta,Ana L.,51,4,Resuelto,2025-06-04
3821,Cliente_475,Producto,Media,Fernanda P.,38,1,En espera,2024-08-04
3822,Cliente_399,Entrega,Media,Carlos M.,26,2,Resuelto,2024-07-03
3823,Cliente_198,Facturación,Baja,Carlos M.,6,5,En espera,2024-07-13
3824,Cliente_47,Entrega,Alta,Ana L.,18,2,Abierto,2024-02-08
3825,Cliente_78,Cuenta,Media,Ana L.,6,4,Resuelto,2024-02-09
3826,Cliente_124,Técnico,Baja,Ana L.,41,5,Escalado,2024-01-16
3827,Cliente_75,Técnico,Alta,Carlos M.,57,2,Resuelto,2024-03-21
3828,Cliente_359,Entrega,Media,Ana L.,50,2,Resuelto,2024-03-05
3829,Cliente_137,Técnico,Crítica,Ana L.,25,4,Resuelto,2024-04-24
3830,Cliente_90,Entrega,Baja,Fernanda P.,48,5,Resuelto,2025-07-15
3831,Cliente_400,Cuenta,Media,Ana L.,24,5,Resuelto,2024-10-11
3832,Cliente_325,Técnico,Baja,Carlos M.,30,2,Abierto,2024-05-25
3833,Cliente_500,Facturación,Crítica,Carlos M.,45,5,Resuelto,2025-02-19
3834,Cliente_61,Entrega,Baja,Ana L.,43,5,Resuelto,2025-01-13
3835,Cliente_138,Técnico,Media,Carlos M.,72,1,Resuelto,2025-04-14
3836,Cliente_50,Cuenta,Alta,Fernanda P.,56,4,Resuelto,2024-09-23
3837,Cliente_259,Cuenta,Media,Fernanda P.,70,4,Resuelto,2025-02-16
3838,Cliente_461,Facturación,Crítica,Ana L.,33,1,Resuelto,2025-02-02
3839,Cliente_107,Cuenta,Alta,Ana L.,45,2,Resuelto,2024-10-17
3840,Cliente_113,Cuenta,Baja,Fernanda P.,7,3,En espera,2024-03-20
3841,Cliente_350,Técnico,Baja,Fernanda P.,18,2,Resuelto,2025-01-06
3842,Cliente_254,Entrega,Baja,Ana L.,70,1,Escalado,2025-04-21
3843,Cliente_118,Producto,Baja,Carlos M.,45,5,Resuelto,2024-06-10
3844,Cliente_493,Cuenta,Alta,Ana L.,37,1,Abierto,2024-05-27
3845,Cliente_198,Cuenta,Crítica,Ana L.,21,4,Resuelto,2025-05-19
3846,Cliente_337,Producto,Baja,Ana L.,44,5,Resuelto,2024-07-23
3847,Cliente_365,Cuenta,Media,Ana L.,30,2,En espera,2025-08-19
3848,Cliente_51,Técnico,Media,Ana L.,11,5,Resuelto,2024-02-19
3849,Cliente_245,Técnico,Baja,Ana L.,8,4,Resuelto,2025-02-17
3850,Cliente_403,Producto,Media,Ana L.,5,1,Resuelto,2024-04-30
3851,Cliente_426,Cuenta,Media,Carlos M.,8,2,Abierto,2025-04-02
3852,Cliente_35,Cuenta,Media,Ana L.,5,3,Resuelto,2024-07-17
3853,Cliente_302,Entrega,Media,Fernanda P.,10,3,Resuelto,2024-08-13
3854,Cliente_410,Cuenta,Alta,Ana L.,15,1,Resuelto,2024-09-16
3855,Cliente_499,Técnico,Baja,Carlos M.,56,2,Resuelto,2025-07-28
3856,Cliente_69,Facturación,Alta,Fernanda P.,55,2,Resuelto,2024-10-04
3857,Cliente_349,Facturación,Media,Ana L.,3,5,En espera,2024-01-04
3858,Cliente_320,Facturación,Alta,Ana L.,41,1,Escalado,2024-07-11
3859,Cliente_421,Facturación,Media,Fernanda P.,10,5,Escalado,2024-10-30
3860,Cliente_468,Cuenta,Alta,Ana L.,7,1,En espera,2024-05-30
3861,Cliente_49,Cuenta,Alta,Carlos M.,63,4,En espera,2024-01-06
3862,Cliente_405,Entrega,Media,Ana L.,63,1,En espera,2025-03-28
3863,Cliente_74,Cuenta,Media,Carlos M.,26,5,Escalado,2024-08-02
3864,Cliente_192,Facturación,Crítica,Ana L.,34,2,En espera,2024-11-22
3865,Cliente_261,Producto,Alta,Fernanda P.,72,1,Resuelto,2024-03-25
3866,Cliente_356,Producto,Crítica,Carlos M.,39,2,Resuelto,2025-02-21
3867,Cliente_70,Técnico,Alta,Ana L.,60,4,Resuelto,2024-06-02
3868,Cliente_90,Técnico,Media,Ana L.,69,3,Resuelto,2025-06-15
3869,Cliente_260,Cuenta,Baja,Fernanda P.,26,3,Resuelto,2024-09-26
3870,Cliente_126,Producto,Baja,Fernanda P.,62,5,Abierto,2024-09-02
3871,Cliente_231,Facturación,Crítica,Carlos M.,10,1,Resuelto,2025-01-07
3872,Cliente_295,Facturación,Media,Carlos M.,54,4,Resuelto,2024-03-11
3873,Cliente_498,Facturación,Baja,Carlos M.,31,4,Resuelto,2024-07-20
3874,Cliente_419,Cuenta,Alta,Ana L.,38,2,En espera,2024-12-16
3875,Cliente_129,Cuenta,Alta,Ana L.,25,5,Resuelto,2024-02-27
3876,Cliente_280,Entrega,Baja,Carlos M.,65,4,Resuelto,2024-08-08
3877,Cliente_313,Facturación,Baja,Ana L.,50,1,En espera,2024-06-07
3878,Cliente_100,Facturación,Media,Fernanda P.,24,4,Resuelto,2024-07-26
3879,Cliente_326,Cuenta,Baja,Ana L.,27,3,Resuelto,2024-08-25
3880,Cliente_297,Cuenta,Alta,Carlos M.,50,5,Resuelto,2024-07-06
3881,Cliente_182,Entrega,Media,Ana L.,50,2,En espera,2025-01-28
3882,Cliente_174,Entrega,Alta,Fernanda P.,15,1,Abierto,2024-09-10
3883,Cliente_316,Técnico,Alta,Carlos M.,17,3,Resuelto,2024-12-14
3884,Cliente_364,Producto,Media,Carlos M.,29,4,Escalado,2024-11-17
3885,Cliente_188,Facturación,Media,Carlos M.,5,5,Escalado,2024-06-28
3886,Cliente_57,Facturación,Media,Carlos M.,11,5,Abierto,2025-08-22
3887,Cliente_31,Entrega,Media,Ana L.,52,1,En espera,2024-12-28
3888,Cliente_84,Entrega,Media,Fernanda P.,34,2,Abierto,2024-10-30
3889,Cliente_152,Técnico,Alta,Ana L.,33,3,Resuelto,2025-01-16
3890,Cliente_473,Producto,Media,Ana L.,49,2,Resuelto,2024-05-05
3891,Cliente_36,Técnico,Alta,Carlos M.,31,1,Resuelto,2025-01-08
3892,Cliente_213,Producto,Baja,Fernanda P.,18,1,Resuelto,2024-06-28
3893,Cliente_414,Facturación,Baja,Ana L.,5,3,En espera,2025-07-08
3894,Cliente_408,Técnico,Crítica,Fernanda P.,30,5,Resuelto,2024-03-28
3895,Cliente_364,Entrega,Media,Fernanda P.,45,5,Resuelto,2025-06-09
3896,Cliente_106,Técnico,Media,Fernanda P.,38,3,Resuelto,2024-08-30
3897,Cliente_414,Técnico,Media,Fernanda P.,29,2,Resuelto,2025-06-13
3898,Cliente_342,Facturación,Baja,Ana L.,36,3,Resuelto,2024-08-15
3899,Cliente_220,Entrega,Alta,Fernanda P.,9,5,En espera,2024-03-17
3900,Cliente_391,Entrega,Baja,Ana L.,23,2,Escalado,2024-10-16
3901,Cliente_163,Cuenta,Media,Fernanda P.,3,4,Escalado,2025-07-06
3902,Cliente_439,Cuenta,Media,Fernanda P.,56,2,Resuelto,2024-04-28
3903,Cliente_220,Cuenta,Crítica,Ana L.,40,5,Escalado,2025-08-09
3904,Cliente_270,Facturación,Media,Carlos M.,56,1,Resuelto,2024-06-25
3905,Cliente_120,Técnico,Baja,Ana L.,58,2,Resuelto,2024-08-05
3906,Cliente_394,Entrega,Media,Fernanda P.,31,2,Resuelto,2025-08-03
3907,Cliente_336,Entrega,Baja,Ana L.,11,1,En espera,2024-01-12
3908,Cliente_400,Técnico,Baja,Fernanda P.,42,5,Resuelto,2024-04-22
3909,Cliente_182,Entrega,Baja,Ana L.,3,4,Resuelto,2024-11-15
3910,Cliente_479,Técnico,Media,Ana L.,57,4,Abierto,2024-01-26
3911,Cliente_106,Facturación,Baja,Ana L.,14,3,Resuelto,2025-01-25
3912,Cliente_217,Facturación,Media,Carlos M.,46,4,Resuelto,2024-02-24
3913,Cliente_205,Facturación,Crítica,Ana L.,19,4,Resuelto,2024-07-26
3914,Cliente_70,Técnico,Alta,Ana L.,60,2,Abierto,2025-08-13
3915,Cliente_44,Técnico,Baja,Carlos M.,31,3,Resuelto,2025-03-15
3916,Cliente_329,Producto,Baja,Carlos M.,36,4,Abierto,2024-05-30
3917,Cliente_301,Entrega,Media,Fernanda P.,32,2,En espera,2025-04-07
3918,Cliente_228,Entrega,Alta,Fernanda P.,63,3,Escalado,2024-11-23
3919,Cliente_184,Producto,Baja,Ana L.,26,2,Resuelto,2024-07-16
3920,Cliente_107,Producto,Alta,Fernanda P.,65,1,Resuelto,2025-05-18
3921,Cliente_84,Facturación,Media,Ana L.,2,5,Resuelto,2024-08-07
3922,Cliente_338,Producto,Media,Carlos M.,70,5,Resuelto,2024-10-30
3923,Cliente_250,Técnico,Crítica,Carlos M.,45,5,En espera,2025-05-25
3924,Cliente_363,Cuenta,Alta,Ana L.,25,4,Escalado,2025-06-16
3925,Cliente_441,Técnico,Alta,Fernanda P.,40,5,Escalado,2025-02-07
3926,Cliente_21,Producto,Media,Fernanda P.,18,5,Resuelto,2024-12-28
3927,Cliente_196,Entrega,Media,Fernanda P.,12,3,Resuelto,2024-03-11
3928,Cliente_178,Técnico,Media,Ana L.,24,3,Resuelto,2024-04-03
3929,Cliente_417,Entrega,Media,Fernanda P.,43,3,Resuelto,2025-04-19
3930,Cliente_475,Técnico,Media,Carlos M.,32,4,Escalado,2025-08-07
3931,Cliente_7,Entrega,Baja,Carlos M.,47,5,Resuelto,2024-08-15
3932,Cliente_70,Técnico,Baja,Carlos M.,45,4,Resuelto,2024-12-12
3933,Cliente_127,Entrega,Media,Carlos M.,35,4,Resuelto,2024-06-23
3934,Cliente_399,Cuenta,Alta,Carlos M.,9,4,Resuelto,2024-08-04
3935,Cliente_466,Facturación,Crítica,Carlos M.,10,4,Resuelto,2025-07-01
3936,Cliente_160,Técnico,Media,Carlos M.,65,4,En espera,2025-01-31
3937,Cliente_248,Cuenta,Media,Carlos M.,59,4,Resuelto,2024-09-30
3938,Cliente_203,Facturación,Baja,Carlos M.,57,5,Resuelto,2024-04-24
3939,Cliente_148,Técnico,Crítica,Ana L.,10,3,Resuelto,2024-07-21
3940,Cliente_472,Cuenta,Media,Ana L.,19,2,Resuelto,2025-06-01
3941,Cliente_143,Cuenta,Alta,Carlos M.,50,2,Resuelto,2024-05-04
3942,Cliente_432,Cuenta,Alta,Carlos M.,68,2,Resuelto,2024-11-03
3943,Cliente_199,Producto,Baja,Carlos M.,5,1,Resuelto,2024-07-16
3944,Cliente_405,Entrega,Media,Fernanda P.,29,3,Resuelto,2025-05-29
3945,Cliente_426,Facturación,Crítica,Ana L.,5,5,Escalado,2025-04-22
3946,Cliente_154,Entrega,Baja,Carlos M.,60,4,Resuelto,2024-03-06
3947,Cliente_492,Entrega,Media,Ana L.,65,2,Resuelto,2024-07-26
3948,Cliente_376,Entrega,Crítica,Carlos M.,28,3,Resuelto,2024-10-04
3949,Cliente_384,Cuenta,Media,Fernanda P.,1,5,Abierto,2024-05-18
3950,Cliente_142,Entrega,Alta,Carlos M.,29,2,Resuelto,2024-11-04
3951,Cliente_313,Producto,Crítica,Ana L.,51,3,Resuelto,2024-11-27
3952,Cliente_165,Técnico,Alta,Ana L.,36,5,Resuelto,2024-06-16
3953,Cliente_314,Cuenta,Baja,Ana L.,32,3,Resuelto,2025-06-30
3954,Cliente_21,Facturación,Media,Ana L.,64,4,Resuelto,2024-02-12
3955,Cliente_82,Técnico,Baja,Carlos M.,14,3,Resuelto,2024-09-27
3956,Cliente_69,Técnico,Alta,Fernanda P.,32,3,Resuelto,2024-10-26
3957,Cliente_131,Técnico,Alta,Fernanda P.,9,1,Escalado,2024-02-11
3958,Cliente_87,Entrega,Media,Carlos M.,11,4,Escalado,2025-08-19
3959,Cliente_218,Entrega,Media,Carlos M.,48,3,En espera,2025-05-30
3960,Cliente_421,Cuenta,Baja,Ana L.,51,4,En espera,2024-11-22
3961,Cliente_472,Entrega,Alta,Carlos M.,4,3,Resuelto,2024-10-11
3962,Cliente_305,Entrega,Alta,Fernanda P.,41,4,Resuelto,2024-09-18
3963,Cliente_403,Entrega,Crítica,Carlos M.,25,5,Resuelto,2024-09-11
3964,Cliente_371,Cuenta,Alta,Carlos M.,17,2,Resuelto,2024-07-12
3965,Cliente_345,Cuenta,Alta,Fernanda P.,47,1,Resuelto,2024-03-21
3966,Cliente_341,Producto,Alta,Fernanda P.,8,2,En espera,2025-02-14
3967,Cliente_384,Producto,Media,Carlos M.,58,3,Resuelto,2024-05-18
3968,Cliente_396,Producto,Media,Ana L.,1,3,Resuelto,2025-05-15
3969,Cliente_445,Producto,Crítica,Ana L.,2,5,Resuelto,2024-04-12
3970,Cliente_425,Técnico,Media,Ana L.,10,3,Resuelto,2025-06-27
3971,Cliente_161,Técnico,Media,Fernanda P.,27,4,En espera,2025-01-04
3972,Cliente_178,Producto,Baja,Fernanda P.,13,2,Resuelto,2024-02-20
3973,Cliente_117,Producto,Baja,Ana L.,63,3,Escalado,2024-08-25
3974,Cliente_196,Facturación,Media,Carlos M.,11,5,Resuelto,2024-02-09
3975,Cliente_383,Técnico,Baja,Carlos M.,14,1,Escalado,2024-08-10
3976,Cliente_490,Facturación,Baja,Carlos M.,26,2,Resuelto,2025-06-01
3977,Cliente_327,Facturación,Media,Fernanda P.,69,5,Resuelto,2025-01-15
3978,Cliente_86,Entrega,Baja,Fernanda P.,39,5,Escalado,2024-09-28
3979,Cliente_289,Cuenta,Alta,Ana L.,28,2,Resuelto,2025-02-02
3980,Cliente_81,Técnico,Media,Carlos M.,17,5,Resuelto,2025-02-09
3981,Cliente_152,Producto,Media,Fernanda P.,37,1,Resuelto,2024-05-25
3982,Cliente_61,Producto,Baja,Fernanda P.,27,1,Resuelto,2025-03-09
3983,Cliente_61,Cuenta,Media,Ana L.,67,3,Resuelto,2024-08-16
3984,Cliente_354,Técnico,Media,Carlos M.,68,4,Resuelto,2025-07-14
3985,Cliente_28,Producto,Alta,Fernanda P.,47,3,Resuelto,2025-03-29
3986,Cliente_442,Producto,Alta,Fernanda P.,34,4,Escalado,2024-12-28
3987,Cliente_43,Entrega,Baja,Fernanda P.,18,2,En espera,2024-09-07
3988,Cliente_169,Facturación,Media,Fernanda P.,35,5,Resuelto,2025-01-28
3989,Cliente_423,Producto,Baja,Carlos M.,18,3,En espera,2024-10-21
3990,Cliente_86,Técnico,Crítica,Ana L.,70,5,Resuelto,2025-07-23
3991,Cliente_177,Cuenta,Crítica,Carlos M.,34,3,Resuelto,2024-10-27
3992,Cliente_17,Entrega,Media,Ana L.,33,3,Abierto,2024-01-28
3993,Cliente_98,Técnico,Media,Fernanda P.,72,1,Resuelto,2024-03-13
3994,Cliente_454,Entrega,Alta,Carlos M.,43,4,Resuelto,2024-11-08
3995,Cliente_494,Facturación,Alta,Ana L.,27,2,Abierto,2024-03-20
3996,Cliente_198,Producto,Media,Ana L.,48,5,Escalado,2024-01-29
3997,Cliente_98,Técnico,Crítica,Fernanda P.,69,3,Resuelto,2024-11-06
3998,Cliente_65,Cuenta,Media,Ana L.,71,5,Resuelto,2024-02-26
3999,Cliente_330,Facturación,Media,Ana L.,22,1,Resuelto,2025-02-13
4000,Cliente_341,Facturación,Alta,Ana L.,34,2,Resuelto,2025-05-09
4001,Cliente_5,Entrega,Media,Fernanda P.,43,4,Abierto,2024-05-12
4002,Cliente_2,Facturación,Alta,Carlos M.,16,4,En espera,2024-05-26
4003,Cliente_22,Técnico,Baja,Fernanda P.,14,3,Escalado,2024-08-16
4004,Cliente_112,Entrega,Media,Ana L.,39,2,En espera,2025-08-18
4005,Cliente_57,Facturación,Baja,Ana L.,71,4,Resuelto,2025-07-15
4006,Cliente_66,Cuenta,Media,Carlos M.,12,2,Resuelto,2024-11-27
4007,Cliente_330,Técnico,Media,Ana L.,55,5,Resuelto,2025-03-24
4008,Cliente_98,Cuenta,Crítica,Carlos M.,6,1,Resuelto,2025-03-19
4009,Cliente_144,Cuenta,Media,Ana L.,40,2,Resuelto,2025-03-17
4010,Cliente_368,Entrega,Alta,Ana L.,13,2,Resuelto,2025-02-14
4011,Cliente_435,Producto,Media,Fernanda P.,69,4,Resuelto,2024-07-31
4012,Cliente_125,Entrega,Alta,Fernanda P.,24,3,En espera,2024-04-18
4013,Cliente_167,Técnico,Media,Carlos M.,59,3,Resuelto,2025-05-16
4014,Cliente_86,Técnico,Media,Fernanda P.,46,5,En espera,2025-06-28
4015,Cliente_76,Entrega,Baja,Carlos M.,44,4,Resuelto,2024-04-11
4016,Cliente_344,Producto,Media,Fernanda P.,11,4,Abierto,2025-04-25
4017,Cliente_495,Entrega,Media,Carlos M.,61,1,Resuelto,2025-02-24
4018,Cliente_424,Técnico,Media,Ana L.,36,3,Abierto,2025-03-28
4019,Cliente_294,Producto,Crítica,Carlos M.,72,4,Resuelto,2025-02-15
4020,Cliente_444,Técnico,Alta,Fernanda P.,10,5,Resuelto,2024-04-03
4021,Cliente_59,Producto,Crítica,Carlos M.,1,1,Resuelto,2025-04-28
4022,Cliente_138,Producto,Media,Fernanda P.,63,3,Resuelto,2024-02-13
4023,Cliente_99,Entrega,Crítica,Ana L.,12,3,En espera,2024-11-11
4024,Cliente_192,Entrega,Alta,Fernanda P.,5,3,Abierto,2024-02-27
4025,Cliente_243,Entrega,Baja,Ana L.,36,1,Resuelto,2024-05-21
4026,Cliente_319,Producto,Media,Ana L.,17,5,Resuelto,2025-01-24
4027,Cliente_49,Producto,Baja,Fernanda P.,58,5,En espera,2025-03-21
4028,Cliente_448,Técnico,Baja,Ana L.,22,4,Resuelto,2024-01-05
4029,Cliente_32,Cuenta,Baja,Fernanda P.,31,4,Resuelto,2025-03-08
4030,Cliente_391,Entrega,Baja,Carlos M.,26,3,Resuelto,2025-03-10
4031,Cliente_277,Técnico,Alta,Ana L.,13,2,Resuelto,2024-05-02
4032,Cliente_20,Técnico,Media,Carlos M.,63,4,Resuelto,2024-01-18
4033,Cliente_154,Facturación,Media,Carlos M.,67,5,Resuelto,2025-04-29
4034,Cliente_383,Entrega,Alta,Fernanda P.,63,3,Resuelto,2025-05-25
4035,Cliente_68,Técnico,Alta,Fernanda P.,11,5,Resuelto,2024-08-10
4036,Cliente_366,Facturación,Crítica,Ana L.,69,3,Resuelto,2024-08-31
4037,Cliente_372,Entrega,Media,Fernanda P.,64,1,En espera,2024-01-09
4038,Cliente_214,Producto,Media,Carlos M.,68,4,Resuelto,2024-12-11
4039,Cliente_143,Facturación,Media,Carlos M.,32,1,Resuelto,2024-05-01
4040,Cliente_376,Producto,Baja,Carlos M.,10,4,Abierto,2025-04-24
4041,Cliente_232,Cuenta,Baja,Ana L.,54,5,Resuelto,2024-10-24
4042,Cliente_213,Cuenta,Media,Fernanda P.,55,5,En espera,2024-12-30
4043,Cliente_79,Cuenta,Crítica,Carlos M.,62,2,Escalado,2024-11-21
4044,Cliente_214,Cuenta,Baja,Ana L.,55,5,Escalado,2024-04-18
4045,Cliente_116,Técnico,Baja,Fernanda P.,35,3,Resuelto,2025-06-26
4046,Cliente_92,Cuenta,Baja,Fernanda P.,67,2,Resuelto,2024-05-01
4047,Cliente_270,Técnico,Alta,Carlos M.,65,3,En espera,2024-10-01
4048,Cliente_411,Técnico,Media,Ana L.,17,2,Resuelto,2024-03-11
4049,Cliente_381,Entrega,Media,Carlos M.,42,3,Resuelto,2024-06-23
4050,Cliente_489,Técnico,Baja,Carlos M.,59,2,Resuelto,2024-10-19
4051,Cliente_168,Técnico,Media,Ana L.,70,4,En espera,2025-04-19
4052,Cliente_58,Cuenta,Baja,Carlos M.,11,4,Resuelto,2024-01-19
4053,Cliente_284,Técnico,Media,Ana L.,28,2,Resuelto,2024-04-02
4054,Cliente_26,Producto,Baja,Ana L.,39,1,Resuelto,2025-02-12
4055,Cliente_369,Cuenta,Alta,Carlos M.,54,2,Resuelto,2024-02-22
4056,Cliente_447,Facturación,Media,Carlos M.,11,1,Resuelto,2025-04-29
4057,Cliente_66,Cuenta,Alta,Fernanda P.,58,3,Resuelto,2025-08-09
4058,Cliente_409,Técnico,Media,Fernanda P.,40,2,Resuelto,2025-07-11
4059,Cliente_248,Producto,Media,Ana L.,4,1,Resuelto,2025-02-18
4060,Cliente_254,Cuenta,Baja,Ana L.,64,2,Abierto,2025-07-01
4061,Cliente_387,Producto,Media,Ana L.,48,4,Resuelto,2024-05-11
4062,Cliente_456,Facturación,Media,Fernanda P.,70,4,Escalado,2024-08-30
4063,Cliente_44,Facturación,Media,Carlos M.,31,2,Resuelto,2024-03-31
4064,Cliente_97,Entrega,Alta,Carlos M.,2,2,Resuelto,2024-12-11
4065,Cliente_42,Entrega,Alta,Fernanda P.,43,5,Abierto,2024-12-29
4066,Cliente_500,Cuenta,Alta,Carlos M.,41,4,En espera,2024-05-01
4067,Cliente_227,Entrega,Baja,Carlos M.,60,3,Resuelto,2024-12-24
4068,Cliente_262,Producto,Media,Carlos M.,46,2,Resuelto,2024-04-23
4069,Cliente_167,Entrega,Baja,Fernanda P.,40,5,Resuelto,2025-02-22
4070,Cliente_436,Producto,Media,Ana L.,59,2,Resuelto,2025-06-06
4071,Cliente_279,Entrega,Media,Carlos M.,45,4,Resuelto,2024-07-05
4072,Cliente_89,Entrega,Baja,Carlos M.,42,1,Resuelto,2024-03-18
4073,Cliente_379,Entrega,Alta,Ana L.,21,1,En espera,2025-08-04
4074,Cliente_178,Técnico,Media,Carlos M.,3,4,Resuelto,2025-05-01
4075,Cliente_427,Técnico,Media,Carlos M.,66,3,Resuelto,2024-01-05
4076,Cliente_403,Entrega,Baja,Ana L.,11,5,Resuelto,2024-10-29
4077,Cliente_197,Producto,Media,Fernanda P.,24,2,Resuelto,2024-03-30
4078,Cliente_307,Cuenta,Crítica,Fernanda P.,50,2,Abierto,2025-07-15
4079,Cliente_267,Facturación,Media,Carlos M.,21,2,En espera,2024-12-20
4080,Cliente_268,Técnico,Crítica,Carlos M.,25,5,Escalado,2024-07-20
4081,Cliente_74,Entrega,Baja,Ana L.,4,5,En espera,2024-04-04
4082,Cliente_8,Facturación,Media,Ana L.,43,4,Resuelto,2025-08-13
4083,Cliente_408,Técnico,Alta,Carlos M.,47,5,Abierto,2024-06-16
4084,Cliente_476,Cuenta,Media,Carlos M.,23,2,Resuelto,2025-03-05
4085,Cliente_297,Producto,Baja,Fernanda P.,60,2,Resuelto,2024-12-23
4086,Cliente_164,Entrega,Media,Fernanda P.,21,5,Resuelto,2024-04-23
4087,Cliente_485,Cuenta,Media,Fernanda P.,66,5,Resuelto,2025-06-15
4088,Cliente_85,Técnico,Alta,Fernanda P.,51,4,Resuelto,2025-08-22
4089,Cliente_72,Entrega,Alta,Ana L.,15,1,En espera,2025-05-19
4090,Cliente_55,Facturación,Alta,Fernanda P.,58,5,Resuelto,2024-11-21
4091,Cliente_393,Producto,Media,Fernanda P.,26,1,En espera,2024-10-23
4092,Cliente_47,Técnico,Baja,Carlos M.,59,3,Escalado,2025-01-02
4093,Cliente_399,Producto,Media,Fernanda P.,45,1,Escalado,2025-01-29
4094,Cliente_432,Entrega,Alta,Carlos M.,66,5,Escalado,2024-01-30
4095,Cliente_238,Cuenta,Crítica,Carlos M.,35,2,Abierto,2025-01-21
4096,Cliente_104,Producto,Baja,Fernanda P.,64,2,Resuelto,2024-02-23
4097,Cliente_210,Facturación,Media,Fernanda P.,27,5,Resuelto,2024-01-10
4098,Cliente_42,Técnico,Media,Carlos M.,31,4,En espera,2024-09-21
4099,Cliente_316,Facturación,Baja,Ana L.,12,5,En espera,2024-05-14
4100,Cliente_468,Producto,Media,Carlos M.,45,5,Escalado,2025-07-26
4101,Cliente_454,Cuenta,Media,Ana L.,32,4,Abierto,2025-06-09
4102,Cliente_268,Cuenta,Baja,Ana L.,54,4,Resuelto,2024-09-14
4103,Cliente_386,Facturación,Alta,Fernanda P.,66,3,Escalado,2025-02-09
4104,Cliente_263,Entrega,Alta,Fernanda P.,32,3,Escalado,2025-03-19
4105,Cliente_336,Entrega,Crítica,Fernanda P.,15,3,Resuelto,2024-10-27
4106,Cliente_387,Cuenta,Baja,Fernanda P.,55,4,Resuelto,2024-01-26
4107,Cliente_365,Facturación,Media,Carlos M.,41,1,En espera,2025-03-18
4108,Cliente_259,Facturación,Media,Ana L.,40,5,Resuelto,2024-02-08
4109,Cliente_283,Facturación,Media,Carlos M.,72,3,En espera,2024-09-02
4110,Cliente_114,Producto,Media,Ana L.,49,1,Resuelto,2024-07-26
4111,Cliente_363,Entrega,Alta,Carlos M.,38,5,Resuelto,2024-07-19
4112,Cliente_40,Entrega,Baja,Ana L.,56,1,Resuelto,2024-06-29
4113,Cliente_486,Producto,Crítica,Fernanda P.,34,2,Resuelto,2025-01-15
4114,Cliente_417,Técnico,Alta,Ana L.,1,2,Resuelto,2024-06-22
4115,Cliente_220,Producto,Alta,Fernanda P.,10,5,Resuelto,2024-11-14
4116,Cliente_129,Facturación,Alta,Ana L.,40,1,Escalado,2024-04-24
4117,Cliente_8,Producto,Media,Carlos M.,16,1,Resuelto,2024-10-29
4118,Cliente_101,Facturación,Alta,Ana L.,46,4,Resuelto,2024-05-21
4119,Cliente_416,Cuenta,Media,Carlos M.,24,3,Abierto,2025-06-11
4120,Cliente_380,Facturación,Alta,Carlos M.,14,5,Resuelto,2024-05-27
4121,Cliente_176,Entrega,Baja,Fernanda P.,39,1,En espera,2025-05-15
4122,Cliente_107,Producto,Baja,Ana L.,18,3,Resuelto,2025-01-21
4123,Cliente_101,Facturación,Media,Carlos M.,41,5,Abierto,2024-01-29
4124,Cliente_260,Técnico,Media,Ana L.,56,1,Resuelto,2024-09-16
4125,Cliente_478,Cuenta,Media,Fernanda P.,36,2,Escalado,2024-04-23
4126,Cliente_454,Técnico,Media,Fernanda P.,24,1,Resuelto,2024-01-08
4127,Cliente_366,Técnico,Alta,Ana L.,29,2,Resuelto,2024-10-30
4128,Cliente_246,Técnico,Media,Carlos M.,22,2,Escalado,2024-09-11
4129,Cliente_275,Cuenta,Media,Carlos M.,11,4,Abierto,2024-03-24
4130,Cliente_32,Cuenta,Baja,Carlos M.,41,4,Abierto,2024-01-16
4131,Cliente_137,Cuenta,Media,Ana L.,49,3,Resuelto,2024-10-29
4132,Cliente_12,Cuenta,Media,Carlos M.,11,5,Resuelto,2024-04-05
4133,Cliente_395,Técnico,Alta,Carlos M.,52,3,Resuelto,2024-05-01
4134,Cliente_302,Entrega,Baja,Carlos M.,67,4,Resuelto,2024-08-13
4135,Cliente_375,Entrega,Baja,Fernanda P.,8,3,Resuelto,2024-01-29
4136,Cliente_16,Cuenta,Media,Carlos M.,31,5,Escalado,2025-08-10
4137,Cliente_129,Producto,Media,Ana L.,6,5,Resuelto,2024-11-19
4138,Cliente_63,Facturación,Media,Ana L.,71,1,Resuelto,2024-04-28
4139,Cliente_109,Producto,Alta,Carlos M.,13,3,Resuelto,2024-06-19
4140,Cliente_375,Producto,Media,Ana L.,6,4,Abierto,2024-02-03
4141,Cliente_21,Producto,Media,Ana L.,67,1,Resuelto,2024-10-31
4142,Cliente_158,Entrega,Media,Carlos M.,27,3,Resuelto,2024-07-06
4143,Cliente_269,Facturación,Baja,Fernanda P.,45,5,En espera,2024-02-20
4144,Cliente_162,Producto,Alta,Carlos M.,26,4,Resuelto,2025-06-04
4145,Cliente_260,Cuenta,Media,Ana L.,4,3,Resuelto,2024-05-12
4146,Cliente_412,Entrega,Media,Ana L.,37,5,Resuelto,2024-12-31
4147,Cliente_102,Cuenta,Alta,Carlos M.,21,5,Resuelto,2024-07-10
4148,Cliente_223,Cuenta,Baja,Ana L.,28,3,Resuelto,2025-06-11
4149,Cliente_59,Producto,Alta,Fernanda P.,32,3,Resuelto,2024-07-05
4150,Cliente_247,Cuenta,Media,Carlos M.,53,4,Resuelto,2024-07-02
4151,Cliente_128,Facturación,Media,Ana L.,33,1,Resuelto,2024-07-11
4152,Cliente_283,Cuenta,Alta,Fernanda P.,26,5,Resuelto,2024-03-24
4153,Cliente_325,Producto,Alta,Ana L.,17,1,Resuelto,2025-01-28
4154,Cliente_25,Cuenta,Media,Fernanda P.,56,1,Resuelto,2025-05-17
4155,Cliente_131,Entrega,Alta,Ana L.,30,5,Resuelto,2024-03-02
4156,Cliente_353,Entrega,Media,Carlos M.,5,3,Resuelto,2024-02-02
4157,Cliente_196,Entrega,Media,Ana L.,6,5,Escalado,2025-05-07
4158,Cliente_281,Técnico,Baja,Carlos M.,62,1,Resuelto,2024-05-22
4159,Cliente_404,Entrega,Baja,Fernanda P.,10,4,Abierto,2024-12-06
4160,Cliente_418,Entrega,Alta,Fernanda P.,70,5,En espera,2024-12-27
4161,Cliente_154,Técnico,Baja,Ana L.,10,4,Resuelto,2024-05-02
4162,Cliente_382,Entrega,Baja,Carlos M.,44,3,Abierto,2025-05-12
4163,Cliente_133,Producto,Alta,Carlos M.,56,3,Resuelto,2024-04-24
4164,Cliente_227,Entrega,Baja,Fernanda P.,4,4,Resuelto,2024-12-22
4165,Cliente_189,Entrega,Baja,Fernanda P.,13,4,Escalado,2025-01-28
4166,Cliente_476,Técnico,Media,Ana L.,19,5,Resuelto,2025-05-18
4167,Cliente_477,Producto,Media,Fernanda P.,70,3,Resuelto,2025-08-14
4168,Cliente_265,Cuenta,Alta,Fernanda P.,62,4,Resuelto,2024-05-15
4169,Cliente_372,Facturación,Media,Carlos M.,9,2,En espera,2024-12-30
4170,Cliente_486,Producto,Media,Carlos M.,46,5,Resuelto,2024-09-20
4171,Cliente_434,Cuenta,Alta,Carlos M.,56,5,Escalado,2024-05-20
4172,Cliente_134,Producto,Media,Fernanda P.,40,2,Resuelto,2024-03-28
4173,Cliente_211,Cuenta,Media,Ana L.,67,3,Resuelto,2025-04-04
4174,Cliente_60,Cuenta,Alta,Ana L.,62,4,Resuelto,2024-08-24
4175,Cliente_428,Producto,Media,Fernanda P.,46,4,Resuelto,2025-05-24
4176,Cliente_377,Técnico,Media,Ana L.,6,3,Abierto,2025-07-24
4177,Cliente_395,Producto,Baja,Fernanda P.,29,2,Resuelto,2024-06-23
4178,Cliente_450,Producto,Media,Ana L.,19,2,Resuelto,2025-07-25
4179,Cliente_431,Cuenta,Baja,Fernanda P.,15,2,Resuelto,2024-06-17
4180,Cliente_364,Facturación,Media,Carlos M.,57,5,Resuelto,2024-02-21
4181,Cliente_364,Cuenta,Alta,Ana L.,38,4,Resuelto,2024-08-15
4182,Cliente_457,Entrega,Media,Carlos M.,21,1,En espera,2024-09-04
4183,Cliente_213,Producto,Baja,Carlos M.,51,5,En espera,2024-11-27
4184,Cliente_216,Producto,Alta,Ana L.,39,5,Resuelto,2025-03-13
4185,Cliente_226,Técnico,Baja,Fernanda P.,20,4,Resuelto,2024-02-05
4186,Cliente_470,Cuenta,Alta,Carlos M.,2,3,En espera,2024-11-28
4187,Cliente_131,Técnico,Media,Carlos M.,32,4,Resuelto,2024-04-08
4188,Cliente_76,Producto,Baja,Fernanda P.,4,3,Resuelto,2024-03-09
4189,Cliente_476,Cuenta,Crítica,Fernanda P.,7,4,Resuelto,2024-05-20
4190,Cliente_286,Cuenta,Baja,Ana L.,3,5,Resuelto,2025-05-08
4191,Cliente_474,Entrega,Crítica,Ana L.,25,2,Resuelto,2024-09-23
4192,Cliente_496,Entrega,Baja,Fernanda P.,9,5,Resuelto,2024-01-08
4193,Cliente_277,Facturación,Baja,Carlos M.,26,5,Escalado,2025-02-18
4194,Cliente_156,Entrega,Baja,Fernanda P.,64,1,Resuelto,2025-07-27
4195,Cliente_248,Cuenta,Baja,Ana L.,18,5,Resuelto,2024-05-19
4196,Cliente_218,Entrega,Alta,Carlos M.,2,5,Resuelto,2025-02-04
4197,Cliente_190,Facturación,Media,Carlos M.,1,5,Resuelto,2025-02-14
4198,Cliente_417,Producto,Alta,Ana L.,48,1,Abierto,2024-04-19
4199,Cliente_469,Entrega,Baja,Carlos M.,63,3,Abierto,2024-06-20
4200,Cliente_163,Cuenta,Media,Fernanda P.,36,1,Resuelto,2025-07-23
4201,Cliente_180,Producto,Media,Ana L.,63,2,Resuelto,2025-02-17
4202,Cliente_34,Cuenta,Media,Carlos M.,26,3,Resuelto,2024-01-08
4203,Cliente_41,Producto,Media,Ana L.,6,1,Abierto,2024-12-28
4204,Cliente_307,Cuenta,Media,Carlos M.,26,2,Abierto,2025-01-10
4205,Cliente_431,Entrega,Baja,Fernanda P.,43,2,Resuelto,2025-07-29
4206,Cliente_338,Entrega,Alta,Ana L.,1,4,Escalado,2024-11-22
4207,Cliente_314,Facturación,Alta,Carlos M.,9,4,Resuelto,2024-10-04
4208,Cliente_75,Producto,Media,Fernanda P.,27,5,Resuelto,2024-07-09
4209,Cliente_441,Facturación,Baja,Fernanda P.,71,3,Resuelto,2025-05-18
4210,Cliente_279,Técnico,Baja,Fernanda P.,3,1,Resuelto,2024-03-19
4211,Cliente_176,Entrega,Media,Carlos M.,61,5,Resuelto,2025-07-02
4212,Cliente_384,Producto,Baja,Carlos M.,2,3,Resuelto,2024-04-04
4213,Cliente_150,Facturación,Baja,Fernanda P.,31,4,Resuelto,2025-03-28
4214,Cliente_273,Facturación,Alta,Fernanda P.,65,1,Abierto,2024-11-09
4215,Cliente_325,Técnico,Media,Fernanda P.,18,2,En espera,2024-07-22
4216,Cliente_108,Facturación,Media,Fernanda P.,6,2,En espera,2024-08-09
4217,Cliente_139,Cuenta,Baja,Fernanda P.,42,5,Resuelto,2025-08-11
4218,Cliente_350,Entrega,Crítica,Carlos M.,68,5,Resuelto,2025-08-09
4219,Cliente_271,Facturación,Baja,Ana L.,4,1,Resuelto,2024-07-19
4220,Cliente_347,Facturación,Alta,Ana L.,4,2,Resuelto,2024-08-09
4221,Cliente_419,Técnico,Crítica,Ana L.,65,5,Resuelto,2025-07-03
4222,Cliente_289,Cuenta,Alta,Carlos M.,41,2,Resuelto,2025-03-05
4223,Cliente_212,Facturación,Crítica,Ana L.,43,4,Resuelto,2024-08-21
4224,Cliente_381,Entrega,Media,Ana L.,55,5,En espera,2024-04-30
4225,Cliente_272,Entrega,Baja,Ana L.,19,3,Resuelto,2025-07-14
4226,Cliente_418,Facturación,Baja,Ana L.,21,5,Resuelto,2024-02-03
4227,Cliente_66,Cuenta,Media,Fernanda P.,58,4,Resuelto,2024-05-09
4228,Cliente_483,Entrega,Baja,Carlos M.,30,1,Abierto,2025-01-13
4229,Cliente_424,Entrega,Media,Ana L.,7,2,Resuelto,2025-07-21
4230,Cliente_248,Cuenta,Baja,Fernanda P.,69,1,Resuelto,2024-05-14
4231,Cliente_156,Cuenta,Alta,Ana L.,64,5,Resuelto,2024-02-05
4232,Cliente_47,Facturación,Media,Ana L.,2,3,Resuelto,2024-06-16
4233,Cliente_423,Producto,Media,Ana L.,67,1,Resuelto,2024-07-24
4234,Cliente_454,Técnico,Crítica,Ana L.,9,3,Abierto,2025-04-19
4235,Cliente_201,Producto,Baja,Ana L.,23,5,Resuelto,2025-08-18
4236,Cliente_148,Producto,Alta,Fernanda P.,14,3,Resuelto,2024-03-15
4237,Cliente_124,Entrega,Alta,Ana L.,54,3,Resuelto,2024-03-30
4238,Cliente_1,Cuenta,Baja,Fernanda P.,45,4,En espera,2024-11-20
4239,Cliente_456,Entrega,Media,Ana L.,16,1,Resuelto,2024-09-28
4240,Cliente_247,Técnico,Media,Carlos M.,72,5,Escalado,2024-03-15
4241,Cliente_343,Facturación,Alta,Fernanda P.,57,4,En espera,2024-05-16
4242,Cliente_128,Técnico,Media,Ana L.,8,3,Resuelto,2024-09-17
4243,Cliente_191,Entrega,Media,Fernanda P.,25,4,Abierto,2024-07-30
4244,Cliente_67,Entrega,Alta,Ana L.,41,4,Resuelto,2025-07-08
4245,Cliente_4,Entrega,Baja,Ana L.,62,3,Resuelto,2025-08-08
4246,Cliente_442,Entrega,Alta,Fernanda P.,18,5,Resuelto,2025-04-29
4247,Cliente_409,Producto,Alta,Ana L.,50,2,Resuelto,2025-06-27
4248,Cliente_303,Facturación,Alta,Ana L.,41,4,Resuelto,2024-08-03
4249,Cliente_294,Producto,Alta,Ana L.,34,1,Resuelto,2024-12-29
4250,Cliente_143,Entrega,Media,Ana L.,12,3,Abierto,2024-03-07
4251,Cliente_191,Cuenta,Crítica,Ana L.,42,2,Resuelto,2024-08-18
4252,Cliente_21,Producto,Media,Ana L.,55,4,Escalado,2025-01-17
4253,Cliente_227,Entrega,Media,Fernanda P.,59,3,Resuelto,2024-08-22
4254,Cliente_313,Entrega,Baja,Carlos M.,51,3,Escalado,2024-06-02
4255,Cliente_117,Facturación,Crítica,Ana L.,53,4,Resuelto,2024-01-12
4256,Cliente_437,Técnico,Alta,Fernanda P.,9,1,Resuelto,2024-02-06
4257,Cliente_302,Producto,Alta,Carlos M.,3,3,En espera,2024-11-08
4258,Cliente_500,Producto,Baja,Fernanda P.,8,3,En espera,2024-01-12
4259,Cliente_142,Producto,Alta,Carlos M.,59,4,Resuelto,2024-06-22
4260,Cliente_484,Entrega,Alta,Carlos M.,30,2,Abierto,2024-08-12
4261,Cliente_460,Facturación,Media,Carlos M.,67,3,Resuelto,2024-06-03
4262,Cliente_401,Entrega,Baja,Fernanda P.,55,3,Resuelto,2025-06-02
4263,Cliente_39,Entrega,Media,Carlos M.,34,4,Escalado,2024-08-23
4264,Cliente_393,Cuenta,Baja,Ana L.,43,3,Resuelto,2024-02-07
4265,Cliente_355,Facturación,Media,Ana L.,28,4,Resuelto,2024-10-24
4266,Cliente_252,Producto,Baja,Carlos M.,37,1,Resuelto,2024-08-31
4267,Cliente_333,Técnico,Media,Carlos M.,30,4,Resuelto,2024-05-02
4268,Cliente_207,Producto,Baja,Ana L.,71,2,Resuelto,2025-05-06
4269,Cliente_210,Entrega,Baja,Fernanda P.,62,3,Resuelto,2024-10-24
4270,Cliente_115,Facturación,Baja,Fernanda P.,29,1,Resuelto,2024-02-10
4271,Cliente_225,Facturación,Crítica,Ana L.,2,3,Resuelto,2024-09-21
4272,Cliente_134,Facturación,Media,Fernanda P.,57,3,Resuelto,2024-04-17
4273,Cliente_251,Cuenta,Media,Fernanda P.,57,4,Escalado,2024-08-13
4274,Cliente_219,Producto,Media,Carlos M.,42,3,Escalado,2024-06-22
4275,Cliente_407,Cuenta,Media,Fernanda P.,49,1,Abierto,2024-04-14
4276,Cliente_443,Técnico,Crítica,Ana L.,57,5,Resuelto,2024-12-03
4277,Cliente_91,Entrega,Baja,Fernanda P.,71,3,Resuelto,2024-04-30
4278,Cliente_354,Cuenta,Baja,Carlos M.,18,4,En espera,2024-07-05
4279,Cliente_376,Cuenta,Crítica,Ana L.,70,2,Resuelto,2025-06-11
4280,Cliente_46,Entrega,Media,Ana L.,27,3,Escalado,2025-06-27
4281,Cliente_38,Facturación,Baja,Ana L.,54,4,Resuelto,2025-02-27
4282,Cliente_142,Entrega,Baja,Carlos M.,24,3,En espera,2024-12-11
4283,Cliente_100,Producto,Baja,Ana L.,34,5,Resuelto,2024-04-04
4284,Cliente_328,Entrega,Crítica,Carlos M.,22,5,Resuelto,2024-04-15
4285,Cliente_190,Facturación,Baja,Carlos M.,63,1,Abierto,2025-05-22
4286,Cliente_35,Entrega,Crítica,Fernanda P.,36,5,En espera,2024-11-21
4287,Cliente_147,Cuenta,Crítica,Ana L.,61,4,Resuelto,2024-10-17
4288,Cliente_30,Técnico,Media,Fernanda P.,42,5,Resuelto,2024-11-26
4289,Cliente_334,Cuenta,Baja,Fernanda P.,33,4,En espera,2025-03-19
4290,Cliente_84,Técnico,Baja,Carlos M.,9,3,Resuelto,2025-07-02
4291,Cliente_369,Entrega,Media,Fernanda P.,25,1,Resuelto,2025-06-17
4292,Cliente_281,Producto,Media,Fernanda P.,13,1,Resuelto,2025-08-20
4293,Cliente_424,Entrega,Media,Fernanda P.,47,5,Resuelto,2024-11-11
4294,Cliente_344,Facturación,Media,Ana L.,45,2,Resuelto,2024-02-11
4295,Cliente_270,Entrega,Crítica,Fernanda P.,5,5,En espera,2024-10-05
4296,Cliente_154,Técnico,Media,Carlos M.,31,2,Resuelto,2024-06-08
4297,Cliente_102,Cuenta,Media,Ana L.,31,5,Resuelto,2024-08-27
4298,Cliente_215,Producto,Alta,Carlos M.,71,4,Resuelto,2024-06-04
4299,Cliente_150,Entrega,Baja,Ana L.,41,4,Resuelto,2025-02-13
4300,Cliente_432,Entrega,Baja,Ana L.,46,2,Resuelto,2024-08-09
4301,Cliente_83,Cuenta,Baja,Ana L.,52,1,Resuelto,2024-12-02
4302,Cliente_110,Producto,Baja,Carlos M.,5,2,Resuelto,2024-10-11
4303,Cliente_435,Entrega,Media,Fernanda P.,12,3,Resuelto,2025-01-20
4304,Cliente_387,Entrega,Media,Ana L.,21,1,Resuelto,2024-12-23
4305,Cliente_426,Técnico,Media,Carlos M.,9,2,Resuelto,2025-02-25
4306,Cliente_275,Técnico,Crítica,Ana L.,17,3,Resuelto,2024-09-24
4307,Cliente_201,Facturación,Baja,Fernanda P.,24,3,Resuelto,2024-03-31
4308,Cliente_284,Cuenta,Media,Ana L.,27,5,Escalado,2024-10-22
4309,Cliente_468,Producto,Baja,Carlos M.,8,2,Resuelto,2024-12-22
4310,Cliente_173,Entrega,Media,Ana L.,44,4,Resuelto,2024-11-03
4311,Cliente_327,Entrega,Media,Carlos M.,62,5,Resuelto,2024-11-13
4312,Cliente_206,Facturación,Crítica,Fernanda P.,29,1,Resuelto,2024-11-12
4313,Cliente_63,Entrega,Media,Fernanda P.,24,4,Resuelto,2024-10-28
4314,Cliente_73,Cuenta,Baja,Ana L.,34,3,Resuelto,2024-08-20
4315,Cliente_251,Facturación,Media,Fernanda P.,60,1,Resuelto,2025-08-06
4316,Cliente_124,Cuenta,Baja,Carlos M.,31,5,Abierto,2025-02-16
4317,Cliente_375,Facturación,Baja,Ana L.,4,3,Escalado,2024-02-19
4318,Cliente_121,Entrega,Media,Carlos M.,9,3,En espera,2024-12-26
4319,Cliente_275,Facturación,Baja,Ana L.,54,3,Resuelto,2025-05-28
4320,Cliente_431,Técnico,Media,Carlos M.,1,4,Resuelto,2025-05-16
4321,Cliente_500,Producto,Media,Ana L.,61,5,Resuelto,2024-03-06
4322,Cliente_398,Entrega,Media,Carlos M.,31,5,Resuelto,2025-04-30
4323,Cliente_120,Producto,Baja,Carlos M.,45,4,Resuelto,2024-08-02
4324,Cliente_422,Entrega,Crítica,Ana L.,60,5,Resuelto,2024-05-17
4325,Cliente_437,Producto,Media,Carlos M.,42,3,Resuelto,2025-01-18
4326,Cliente_317,Técnico,Alta,Fernanda P.,27,3,Abierto,2025-04-23
4327,Cliente_164,Producto,Media,Carlos M.,58,3,Abierto,2024-01-02
4328,Cliente_424,Facturación,Media,Ana L.,69,5,Resuelto,2025-05-23
4329,Cliente_465,Producto,Media,Fernanda P.,34,2,Abierto,2024-05-21
4330,Cliente_286,Entrega,Media,Fernanda P.,10,1,En espera,2024-01-28
4331,Cliente_265,Cuenta,Baja,Carlos M.,66,2,Resuelto,2024-09-13
4332,Cliente_320,Producto,Media,Carlos M.,25,4,Resuelto,2024-03-25
4333,Cliente_161,Producto,Alta,Carlos M.,3,2,Abierto,2024-08-30
4334,Cliente_376,Producto,Media,Fernanda P.,34,2,Resuelto,2024-07-24
4335,Cliente_308,Entrega,Baja,Fernanda P.,71,4,Resuelto,2025-03-13
4336,Cliente_89,Producto,Media,Fernanda P.,28,2,Resuelto,2024-09-27
4337,Cliente_142,Entrega,Alta,Ana L.,9,1,Escalado,2025-07-13
4338,Cliente_203,Entrega,Alta,Ana L.,11,5,Escalado,2025-04-23
4339,Cliente_309,Cuenta,Baja,Carlos M.,39,4,Resuelto,2025-07-11
4340,Cliente_227,Facturación,Alta,Ana L.,13,2,Resuelto,2024-06-25
4341,Cliente_489,Entrega,Media,Ana L.,11,3,Resuelto,2025-02-23
4342,Cliente_443,Técnico,Media,Carlos M.,35,3,Resuelto,2025-04-19
4343,Cliente_334,Producto,Media,Carlos M.,8,4,Resuelto,2025-01-21
4344,Cliente_222,Técnico,Alta,Fernanda P.,7,3,Abierto,2024-09-10
4345,Cliente_41,Producto,Crítica,Fernanda P.,69,1,En espera,2024-09-02
4346,Cliente_196,Cuenta,Crítica,Carlos M.,70,2,En espera,2025-01-24
4347,Cliente_68,Entrega,Baja,Carlos M.,57,1,Resuelto,2025-01-16
4348,Cliente_476,Facturación,Crítica,Ana L.,35,1,Abierto,2025-04-19
4349,Cliente_264,Entrega,Baja,Ana L.,11,5,Resuelto,2025-06-17
4350,Cliente_2,Producto,Baja,Ana L.,38,2,Resuelto,2025-06-17
4351,Cliente_361,Facturación,Media,Carlos M.,49,4,Resuelto,2024-12-12
4352,Cliente_125,Entrega,Media,Carlos M.,35,3,En espera,2024-07-17
4353,Cliente_110,Facturación,Media,Fernanda P.,29,5,Resuelto,2024-08-18
4354,Cliente_86,Producto,Media,Ana L.,41,1,Escalado,2025-03-09
4355,Cliente_425,Cuenta,Crítica,Fernanda P.,6,3,Resuelto,2024-11-27
4356,Cliente_120,Cuenta,Baja,Carlos M.,10,2,Resuelto,2024-12-01
4357,Cliente_127,Entrega,Baja,Ana L.,23,1,Resuelto,2024-08-17
4358,Cliente_255,Técnico,Crítica,Fernanda P.,46,1,Resuelto,2024-08-21
4359,Cliente_183,Producto,Baja,Carlos M.,12,2,Resuelto,2025-01-03
4360,Cliente_16,Entrega,Media,Fernanda P.,55,4,Resuelto,2024-06-05
4361,Cliente_477,Entrega,Media,Ana L.,13,5,Resuelto,2025-06-22
4362,Cliente_62,Cuenta,Media,Fernanda P.,7,2,Resuelto,2024-07-20
4363,Cliente_369,Facturación,Media,Fernanda P.,12,3,En espera,2024-03-29
4364,Cliente_432,Producto,Baja,Carlos M.,61,3,Resuelto,2024-11-10
4365,Cliente_158,Facturación,Alta,Ana L.,25,1,Resuelto,2024-06-18
4366,Cliente_268,Producto,Baja,Fernanda P.,2,5,Resuelto,2025-03-12
4367,Cliente_35,Técnico,Media,Carlos M.,26,4,Resuelto,2024-10-20
4368,Cliente_267,Cuenta,Baja,Ana L.,51,4,Escalado,2024-12-10
4369,Cliente_64,Técnico,Media,Carlos M.,69,3,Abierto,2024-12-28
4370,Cliente_494,Entrega,Media,Ana L.,62,4,Resuelto,2024-06-28
4371,Cliente_50,Cuenta,Crítica,Carlos M.,72,3,En espera,2025-05-22
4372,Cliente_469,Entrega,Alta,Carlos M.,39,5,Escalado,2025-05-03
4373,Cliente_255,Técnico,Media,Carlos M.,11,1,Abierto,2024-10-26
4374,Cliente_149,Producto,Crítica,Fernanda P.,64,3,Resuelto,2025-06-18
4375,Cliente_325,Entrega,Media,Fernanda P.,42,5,Escalado,2024-11-21
4376,Cliente_304,Facturación,Media,Carlos M.,10,3,Resuelto,2024-03-17
4377,Cliente_276,Producto,Media,Ana L.,19,2,Resuelto,2024-08-10
4378,Cliente_357,Producto,Media,Carlos M.,4,3,Resuelto,2024-07-06
4379,Cliente_451,Técnico,Alta,Fernanda P.,3,5,Resuelto,2025-04-22
4380,Cliente_172,Técnico,Baja,Ana L.,14,4,Escalado,2024-01-23
4381,Cliente_417,Cuenta,Media,Fernanda P.,10,3,Abierto,2024-02-06
4382,Cliente_201,Cuenta,Alta,Carlos M.,6,1,Abierto,2024-01-18
4383,Cliente_445,Facturación,Crítica,Fernanda P.,31,5,Resuelto,2025-07-06
4384,Cliente_393,Producto,Alta,Fernanda P.,31,4,Escalado,2024-12-03
4385,Cliente_324,Facturación,Media,Fernanda P.,48,5,Resuelto,2024-03-12
4386,Cliente_35,Facturación,Media,Carlos M.,9,3,Resuelto,2025-06-01
4387,Cliente_465,Técnico,Media,Fernanda P.,26,2,Resuelto,2025-03-20
4388,Cliente_482,Facturación,Media,Carlos M.,2,2,Resuelto,2025-04-22
4389,Cliente_216,Facturación,Crítica,Carlos M.,4,1,Resuelto,2025-03-31
4390,Cliente_480,Entrega,Crítica,Fernanda P.,6,1,Escalado,2024-04-28
4391,Cliente_65,Cuenta,Alta,Ana L.,30,4,Resuelto,2025-03-23
4392,Cliente_8,Cuenta,Baja,Fernanda P.,55,2,Escalado,2025-01-01
4393,Cliente_301,Producto,Alta,Fernanda P.,28,3,Resuelto,2025-01-02
4394,Cliente_343,Cuenta,Crítica,Fernanda P.,61,5,Resuelto,2025-04-21
4395,Cliente_431,Producto,Media,Ana L.,55,5,Resuelto,2025-08-03
4396,Cliente_424,Entrega,Media,Ana L.,36,2,Escalado,2024-03-17
4397,Cliente_332,Cuenta,Alta,Carlos M.,5,2,Resuelto,2024-10-02
4398,Cliente_438,Entrega,Media,Ana L.,29,5,Resuelto,2024-04-01
4399,Cliente_76,Cuenta,Crítica,Ana L.,12,4,Resuelto,2025-01-02
4400,Cliente_174,Cuenta,Media,Fernanda P.,22,5,Resuelto,2025-06-13
4401,Cliente_47,Entrega,Alta,Carlos M.,59,1,Resuelto,2025-05-07
4402,Cliente_15,Facturación,Alta,Carlos M.,39,3,Resuelto,2025-04-24
4403,Cliente_361,Facturación,Media,Ana L.,2,2,Abierto,2024-11-18
4404,Cliente_147,Facturación,Alta,Ana L.,14,2,Resuelto,2025-06-30
4405,Cliente_26,Facturación,Media,Fernanda P.,10,4,Resuelto,2024-04-11
4406,Cliente_308,Cuenta,Media,Ana L.,48,1,Abierto,2024-09-27
4407,Cliente_93,Técnico,Baja,Ana L.,64,5,Abierto,2024-11-02
4408,Cliente_406,Entrega,Media,Carlos M.,3,1,Resuelto,2025-01-21
4409,Cliente_232,Técnico,Alta,Ana L.,72,1,Abierto,2024-10-03
4410,Cliente_21,Técnico,Crítica,Fernanda P.,60,4,Escalado,2024-09-15
4411,Cliente_307,Producto,Baja,Carlos M.,68,4,Resuelto,2025-06-30
4412,Cliente_38,Facturación,Media,Carlos M.,21,5,Abierto,2025-06-03
4413,Cliente_276,Cuenta,Baja,Ana L.,19,5,En espera,2025-03-07
4414,Cliente_157,Facturación,Media,Fernanda P.,20,3,En espera,2024-11-05
4415,Cliente_179,Facturación,Crítica,Carlos M.,58,1,Resuelto,2025-04-03
4416,Cliente_132,Técnico,Media,Fernanda P.,42,5,Escalado,2025-01-20
4417,Cliente_311,Producto,Media,Fernanda P.,10,4,Resuelto,2024-07-18
4418,Cliente_455,Facturación,Media,Ana L.,23,3,Escalado,2025-06-14
4419,Cliente_348,Entrega,Baja,Fernanda P.,12,3,Resuelto,2025-02-05
4420,Cliente_28,Entrega,Alta,Carlos M.,9,4,Resuelto,2024-03-25
4421,Cliente_260,Facturación,Media,Ana L.,29,5,En espera,2024-01-22
4422,Cliente_406,Técnico,Media,Carlos M.,20,4,Resuelto,2024-08-22
4423,Cliente_76,Técnico,Alta,Fernanda P.,65,5,Resuelto,2025-01-24
4424,Cliente_429,Cuenta,Alta,Fernanda P.,3,4,Resuelto,2024-05-08
4425,Cliente_67,Producto,Alta,Ana L.,8,4,Abierto,2025-01-27
4426,Cliente_342,Técnico,Crítica,Ana L.,39,2,Resuelto,2025-07-17
4427,Cliente_492,Cuenta,Crítica,Carlos M.,64,5,Resuelto,2025-04-08
4428,Cliente_194,Entrega,Media,Carlos M.,31,1,Resuelto,2025-06-24
4429,Cliente_472,Entrega,Baja,Fernanda P.,72,2,Resuelto,2024-01-29
4430,Cliente_162,Entrega,Media,Ana L.,22,2,Resuelto,2024-05-12
4431,Cliente_347,Facturación,Alta,Fernanda P.,5,2,Resuelto,2025-06-17
4432,Cliente_439,Producto,Baja,Fernanda P.,58,2,Resuelto,2024-03-22
4433,Cliente_361,Cuenta,Baja,Carlos M.,63,1,Abierto,2025-08-02
4434,Cliente_257,Producto,Baja,Carlos M.,61,2,En espera,2025-07-05
4435,Cliente_72,Facturación,Alta,Carlos M.,52,1,Resuelto,2024-03-31
4436,Cliente_87,Cuenta,Media,Ana L.,33,1,Resuelto,2024-03-16
4437,Cliente_422,Cuenta,Media,Carlos M.,22,2,Resuelto,2024-08-22
4438,Cliente_262,Técnico,Baja,Ana L.,51,3,En espera,2025-05-02
4439,Cliente_214,Producto,Alta,Fernanda P.,11,1,Resuelto,2025-03-09
4440,Cliente_153,Producto,Media,Ana L.,58,2,Resuelto,2025-03-04
4441,Cliente_210,Técnico,Baja,Carlos M.,50,4,Escalado,2024-03-30
4442,Cliente_401,Entrega,Media,Ana L.,70,4,Resuelto,2025-03-22
4443,Cliente_61,Facturación,Media,Ana L.,17,5,En espera,2025-07-30
4444,Cliente_268,Producto,Media,Carlos M.,46,1,Resuelto,2024-06-03
4445,Cliente_262,Técnico,Media,Carlos M.,44,1,Resuelto,2025-03-22
4446,Cliente_218,Cuenta,Baja,Fernanda P.,57,4,Resuelto,2024-05-18
4447,Cliente_283,Técnico,Alta,Ana L.,5,1,Resuelto,2024-08-18
4448,Cliente_136,Entrega,Baja,Fernanda P.,39,1,Resuelto,2024-02-11
4449,Cliente_467,Facturación,Baja,Fernanda P.,58,4,Resuelto,2024-08-23
4450,Cliente_380,Entrega,Alta,Ana L.,9,2,Resuelto,2025-04-13
4451,Cliente_362,Cuenta,Alta,Fernanda P.,23,4,En espera,2025-08-20
4452,Cliente_449,Cuenta,Baja,Ana L.,47,3,En espera,2024-12-13
4453,Cliente_441,Cuenta,Baja,Fernanda P.,36,4,Resuelto,2024-07-16
4454,Cliente_93,Cuenta,Alta,Fernanda P.,31,4,Abierto,2024-12-10
4455,Cliente_109,Técnico,Alta,Ana L.,23,2,Resuelto,2024-03-02
4456,Cliente_241,Cuenta,Media,Carlos M.,56,4,Resuelto,2025-01-22
4457,Cliente_355,Cuenta,Media,Ana L.,71,4,Resuelto,2024-02-03
4458,Cliente_424,Técnico,Baja,Carlos M.,46,2,Resuelto,2024-10-08
4459,Cliente_142,Cuenta,Media,Ana L.,58,4,Resuelto,2024-08-18
4460,Cliente_291,Entrega,Baja,Ana L.,36,2,Resuelto,2025-01-07
4461,Cliente_432,Entrega,Media,Carlos M.,68,3,Resuelto,2025-02-14
4462,Cliente_237,Producto,Baja,Carlos M.,60,2,Resuelto,2024-07-31
4463,Cliente_340,Entrega,Media,Ana L.,14,1,Escalado,2024-10-03
4464,Cliente_312,Facturación,Media,Ana L.,25,1,Resuelto,2025-07-19
4465,Cliente_177,Facturación,Media,Ana L.,71,2,Resuelto,2024-08-08
4466,Cliente_141,Facturación,Baja,Carlos M.,44,4,Resuelto,2025-07-28
4467,Cliente_189,Técnico,Media,Ana L.,46,5,Resuelto,2025-07-07
4468,Cliente_486,Entrega,Alta,Carlos M.,13,5,Resuelto,2024-04-19
4469,Cliente_49,Facturación,Media,Fernanda P.,62,3,Resuelto,2024-07-15
4470,Cliente_302,Producto,Alta,Carlos M.,19,3,Resuelto,2025-01-18
4471,Cliente_369,Técnico,Media,Fernanda P.,12,5,Resuelto,2025-03-28
4472,Cliente_190,Producto,Media,Ana L.,48,5,Resuelto,2025-03-27
4473,Cliente_136,Entrega,Media,Ana L.,33,2,Resuelto,2024-04-16
4474,Cliente_43,Cuenta,Crítica,Carlos M.,37,5,En espera,2024-01-05
4475,Cliente_404,Producto,Baja,Fernanda P.,6,1,Resuelto,2024-05-23
4476,Cliente_380,Cuenta,Baja,Ana L.,43,3,Resuelto,2024-05-16
4477,Cliente_353,Técnico,Media,Ana L.,50,3,Abierto,2025-03-16
4478,Cliente_90,Producto,Crítica,Fernanda P.,46,1,Resuelto,2024-06-14
4479,Cliente_295,Producto,Crítica,Ana L.,28,3,Resuelto,2024-03-05
4480,Cliente_341,Técnico,Media,Ana L.,67,5,Resuelto,2025-02-18
4481,Cliente_245,Técnico,Media,Carlos M.,11,3,Abierto,2025-03-14
4482,Cliente_433,Facturación,Media,Ana L.,20,1,En espera,2025-01-14
4483,Cliente_192,Entrega,Media,Fernanda P.,30,3,Resuelto,2024-05-07
4484,Cliente_318,Producto,Media,Ana L.,36,5,Resuelto,2024-07-15
4485,Cliente_106,Producto,Alta,Carlos M.,68,2,Resuelto,2025-08-16
4486,Cliente_363,Técnico,Alta,Ana L.,36,5,Resuelto,2025-05-10
4487,Cliente_310,Técnico,Media,Fernanda P.,58,3,Resuelto,2025-08-18
4488,Cliente_382,Entrega,Media,Ana L.,28,4,En espera,2025-05-16
4489,Cliente_233,Técnico,Media,Fernanda P.,39,3,Resuelto,2024-05-31
4490,Cliente_265,Cuenta,Media,Carlos M.,66,3,Resuelto,2024-01-28
4491,Cliente_344,Cuenta,Media,Ana L.,43,1,Resuelto,2024-02-29
4492,Cliente_37,Cuenta,Baja,Ana L.,5,4,Resuelto,2024-04-03
4493,Cliente_305,Cuenta,Baja,Carlos M.,13,1,Resuelto,2024-04-23
4494,Cliente_41,Entrega,Media,Fernanda P.,9,1,En espera,2024-05-03
4495,Cliente_17,Producto,Alta,Fernanda P.,57,5,Escalado,2025-07-04
4496,Cliente_344,Cuenta,Baja,Ana L.,27,2,Resuelto,2024-09-13
4497,Cliente_277,Técnico,Media,Fernanda P.,61,3,Resuelto,2024-01-13
4498,Cliente_307,Cuenta,Media,Fernanda P.,50,4,Abierto,2024-07-12
4499,Cliente_59,Entrega,Baja,Ana L.,34,3,En espera,2025-07-07
4500,Cliente_423,Técnico,Crítica,Fernanda P.,65,1,Escalado,2024-07-03
4501,Cliente_183,Cuenta,Alta,Fernanda P.,45,2,Resuelto,2024-02-04
4502,Cliente_41,Producto,Baja,Ana L.,34,1,Resuelto,2025-07-02
4503,Cliente_39,Técnico,Alta,Ana L.,8,3,Resuelto,2024-03-15
4504,Cliente_397,Técnico,Media,Fernanda P.,48,5,Resuelto,2024-09-06
4505,Cliente_192,Producto,Crítica,Ana L.,36,3,Resuelto,2024-01-20
4506,Cliente_267,Técnico,Media,Fernanda P.,66,1,Abierto,2024-09-03
4507,Cliente_494,Cuenta,Baja,Fernanda P.,11,4,Abierto,2025-03-14
4508,Cliente_147,Técnico,Media,Fernanda P.,52,4,Resuelto,2025-03-09
4509,Cliente_395,Cuenta,Alta,Fernanda P.,36,4,Abierto,2024-06-14
4510,Cliente_333,Producto,Baja,Ana L.,31,4,Resuelto,2024-10-29
4511,Cliente_127,Facturación,Alta,Ana L.,24,4,Resuelto,2024-12-14
4512,Cliente_46,Producto,Baja,Carlos M.,21,2,En espera,2024-05-07
4513,Cliente_45,Cuenta,Crítica,Ana L.,30,2,Resuelto,2024-12-14
4514,Cliente_1,Entrega,Baja,Carlos M.,72,5,Abierto,2024-08-23
4515,Cliente_168,Producto,Crítica,Fernanda P.,64,4,Resuelto,2025-01-08
4516,Cliente_108,Entrega,Media,Ana L.,39,1,Escalado,2024-08-20
4517,Cliente_19,Entrega,Media,Fernanda P.,1,1,Resuelto,2025-08-16
4518,Cliente_332,Cuenta,Crítica,Carlos M.,42,3,Resuelto,2024-03-04
4519,Cliente_72,Cuenta,Crítica,Ana L.,5,4,Escalado,2024-01-06
4520,Cliente_456,Facturación,Media,Ana L.,12,1,Escalado,2024-07-22
4521,Cliente_445,Técnico,Baja,Ana L.,29,5,Resuelto,2025-05-22
4522,Cliente_109,Producto,Media,Ana L.,3,1,Resuelto,2025-08-21
4523,Cliente_268,Cuenta,Media,Fernanda P.,61,5,Escalado,2024-06-05
4524,Cliente_445,Producto,Media,Ana L.,51,4,Escalado,2025-01-21
4525,Cliente_240,Entrega,Media,Carlos M.,36,3,Resuelto,2024-08-07
4526,Cliente_417,Técnico,Baja,Ana L.,2,3,Resuelto,2024-07-28
4527,Cliente_301,Facturación,Alta,Carlos M.,29,2,Resuelto,2024-04-17
4528,Cliente_90,Producto,Alta,Carlos M.,41,4,Resuelto,2025-05-23
4529,Cliente_103,Técnico,Baja,Fernanda P.,29,1,Resuelto,2024-05-27
4530,Cliente_476,Facturación,Media,Ana L.,64,3,Resuelto,2024-02-27
4531,Cliente_250,Producto,Media,Carlos M.,58,5,Escalado,2024-08-31
4532,Cliente_453,Técnico,Media,Ana L.,10,5,Resuelto,2024-02-26
4533,Cliente_8,Cuenta,Baja,Fernanda P.,11,1,Escalado,2024-03-11
4534,Cliente_153,Producto,Media,Fernanda P.,7,1,En espera,2025-05-11
4535,Cliente_347,Técnico,Baja,Ana L.,61,4,En espera,2024-09-16
4536,Cliente_174,Facturación,Media,Carlos M.,66,1,Resuelto,2025-07-07
4537,Cliente_343,Técnico,Alta,Fernanda P.,53,1,Resuelto,2024-12-23
4538,Cliente_158,Cuenta,Alta,Carlos M.,65,1,Resuelto,2024-02-03
4539,Cliente_493,Producto,Baja,Carlos M.,27,3,Escalado,2025-04-28
4540,Cliente_431,Producto,Media,Ana L.,7,4,Resuelto,2024-12-18
4541,Cliente_215,Producto,Crítica,Fernanda P.,65,1,Resuelto,2025-03-04
4542,Cliente_177,Cuenta,Baja,Ana L.,58,1,Resuelto,2024-05-21
4543,Cliente_175,Facturación,Alta,Ana L.,25,5,Resuelto,2025-03-11
4544,Cliente_340,Producto,Alta,Ana L.,48,3,Escalado,2024-09-10
4545,Cliente_338,Facturación,Alta,Carlos M.,4,1,Resuelto,2024-11-11
4546,Cliente_146,Técnico,Baja,Ana L.,8,3,Resuelto,2024-10-24
4547,Cliente_450,Facturación,Baja,Fernanda P.,68,4,Resuelto,2024-06-15
4548,Cliente_324,Facturación,Crítica,Carlos M.,60,4,En espera,2024-12-16
4549,Cliente_478,Producto,Media,Ana L.,4,2,Resuelto,2024-02-11
4550,Cliente_161,Entrega,Baja,Fernanda P.,8,5,Escalado,2025-02-05
4551,Cliente_127,Entrega,Media,Ana L.,16,2,Resuelto,2025-01-25
4552,Cliente_420,Cuenta,Baja,Ana L.,19,3,Resuelto,2025-01-22
4553,Cliente_82,Cuenta,Alta,Ana L.,1,5,Resuelto,2024-04-05
4554,Cliente_485,Entrega,Media,Carlos M.,34,1,Resuelto,2025-04-02
4555,Cliente_147,Técnico,Alta,Ana L.,45,5,Resuelto,2024-06-26
4556,Cliente_239,Producto,Alta,Fernanda P.,63,5,Resuelto,2024-10-13
4557,Cliente_412,Producto,Baja,Ana L.,6,4,Resuelto,2025-04-23
4558,Cliente_424,Técnico,Media,Ana L.,36,2,Resuelto,2025-07-11
4559,Cliente_84,Técnico,Alta,Carlos M.,66,4,Resuelto,2025-03-13
4560,Cliente_113,Entrega,Media,Ana L.,8,4,Resuelto,2025-07-11
4561,Cliente_225,Cuenta,Crítica,Fernanda P.,67,2,Resuelto,2024-08-12
4562,Cliente_332,Técnico,Alta,Fernanda P.,27,4,Resuelto,2024-01-05
4563,Cliente_378,Cuenta,Baja,Ana L.,34,5,Resuelto,2024-04-19
4564,Cliente_243,Facturación,Alta,Fernanda P.,28,3,Resuelto,2024-08-30
4565,Cliente_143,Producto,Baja,Fernanda P.,31,1,Resuelto,2024-05-30
4566,Cliente_41,Entrega,Baja,Ana L.,17,1,Resuelto,2025-06-02
4567,Cliente_423,Producto,Alta,Fernanda P.,55,4,Resuelto,2024-11-09
4568,Cliente_258,Entrega,Alta,Fernanda P.,9,2,Resuelto,2024-10-03
4569,Cliente_447,Facturación,Media,Ana L.,57,5,Escalado,2024-06-07
4570,Cliente_285,Producto,Baja,Carlos M.,45,4,Escalado,2024-06-03
4571,Cliente_105,Facturación,Media,Carlos M.,6,5,Resuelto,2025-01-28
4572,Cliente_202,Entrega,Media,Ana L.,14,5,Resuelto,2024-03-12
4573,Cliente_450,Técnico,Media,Carlos M.,31,1,Resuelto,2025-07-15
4574,Cliente_307,Producto,Baja,Carlos M.,54,3,Resuelto,2024-04-10
4575,Cliente_331,Facturación,Media,Carlos M.,11,3,Resuelto,2024-06-16
4576,Cliente_461,Producto,Crítica,Carlos M.,69,2,Resuelto,2025-07-31
4577,Cliente_266,Producto,Media,Ana L.,2,3,Resuelto,2024-08-29
4578,Cliente_398,Producto,Baja,Carlos M.,17,4,Resuelto,2024-04-25
4579,Cliente_210,Cuenta,Alta,Carlos M.,36,1,Resuelto,2024-09-28
4580,Cliente_51,Facturación,Alta,Ana L.,3,1,En espera,2024-10-31
4581,Cliente_118,Facturación,Crítica,Ana L.,63,5,Resuelto,2024-02-07
4582,Cliente_201,Producto,Baja,Carlos M.,43,4,Resuelto,2025-06-09
4583,Cliente_377,Técnico,Baja,Fernanda P.,33,4,Resuelto,2024-03-25
4584,Cliente_39,Producto,Media,Ana L.,29,5,Resuelto,2024-08-31
4585,Cliente_28,Cuenta,Media,Ana L.,23,5,Resuelto,2024-05-28
4586,Cliente_259,Entrega,Media,Carlos M.,59,1,Resuelto,2024-11-14
4587,Cliente_84,Cuenta,Media,Fernanda P.,49,4,Resuelto,2024-10-24
4588,Cliente_454,Técnico,Baja,Ana L.,55,3,Resuelto,2024-03-11
4589,Cliente_155,Producto,Media,Ana L.,28,3,Resuelto,2025-08-19
4590,Cliente_117,Facturación,Media,Ana L.,71,1,Escalado,2024-10-03
4591,Cliente_2,Producto,Media,Fernanda P.,72,3,Resuelto,2024-04-22
4592,Cliente_93,Técnico,Media,Ana L.,25,3,Resuelto,2025-07-28
4593,Cliente_166,Facturación,Media,Ana L.,7,4,Abierto,2024-03-29
4594,Cliente_387,Cuenta,Media,Fernanda P.,34,4,Resuelto,2024-03-17
4595,Cliente_400,Entrega,Media,Ana L.,22,2,Resuelto,2024-04-28
4596,Cliente_350,Entrega,Media,Fernanda P.,67,4,Resuelto,2024-10-09
4597,Cliente_296,Producto,Baja,Fernanda P.,50,2,Resuelto,2024-08-16
4598,Cliente_258,Cuenta,Media,Fernanda P.,48,4,Resuelto,2024-05-15
4599,Cliente_81,Técnico,Alta,Carlos M.,72,5,Resuelto,2025-02-17
4600,Cliente_425,Entrega,Media,Ana L.,70,4,Resuelto,2024-05-02
4601,Cliente_268,Cuenta,Baja,Ana L.,57,2,Resuelto,2024-01-30
4602,Cliente_419,Producto,Crítica,Ana L.,25,3,Abierto,2024-01-18
4603,Cliente_235,Facturación,Baja,Fernanda P.,66,4,Resuelto,2024-01-23
4604,Cliente_321,Producto,Baja,Carlos M.,16,3,Resuelto,2024-02-07
4605,Cliente_311,Producto,Media,Fernanda P.,58,3,Abierto,2024-09-04
4606,Cliente_301,Cuenta,Alta,Ana L.,41,4,Resuelto,2024-12-26
4607,Cliente_463,Entrega,Baja,Fernanda P.,51,4,En espera,2025-06-25
4608,Cliente_474,Cuenta,Media,Carlos M.,21,5,En espera,2024-04-28
4609,Cliente_357,Facturación,Media,Ana L.,56,2,Escalado,2025-04-04
4610,Cliente_213,Cuenta,Baja,Fernanda P.,47,4,Resuelto,2024-03-14
4611,Cliente_62,Técnico,Media,Carlos M.,43,3,Resuelto,2025-08-05
4612,Cliente_49,Producto,Alta,Fernanda P.,31,3,Abierto,2024-09-29
4613,Cliente_127,Entrega,Media,Fernanda P.,15,4,Resuelto,2025-04-24
4614,Cliente_223,Facturación,Baja,Ana L.,48,2,Resuelto,2024-11-20
4615,Cliente_409,Producto,Baja,Carlos M.,62,3,Resuelto,2024-12-27
4616,Cliente_279,Cuenta,Media,Fernanda P.,70,5,Abierto,2024-05-20
4617,Cliente_408,Técnico,Alta,Carlos M.,3,3,Resuelto,2024-01-07
4618,Cliente_294,Cuenta,Media,Ana L.,38,2,Resuelto,2025-05-15
4619,Cliente_284,Producto,Media,Ana L.,58,1,Resuelto,2024-03-08
4620,Cliente_277,Facturación,Baja,Ana L.,67,5,Resuelto,2025-04-11
4621,Cliente_438,Entrega,Media,Carlos M.,45,5,Resuelto,2025-03-05
4622,Cliente_107,Producto,Baja,Carlos M.,44,1,Resuelto,2025-06-30
4623,Cliente_146,Facturación,Alta,Fernanda P.,8,5,Resuelto,2024-01-29
4624,Cliente_420,Producto,Media,Carlos M.,66,5,Resuelto,2024-12-21
4625,Cliente_99,Técnico,Alta,Ana L.,71,5,Resuelto,2024-02-03
4626,Cliente_429,Cuenta,Alta,Fernanda P.,61,3,Resuelto,2024-09-16
4627,Cliente_375,Entrega,Alta,Carlos M.,17,3,Escalado,2024-11-08
4628,Cliente_73,Facturación,Baja,Ana L.,71,4,Resuelto,2024-12-06
4629,Cliente_437,Entrega,Baja,Ana L.,36,4,En espera,2025-03-25
4630,Cliente_486,Entrega,Crítica,Fernanda P.,68,3,Escalado,2025-02-07
4631,Cliente_122,Entrega,Alta,Ana L.,21,5,Resuelto,2024-01-06
4632,Cliente_30,Facturación,Alta,Carlos M.,46,2,Resuelto,2025-06-24
4633,Cliente_188,Facturación,Baja,Ana L.,46,1,Escalado,2024-12-01
4634,Cliente_364,Entrega,Media,Fernanda P.,16,4,Resuelto,2025-01-27
4635,Cliente_354,Cuenta,Alta,Ana L.,22,5,Escalado,2025-07-02
4636,Cliente_288,Producto,Baja,Ana L.,6,4,Resuelto,2025-04-26
4637,Cliente_451,Entrega,Media,Carlos M.,56,2,Abierto,2025-02-26
4638,Cliente_195,Técnico,Media,Carlos M.,45,5,En espera,2025-07-28
4639,Cliente_156,Entrega,Baja,Carlos M.,58,3,Abierto,2024-08-26
4640,Cliente_172,Facturación,Baja,Carlos M.,28,2,Resuelto,2024-09-06
4641,Cliente_335,Producto,Baja,Ana L.,17,4,Resuelto,2024-09-03
4642,Cliente_41,Técnico,Baja,Carlos M.,36,5,En espera,2025-07-05
4643,Cliente_63,Producto,Media,Ana L.,12,5,Abierto,2024-03-04
4644,Cliente_23,Producto,Baja,Carlos M.,50,1,Resuelto,2024-05-01
4645,Cliente_360,Técnico,Baja,Carlos M.,59,1,Resuelto,2024-05-04
4646,Cliente_75,Entrega,Alta,Carlos M.,12,1,Resuelto,2025-06-20
4647,Cliente_48,Entrega,Media,Ana L.,62,3,Resuelto,2024-12-27
4648,Cliente_160,Entrega,Media,Carlos M.,40,5,Resuelto,2024-02-05
4649,Cliente_313,Cuenta,Alta,Ana L.,2,5,Resuelto,2024-04-17
4650,Cliente_118,Entrega,Crítica,Carlos M.,25,4,En espera,2024-07-04
4651,Cliente_100,Técnico,Baja,Carlos M.,31,3,Resuelto,2025-04-05
4652,Cliente_380,Cuenta,Media,Fernanda P.,47,1,Resuelto,2024-01-19
4653,Cliente_417,Entrega,Media,Carlos M.,60,5,En espera,2024-04-03
4654,Cliente_408,Cuenta,Media,Ana L.,41,1,Resuelto,2024-12-20
4655,Cliente_167,Técnico,Alta,Fernanda P.,50,2,Resuelto,2024-05-07
4656,Cliente_290,Entrega,Crítica,Ana L.,23,3,Escalado,2024-11-10
4657,Cliente_440,Facturación,Crítica,Ana L.,12,1,Abierto,2025-01-16
4658,Cliente_156,Técnico,Baja,Fernanda P.,71,3,Resuelto,2025-04-19
4659,Cliente_421,Producto,Baja,Carlos M.,22,5,En espera,2025-02-01
4660,Cliente_7,Producto,Crítica,Fernanda P.,56,2,Abierto,2024-08-29
4661,Cliente_196,Técnico,Media,Ana L.,16,4,En espera,2024-05-31
4662,Cliente_421,Producto,Baja,Carlos M.,58,2,Resuelto,2025-02-22
4663,Cliente_56,Técnico,Alta,Fernanda P.,72,3,Resuelto,2025-05-25
4664,Cliente_321,Facturación,Baja,Ana L.,51,2,Resuelto,2025-04-16
4665,Cliente_193,Técnico,Baja,Carlos M.,6,5,Resuelto,2024-09-18
4666,Cliente_47,Entrega,Alta,Ana L.,2,3,Resuelto,2025-04-23
4667,Cliente_148,Entrega,Baja,Carlos M.,62,3,Resuelto,2025-05-18
4668,Cliente_275,Cuenta,Baja,Carlos M.,42,5,Resuelto,2024-09-12
4669,Cliente_157,Producto,Baja,Fernanda P.,43,1,Resuelto,2024-10-18
4670,Cliente_202,Producto,Media,Carlos M.,52,4,Resuelto,2024-10-11
4671,Cliente_444,Técnico,Baja,Ana L.,58,2,Abierto,2024-05-20
4672,Cliente_402,Producto,Media,Carlos M.,20,4,Resuelto,2024-10-15
4673,Cliente_476,Entrega,Media,Ana L.,56,4,Resuelto,2024-05-23
4674,Cliente_419,Facturación,Alta,Carlos M.,67,5,Abierto,2024-03-25
4675,Cliente_427,Técnico,Baja,Carlos M.,59,1,Resuelto,2024-04-10
4676,Cliente_495,Producto,Alta,Fernanda P.,48,4,Resuelto,2024-08-24
4677,Cliente_479,Entrega,Baja,Carlos M.,35,3,Resuelto,2025-02-21
4678,Cliente_475,Cuenta,Media,Carlos M.,8,1,Resuelto,2024-07-23
4679,Cliente_126,Producto,Media,Ana L.,32,5,Resuelto,2024-05-06
4680,Cliente_395,Facturación,Baja,Ana L.,45,4,Escalado,2024-11-02
4681,Cliente_305,Facturación,Alta,Ana L.,67,5,Resuelto,2024-09-16
4682,Cliente_369,Producto,Baja,Carlos M.,27,2,Resuelto,2024-06-25
4683,Cliente_294,Producto,Baja,Ana L.,3,5,Resuelto,2024-07-23
4684,Cliente_64,Entrega,Media,Ana L.,57,3,Resuelto,2024-07-18
4685,Cliente_325,Producto,Media,Carlos M.,65,5,Resuelto,2025-05-27
4686,Cliente_392,Cuenta,Baja,Ana L.,20,1,En espera,2024-06-17
4687,Cliente_418,Entrega,Baja,Fernanda P.,71,2,Resuelto,2025-03-09
4688,Cliente_176,Técnico,Baja,Fernanda P.,41,3,Resuelto,2025-05-23
4689,Cliente_116,Cuenta,Media,Ana L.,1,2,Abierto,2025-04-09
4690,Cliente_440,Entrega,Media,Ana L.,4,3,Resuelto,2024-09-20
4691,Cliente_204,Entrega,Baja,Ana L.,71,2,Resuelto,2025-08-01
4692,Cliente_486,Facturación,Baja,Carlos M.,10,4,Resuelto,2024-04-27
4693,Cliente_321,Entrega,Media,Fernanda P.,29,5,Escalado,2024-03-26
4694,Cliente_31,Cuenta,Alta,Fernanda P.,15,1,Resuelto,2024-08-22
4695,Cliente_388,Producto,Alta,Ana L.,19,1,Escalado,2024-11-17
4696,Cliente_113,Cuenta,Alta,Ana L.,58,4,Resuelto,2024-09-14
4697,Cliente_365,Técnico,Baja,Carlos M.,53,2,Resuelto,2024-01-17
4698,Cliente_434,Entrega,Crítica,Carlos M.,46,5,En espera,2025-08-07
4699,Cliente_325,Entrega,Media,Fernanda P.,18,4,Resuelto,2025-04-21
4700,Cliente_414,Entrega,Crítica,Carlos M.,3,2,Resuelto,2024-12-29
4701,Cliente_376,Entrega,Baja,Fernanda P.,70,5,Resuelto,2024-09-05
4702,Cliente_344,Facturación,Media,Ana L.,22,2,Resuelto,2025-03-29
4703,Cliente_443,Facturación,Media,Ana L.,55,1,Resuelto,2024-04-10
4704,Cliente_67,Producto,Media,Fernanda P.,64,5,Resuelto,2025-01-29
4705,Cliente_75,Entrega,Alta,Ana L.,41,1,Resuelto,2024-11-28
4706,Cliente_45,Técnico,Alta,Carlos M.,8,1,Escalado,2024-02-18
4707,Cliente_260,Producto,Crítica,Ana L.,65,5,Resuelto,2024-12-31
4708,Cliente_154,Entrega,Media,Ana L.,3,4,Resuelto,2025-05-20
4709,Cliente_155,Facturación,Media,Fernanda P.,29,2,Resuelto,2024-09-25
4710,Cliente_430,Técnico,Baja,Carlos M.,70,5,En espera,2024-08-17
4711,Cliente_363,Producto,Crítica,Carlos M.,18,1,Resuelto,2024-08-15
4712,Cliente_448,Técnico,Media,Ana L.,58,2,Resuelto,2024-05-21
4713,Cliente_475,Entrega,Alta,Ana L.,1,5,Escalado,2024-08-02
4714,Cliente_234,Cuenta,Media,Carlos M.,22,4,Resuelto,2025-08-03
4715,Cliente_51,Técnico,Media,Carlos M.,23,5,Resuelto,2024-02-15
4716,Cliente_306,Técnico,Crítica,Fernanda P.,8,5,Resuelto,2024-01-15
4717,Cliente_262,Facturación,Baja,Ana L.,29,3,Resuelto,2024-12-08
4718,Cliente_315,Entrega,Baja,Ana L.,44,2,Resuelto,2024-05-15
4719,Cliente_125,Técnico,Baja,Carlos M.,62,5,Escalado,2024-09-23
4720,Cliente_399,Entrega,Alta,Fernanda P.,19,1,Resuelto,2025-02-14
4721,Cliente_245,Facturación,Baja,Carlos M.,59,1,Resuelto,2024-06-23
4722,Cliente_30,Entrega,Baja,Ana L.,19,3,Resuelto,2025-05-15
4723,Cliente_426,Facturación,Baja,Ana L.,22,1,Resuelto,2024-11-17
4724,Cliente_485,Facturación,Media,Ana L.,68,5,Resuelto,2025-01-02
4725,Cliente_122,Producto,Media,Ana L.,5,2,En espera,2025-07-26
4726,Cliente_125,Entrega,Baja,Fernanda P.,5,3,Escalado,2025-02-12
4727,Cliente_37,Cuenta,Crítica,Ana L.,25,3,Resuelto,2025-02-11
4728,Cliente_170,Producto,Crítica,Carlos M.,24,4,Resuelto,2024-11-03
4729,Cliente_124,Facturación,Baja,Fernanda P.,1,4,Resuelto,2024-03-03
4730,Cliente_357,Cuenta,Alta,Fernanda P.,28,2,Escalado,2024-03-01
4731,Cliente_35,Técnico,Media,Ana L.,47,2,Resuelto,2025-05-21
4732,Cliente_87,Técnico,Baja,Fernanda P.,60,3,Resuelto,2024-09-12
4733,Cliente_134,Producto,Baja,Ana L.,19,5,Resuelto,2024-03-17
4734,Cliente_196,Cuenta,Media,Fernanda P.,14,5,Escalado,2024-03-30
4735,Cliente_274,Entrega,Media,Fernanda P.,70,4,Resuelto,2024-12-30
4736,Cliente_201,Cuenta,Baja,Carlos M.,8,2,Resuelto,2024-09-28
4737,Cliente_369,Producto,Alta,Carlos M.,37,2,Abierto,2024-10-01
4738,Cliente_285,Entrega,Media,Carlos M.,72,5,Resuelto,2024-02-09
4739,Cliente_77,Entrega,Media,Fernanda P.,10,4,Resuelto,2024-06-22
4740,Cliente_59,Técnico,Baja,Carlos M.,67,5,Resuelto,2025-05-13
4741,Cliente_431,Cuenta,Media,Carlos M.,13,5,Resuelto,2024-12-22
4742,Cliente_126,Entrega,Media,Carlos M.,39,3,Resuelto,2025-08-06
4743,Cliente_500,Producto,Media,Fernanda P.,64,2,Resuelto,2024-11-21
4744,Cliente_401,Técnico,Alta,Ana L.,30,3,En espera,2025-05-31
4745,Cliente_109,Entrega,Alta,Carlos M.,4,3,Escalado,2024-10-09
4746,Cliente_224,Cuenta,Media,Fernanda P.,45,5,Abierto,2024-06-20
4747,Cliente_496,Técnico,Media,Fernanda P.,6,4,Abierto,2024-10-20
4748,Cliente_278,Cuenta,Crítica,Ana L.,16,5,Resuelto,2025-03-31
4749,Cliente_68,Cuenta,Media,Carlos M.,22,4,Resuelto,2024-08-01
4750,Cliente_69,Cuenta,Baja,Fernanda P.,21,2,Resuelto,2024-03-29
4751,Cliente_165,Técnico,Media,Fernanda P.,65,1,Resuelto,2025-08-05
4752,Cliente_489,Entrega,Baja,Fernanda P.,30,2,Resuelto,2025-01-18
4753,Cliente_305,Facturación,Alta,Ana L.,24,5,Abierto,2024-06-17
4754,Cliente_397,Entrega,Media,Carlos M.,64,4,Resuelto,2025-03-10
4755,Cliente_162,Técnico,Media,Fernanda P.,13,1,Resuelto,2024-11-14
4756,Cliente_365,Facturación,Baja,Fernanda P.,26,4,Abierto,2024-01-19
4757,Cliente_342,Facturación,Media,Fernanda P.,20,4,Escalado,2024-04-03
4758,Cliente_309,Facturación,Crítica,Fernanda P.,61,1,Resuelto,2025-01-04
4759,Cliente_379,Producto,Baja,Carlos M.,6,1,Resuelto,2024-02-22
4760,Cliente_343,Técnico,Media,Carlos M.,43,2,Resuelto,2025-03-04
4761,Cliente_435,Producto,Crítica,Fernanda P.,49,3,Escalado,2025-06-06
4762,Cliente_387,Facturación,Media,Fernanda P.,9,1,Resuelto,2024-04-14
4763,Cliente_42,Producto,Media,Fernanda P.,37,3,En espera,2025-06-05
4764,Cliente_354,Producto,Media,Ana L.,16,3,Escalado,2024-12-07
4765,Cliente_416,Técnico,Media,Ana L.,4,3,Abierto,2024-01-20
4766,Cliente_109,Cuenta,Baja,Ana L.,32,3,En espera,2024-09-11
4767,Cliente_51,Producto,Baja,Fernanda P.,17,1,Resuelto,2025-02-27
4768,Cliente_250,Producto,Media,Ana L.,41,4,Escalado,2024-09-03
4769,Cliente_497,Facturación,Crítica,Carlos M.,45,1,Abierto,2024-05-25
4770,Cliente_341,Facturación,Baja,Ana L.,16,1,Resuelto,2024-03-22
4771,Cliente_430,Facturación,Baja,Fernanda P.,20,5,Resuelto,2025-05-28
4772,Cliente_383,Entrega,Media,Carlos M.,42,5,Resuelto,2025-03-08
4773,Cliente_492,Producto,Alta,Fernanda P.,10,2,En espera,2025-01-09
4774,Cliente_21,Facturación,Baja,Carlos M.,52,3,En espera,2024-02-16
4775,Cliente_300,Técnico,Alta,Ana L.,60,3,En espera,2025-05-14
4776,Cliente_139,Entrega,Baja,Ana L.,48,5,Resuelto,2025-05-21
4777,Cliente_359,Cuenta,Crítica,Carlos M.,23,4,Resuelto,2025-08-13
4778,Cliente_324,Producto,Media,Carlos M.,33,2,Resuelto,2024-05-03
4779,Cliente_499,Producto,Media,Fernanda P.,25,4,Resuelto,2024-12-10
4780,Cliente_385,Técnico,Media,Carlos M.,50,5,Resuelto,2025-03-04
4781,Cliente_92,Cuenta,Alta,Fernanda P.,70,4,Resuelto,2025-08-16
4782,Cliente_447,Cuenta,Baja,Carlos M.,55,3,Resuelto,2025-03-06
4783,Cliente_280,Entrega,Baja,Carlos M.,68,5,Resuelto,2024-02-01
4784,Cliente_125,Producto,Media,Ana L.,4,4,Resuelto,2024-05-25
4785,Cliente_483,Facturación,Alta,Ana L.,28,2,Resuelto,2024-04-02
4786,Cliente_397,Técnico,Alta,Fernanda P.,29,2,Resuelto,2024-09-02
4787,Cliente_111,Técnico,Media,Fernanda P.,48,1,En espera,2024-12-06
4788,Cliente_354,Técnico,Media,Fernanda P.,72,5,Resuelto,2024-10-30
4789,Cliente_139,Técnico,Baja,Carlos M.,13,5,Abierto,2025-03-25
4790,Cliente_484,Facturación,Alta,Carlos M.,43,5,Resuelto,2024-05-08
4791,Cliente_435,Facturación,Alta,Fernanda P.,9,3,Resuelto,2025-06-17
4792,Cliente_273,Entrega,Media,Carlos M.,40,3,En espera,2025-07-21
4793,Cliente_99,Producto,Media,Ana L.,46,5,Resuelto,2025-02-27
4794,Cliente_252,Facturación,Crítica,Carlos M.,58,4,Escalado,2024-02-07
4795,Cliente_338,Entrega,Alta,Ana L.,56,3,Resuelto,2025-06-14
4796,Cliente_104,Cuenta,Media,Fernanda P.,12,5,Resuelto,2024-08-02
4797,Cliente_214,Producto,Media,Carlos M.,25,3,En espera,2024-09-12
4798,Cliente_249,Facturación,Media,Fernanda P.,16,1,Abierto,2025-05-20
4799,Cliente_152,Cuenta,Media,Ana L.,51,2,Resuelto,2025-03-07
4800,Cliente_250,Entrega,Media,Fernanda P.,72,1,Escalado,2025-04-19
4801,Cliente_275,Facturación,Media,Ana L.,53,5,Resuelto,2025-07-10
4802,Cliente_165,Facturación,Media,Ana L.,52,2,Resuelto,2024-08-02
4803,Cliente_487,Cuenta,Media,Fernanda P.,67,4,En espera,2024-08-07
4804,Cliente_341,Facturación,Media,Ana L.,24,5,Resuelto,2025-05-18
4805,Cliente_8,Técnico,Baja,Fernanda P.,14,4,Resuelto,2024-01-28
4806,Cliente_284,Facturación,Alta,Fernanda P.,22,4,En espera,2024-11-11
4807,Cliente_5,Producto,Media,Fernanda P.,31,3,Abierto,2024-07-26
4808,Cliente_145,Cuenta,Baja,Ana L.,58,3,Resuelto,2025-02-25
4809,Cliente_101,Producto,Media,Ana L.,69,2,En espera,2025-05-23
4810,Cliente_164,Entrega,Alta,Carlos M.,19,2,En espera,2024-06-16
4811,Cliente_374,Producto,Alta,Fernanda P.,53,3,Resuelto,2024-06-15
4812,Cliente_147,Técnico,Media,Fernanda P.,2,2,En espera,2025-08-10
4813,Cliente_64,Técnico,Crítica,Fernanda P.,53,1,Resuelto,2024-09-03
4814,Cliente_91,Producto,Baja,Fernanda P.,67,5,Resuelto,2025-02-10
4815,Cliente_117,Entrega,Crítica,Fernanda P.,47,1,Escalado,2025-01-15
4816,Cliente_354,Facturación,Baja,Fernanda P.,53,5,Abierto,2024-10-30
4817,Cliente_267,Técnico,Baja,Fernanda P.,57,3,Resuelto,2024-08-07
4818,Cliente_310,Producto,Media,Carlos M.,25,1,Resuelto,2025-04-25
4819,Cliente_173,Producto,Media,Carlos M.,35,4,Resuelto,2024-10-20
4820,Cliente_47,Producto,Media,Fernanda P.,29,1,Resuelto,2024-09-10
4821,Cliente_140,Facturación,Alta,Fernanda P.,17,2,En espera,2024-05-12
4822,Cliente_246,Cuenta,Alta,Carlos M.,49,1,En espera,2025-03-19
4823,Cliente_149,Entrega,Media,Carlos M.,56,3,Abierto,2024-06-13
4824,Cliente_246,Cuenta,Media,Fernanda P.,3,3,Resuelto,2024-09-27
4825,Cliente_395,Entrega,Baja,Fernanda P.,22,2,Resuelto,2025-07-09
4826,Cliente_487,Entrega,Baja,Carlos M.,14,5,En espera,2024-05-11
4827,Cliente_476,Producto,Media,Carlos M.,3,2,Resuelto,2024-06-07
4828,Cliente_5,Técnico,Baja,Fernanda P.,38,5,Resuelto,2024-10-23
4829,Cliente_465,Producto,Alta,Carlos M.,21,3,Escalado,2025-05-21
4830,Cliente_184,Facturación,Media,Fernanda P.,51,3,En espera,2025-08-10
4831,Cliente_20,Entrega,Baja,Ana L.,24,5,Resuelto,2025-01-20
4832,Cliente_425,Técnico,Media,Fernanda P.,45,1,Resuelto,2025-06-03
4833,Cliente_46,Entrega,Baja,Fernanda P.,69,1,Resuelto,2024-03-18
4834,Cliente_12,Entrega,Media,Fernanda P.,44,2,Resuelto,2024-02-09
4835,Cliente_70,Producto,Alta,Carlos M.,47,3,Resuelto,2024-11-13
4836,Cliente_17,Técnico,Media,Fernanda P.,57,1,Abierto,2025-07-23
4837,Cliente_371,Técnico,Baja,Fernanda P.,19,3,Abierto,2024-11-22
4838,Cliente_147,Entrega,Alta,Carlos M.,34,2,Resuelto,2025-02-19
4839,Cliente_154,Técnico,Baja,Ana L.,3,4,Resuelto,2025-08-21
4840,Cliente_304,Técnico,Alta,Ana L.,39,3,En espera,2024-06-22
4841,Cliente_108,Producto,Media,Carlos M.,60,4,Abierto,2024-12-24
4842,Cliente_236,Cuenta,Media,Fernanda P.,10,3,Escalado,2024-01-07
4843,Cliente_308,Facturación,Alta,Ana L.,40,5,En espera,2025-07-21
4844,Cliente_352,Cuenta,Alta,Ana L.,2,4,Resuelto,2025-03-09
4845,Cliente_70,Técnico,Baja,Carlos M.,45,5,Escalado,2025-03-04
4846,Cliente_183,Entrega,Baja,Ana L.,27,5,Resuelto,2025-08-02
4847,Cliente_250,Facturación,Alta,Ana L.,53,2,Escalado,2024-10-26
4848,Cliente_228,Facturación,Baja,Carlos M.,9,2,Abierto,2024-11-03
4849,Cliente_102,Entrega,Media,Ana L.,1,1,Resuelto,2025-01-25
4850,Cliente_75,Facturación,Alta,Fernanda P.,33,4,Resuelto,2024-10-04
4851,Cliente_417,Entrega,Media,Carlos M.,38,1,Resuelto,2024-06-05
4852,Cliente_446,Facturación,Alta,Fernanda P.,57,4,Resuelto,2025-01-08
4853,Cliente_216,Cuenta,Alta,Fernanda P.,33,2,En espera,2024-06-16
4854,Cliente_407,Facturación,Media,Carlos M.,48,2,Resuelto,2025-03-11
4855,Cliente_399,Producto,Alta,Ana L.,3,2,Resuelto,2025-01-04
4856,Cliente_411,Entrega,Media,Carlos M.,32,4,Escalado,2024-06-17
4857,Cliente_203,Facturación,Media,Ana L.,21,2,Resuelto,2025-08-07
4858,Cliente_192,Entrega,Media,Fernanda P.,68,1,Abierto,2025-05-26
4859,Cliente_249,Producto,Alta,Ana L.,17,5,Resuelto,2025-01-13
4860,Cliente_499,Facturación,Alta,Fernanda P.,42,4,Resuelto,2024-03-17
4861,Cliente_242,Facturación,Baja,Fernanda P.,68,5,En espera,2025-07-22
4862,Cliente_465,Producto,Media,Fernanda P.,12,1,Resuelto,2024-04-08
4863,Cliente_179,Producto,Crítica,Carlos M.,45,3,Resuelto,2024-06-11
4864,Cliente_437,Producto,Media,Ana L.,36,2,Resuelto,2024-10-01
4865,Cliente_462,Entrega,Baja,Ana L.,51,1,En espera,2025-01-31
4866,Cliente_219,Producto,Media,Ana L.,7,3,Resuelto,2024-12-09
4867,Cliente_82,Entrega,Crítica,Fernanda P.,33,4,Resuelto,2024-01-26
4868,Cliente_92,Cuenta,Alta,Carlos M.,48,1,En espera,2024-02-25
4869,Cliente_435,Facturación,Alta,Ana L.,66,4,En espera,2025-06-26
4870,Cliente_175,Facturación,Baja,Ana L.,33,5,Abierto,2024-01-30
4871,Cliente_239,Técnico,Alta,Carlos M.,27,5,Resuelto,2025-06-19
4872,Cliente_260,Cuenta,Media,Ana L.,47,4,Resuelto,2024-06-06
4873,Cliente_391,Producto,Alta,Carlos M.,66,5,Abierto,2024-04-30
4874,Cliente_365,Producto,Media,Carlos M.,43,5,Resuelto,2024-06-02
4875,Cliente_163,Cuenta,Baja,Ana L.,19,2,Resuelto,2024-03-22
4876,Cliente_48,Producto,Media,Carlos M.,68,4,Abierto,2024-12-26
4877,Cliente_329,Técnico,Baja,Carlos M.,10,4,En espera,2024-11-05
4878,Cliente_328,Entrega,Alta,Ana L.,22,3,Resuelto,2024-11-27
4879,Cliente_116,Facturación,Crítica,Fernanda P.,66,2,Resuelto,2024-10-03
4880,Cliente_429,Cuenta,Media,Ana L.,2,1,Resuelto,2025-02-10
4881,Cliente_337,Facturación,Alta,Ana L.,18,2,Abierto,2024-05-05
4882,Cliente_337,Entrega,Media,Fernanda P.,19,1,Abierto,2024-10-10
4883,Cliente_369,Cuenta,Alta,Carlos M.,30,4,Resuelto,2025-08-15
4884,Cliente_225,Entrega,Alta,Ana L.,6,2,Resuelto,2025-03-18
4885,Cliente_352,Producto,Alta,Fernanda P.,27,3,Resuelto,2024-06-29
4886,Cliente_328,Producto,Media,Fernanda P.,15,5,Escalado,2024-06-10
4887,Cliente_147,Producto,Media,Ana L.,31,1,Abierto,2025-04-20
4888,Cliente_63,Entrega,Alta,Ana L.,44,5,Resuelto,2024-12-26
4889,Cliente_294,Entrega,Baja,Fernanda P.,10,4,Escalado,2025-06-07
4890,Cliente_323,Entrega,Alta,Ana L.,21,4,Resuelto,2024-05-09
4891,Cliente_443,Facturación,Crítica,Fernanda P.,47,4,Resuelto,2024-10-07
4892,Cliente_325,Entrega,Media,Ana L.,55,5,Resuelto,2025-03-27
4893,Cliente_13,Producto,Alta,Fernanda P.,36,4,Escalado,2024-05-13
4894,Cliente_431,Técnico,Alta,Ana L.,58,4,Resuelto,2025-07-04
4895,Cliente_494,Entrega,Media,Ana L.,19,5,Resuelto,2025-04-17
4896,Cliente_189,Técnico,Media,Ana L.,64,4,Resuelto,2024-01-05
4897,Cliente_287,Producto,Alta,Carlos M.,10,1,Resuelto,2025-07-19
4898,Cliente_208,Entrega,Media,Ana L.,49,2,Resuelto,2024-03-22
4899,Cliente_114,Facturación,Baja,Fernanda P.,54,1,Resuelto,2024-08-08
4900,Cliente_480,Facturación,Alta,Fernanda P.,61,4,Escalado,2024-03-09
4901,Cliente_22,Técnico,Media,Carlos M.,59,4,Resuelto,2025-06-01
4902,Cliente_349,Facturación,Alta,Carlos M.,2,4,Resuelto,2025-06-11
4903,Cliente_214,Facturación,Baja,Carlos M.,8,4,Resuelto,2025-07-25
4904,Cliente_171,Facturación,Baja,Ana L.,19,5,Abierto,2024-05-21
4905,Cliente_323,Producto,Crítica,Ana L.,68,2,Resuelto,2025-05-18
4906,Cliente_54,Facturación,Baja,Fernanda P.,14,5,Resuelto,2024-12-22
4907,Cliente_394,Cuenta,Alta,Fernanda P.,22,5,En espera,2024-07-24
4908,Cliente_298,Entrega,Alta,Ana L.,17,4,Abierto,2024-02-09
4909,Cliente_320,Facturación,Alta,Fernanda P.,63,1,Escalado,2025-06-04
4910,Cliente_126,Facturación,Baja,Ana L.,26,1,Resuelto,2025-05-14
4911,Cliente_277,Facturación,Media,Carlos M.,36,3,Resuelto,2024-07-20
4912,Cliente_464,Cuenta,Alta,Ana L.,45,2,Escalado,2024-02-17
4913,Cliente_204,Facturación,Media,Ana L.,30,3,En espera,2025-03-24
4914,Cliente_194,Facturación,Media,Ana L.,21,5,En espera,2025-05-24
4915,Cliente_169,Entrega,Media,Fernanda P.,20,3,Resuelto,2024-09-22
4916,Cliente_152,Cuenta,Baja,Ana L.,42,3,Abierto,2024-09-01
4917,Cliente_35,Cuenta,Alta,Ana L.,56,3,En espera,2024-09-18
4918,Cliente_184,Facturación,Alta,Ana L.,12,2,Resuelto,2024-11-13
4919,Cliente_286,Cuenta,Crítica,Carlos M.,8,1,Resuelto,2025-06-26
4920,Cliente_57,Técnico,Media,Ana L.,63,1,En espera,2024-12-16
4921,Cliente_222,Cuenta,Alta,Ana L.,56,3,Resuelto,2024-02-03
4922,Cliente_303,Cuenta,Baja,Ana L.,7,2,Resuelto,2025-05-02
4923,Cliente_163,Cuenta,Media,Fernanda P.,62,1,Resuelto,2024-12-14
4924,Cliente_19,Producto,Media,Carlos M.,61,4,En espera,2025-03-21
4925,Cliente_370,Producto,Crítica,Carlos M.,10,1,Abierto,2025-04-14
4926,Cliente_264,Producto,Alta,Ana L.,50,1,Resuelto,2024-10-20
4927,Cliente_282,Cuenta,Crítica,Ana L.,20,2,En espera,2024-07-29
4928,Cliente_113,Técnico,Alta,Fernanda P.,28,2,Resuelto,2024-05-14
4929,Cliente_488,Cuenta,Alta,Ana L.,14,1,En espera,2025-07-29
4930,Cliente_327,Facturación,Baja,Fernanda P.,8,4,Resuelto,2025-01-13
4931,Cliente_30,Técnico,Alta,Ana L.,7,4,Abierto,2024-11-28
4932,Cliente_135,Producto,Media,Fernanda P.,5,3,Resuelto,2025-01-22
4933,Cliente_67,Entrega,Media,Carlos M.,1,3,Resuelto,2024-10-03
4934,Cliente_65,Técnico,Baja,Ana L.,10,1,Resuelto,2025-08-12
4935,Cliente_292,Producto,Media,Fernanda P.,58,1,Resuelto,2025-05-12
4936,Cliente_25,Técnico,Media,Fernanda P.,65,1,En espera,2025-01-25
4937,Cliente_37,Técnico,Media,Ana L.,60,4,Resuelto,2024-03-17
4938,Cliente_1,Cuenta,Media,Fernanda P.,20,5,Resuelto,2025-02-22
4939,Cliente_399,Facturación,Crítica,Ana L.,58,3,Escalado,2025-01-15
4940,Cliente_37,Entrega,Alta,Ana L.,43,3,Resuelto,2025-01-11
4941,Cliente_141,Producto,Media,Fernanda P.,29,5,Escalado,2024-05-18
4942,Cliente_232,Técnico,Media,Fernanda P.,2,1,Escalado,2024-08-30
4943,Cliente_136,Entrega,Baja,Fernanda P.,26,3,Resuelto,2025-05-08
4944,Cliente_389,Técnico,Media,Carlos M.,59,4,Resuelto,2024-12-24
4945,Cliente_188,Facturación,Baja,Ana L.,1,5,Resuelto,2024-09-07
4946,Cliente_128,Entrega,Crítica,Ana L.,31,4,En espera,2024-10-04
4947,Cliente_201,Producto,Media,Carlos M.,38,1,Resuelto,2024-06-19
4948,Cliente_127,Técnico,Baja,Carlos M.,22,3,Resuelto,2024-06-27
4949,Cliente_257,Facturación,Media,Fernanda P.,66,4,En espera,2025-05-10
4950,Cliente_164,Entrega,Media,Ana L.,47,5,Resuelto,2025-01-12
4951,Cliente_35,Técnico,Media,Carlos M.,1,1,Resuelto,2025-05-08
4952,Cliente_194,Técnico,Baja,Carlos M.,50,3,Escalado,2025-01-10
4953,Cliente_191,Producto,Crítica,Ana L.,36,3,Escalado,2024-10-04
4954,Cliente_104,Facturación,Baja,Ana L.,45,1,Resuelto,2024-11-30
4955,Cliente_23,Cuenta,Baja,Ana L.,36,1,Resuelto,2024-01-18
4956,Cliente_265,Técnico,Baja,Fernanda P.,34,1,Resuelto,2024-10-26
4957,Cliente_290,Entrega,Media,Carlos M.,9,4,Resuelto,2024-04-18
4958,Cliente_430,Producto,Baja,Fernanda P.,4,2,Resuelto,2024-02-01
4959,Cliente_462,Producto,Baja,Ana L.,63,3,En espera,2025-03-17
4960,Cliente_384,Técnico,Media,Ana L.,4,4,Escalado,2024-02-25
4961,Cliente_260,Técnico,Media,Carlos M.,5,5,Resuelto,2024-03-14
4962,Cliente_414,Técnico,Baja,Fernanda P.,10,3,Abierto,2025-06-04
4963,Cliente_479,Cuenta,Media,Fernanda P.,44,2,Resuelto,2025-03-22
4964,Cliente_358,Técnico,Media,Fernanda P.,40,5,Resuelto,2025-05-06
4965,Cliente_75,Facturación,Baja,Ana L.,36,3,Resuelto,2024-05-11
4966,Cliente_355,Entrega,Media,Carlos M.,35,2,Resuelto,2024-08-25
4967,Cliente_72,Técnico,Baja,Fernanda P.,59,1,Resuelto,2024-12-21
4968,Cliente_259,Cuenta,Baja,Ana L.,65,2,En espera,2024-09-06
4969,Cliente_398,Entrega,Media,Ana L.,31,3,Resuelto,2024-02-11
4970,Cliente_188,Producto,Baja,Fernanda P.,46,2,Resuelto,2024-08-18
4971,Cliente_461,Técnico,Baja,Carlos M.,49,3,Resuelto,2024-03-30
4972,Cliente_173,Entrega,Media,Carlos M.,6,3,Abierto,2025-02-07
4973,Cliente_480,Producto,Crítica,Fernanda P.,70,2,Resuelto,2024-07-09
4974,Cliente_290,Cuenta,Alta,Ana L.,19,2,Resuelto,2025-01-15
4975,Cliente_45,Facturación,Alta,Ana L.,42,5,Resuelto,2024-05-06
4976,Cliente_61,Técnico,Alta,Fernanda P.,30,5,Resuelto,2025-01-11
4977,Cliente_83,Facturación,Crítica,Ana L.,26,4,Resuelto,2025-07-28
4978,Cliente_123,Cuenta,Alta,Ana L.,3,3,Resuelto,2024-08-27
4979,Cliente_358,Entrega,Media,Fernanda P.,33,5,En espera,2025-03-18
4980,Cliente_16,Entrega,Media,Ana L.,50,4,Escalado,2024-02-07
4981,Cliente_66,Cuenta,Baja,Fernanda P.,31,3,Resuelto,2025-07-03
4982,Cliente_424,Cuenta,Media,Fernanda P.,68,4,Resuelto,2024-10-05
4983,Cliente_145,Técnico,Crítica,Fernanda P.,10,5,Resuelto,2024-05-30
4984,Cliente_375,Producto,Media,Ana L.,22,4,Escalado,2025-07-23
4985,Cliente_162,Facturación,Alta,Fernanda P.,63,2,Resuelto,2025-01-24
4986,Cliente_234,Facturación,Media,Ana L.,54,4,Resuelto,2024-12-28
4987,Cliente_380,Entrega,Media,Fernanda P.,51,1,Resuelto,2024-06-22
4988,Cliente_144,Entrega,Media,Carlos M.,4,1,Resuelto,2024-05-22
4989,Cliente_358,Técnico,Media,Ana L.,37,4,Resuelto,2024-09-13
4990,Cliente_188,Cuenta,Media,Ana L.,71,1,Resuelto,2024-04-09
4991,Cliente_322,Facturación,Alta,Ana L.,63,4,Resuelto,2025-05-01
4992,Cliente_450,Técnico,Alta,Carlos M.,51,4,Resuelto,2024-12-13
4993,Cliente_474,Entrega,Alta,Fernanda P.,8,4,Resuelto,2025-06-28
4994,Cliente_13,Entrega,Baja,Carlos M.,1,1,Resuelto,2024-12-31
4995,Cliente_184,Facturación,Alta,Fernanda P.,8,3,Resuelto,2024-05-31
4996,Cliente_111,Entrega,Media,Fernanda P.,55,4,Resuelto,2025-08-04
4997,Cliente_415,Entrega,Media,Fernanda P.,9,4,Resuelto,2024-09-02
4998,Cliente_290,Producto,Alta,Fernanda P.,51,2,Resuelto,2024-04-05
4999,Cliente_295,Cuenta,Media,Fernanda P.,16,2,En espera,2024-12-04
5000,Cliente_451,Entrega,Baja,Carlos M.,53,5,Resuelto,2025-03-29
5001,Cliente_392,Producto,Media,Ana L.,59,1,Escalado,2024-03-24
5002,Cliente_215,Técnico,Alta,Carlos M.,45,3,En espera,2025-04-17
5003,Cliente_462,Entrega,Media,Ana L.,37,4,Resuelto,2024-05-04
5004,Cliente_120,Técnico,Media,Ana L.,66,4,En espera,2024-12-05
5005,Cliente_382,Entrega,Media,Ana L.,64,1,Resuelto,2024-06-14
5006,Cliente_55,Facturación,Alta,Carlos M.,36,5,Resuelto,2025-05-23
5007,Cliente_27,Producto,Alta,Fernanda P.,50,5,En espera,2025-03-22
5008,Cliente_118,Producto,Media,Fernanda P.,53,2,Resuelto,2025-02-16
5009,Cliente_221,Facturación,Baja,Ana L.,57,1,Abierto,2024-10-12
5010,Cliente_231,Cuenta,Media,Fernanda P.,19,5,Resuelto,2025-02-16
5011,Cliente_53,Producto,Media,Fernanda P.,26,5,Abierto,2024-03-26
5012,Cliente_295,Técnico,Alta,Carlos M.,68,3,Resuelto,2024-05-18
5013,Cliente_321,Producto,Baja,Fernanda P.,43,2,Resuelto,2025-03-08
5014,Cliente_401,Cuenta,Media,Fernanda P.,58,2,Resuelto,2024-04-14
5015,Cliente_233,Técnico,Alta,Carlos M.,59,2,Escalado,2024-03-18
5016,Cliente_158,Técnico,Media,Fernanda P.,46,5,Resuelto,2025-01-12
5017,Cliente_437,Facturación,Alta,Ana L.,68,4,Resuelto,2024-07-06
5018,Cliente_269,Entrega,Alta,Carlos M.,40,5,Resuelto,2025-01-25
5019,Cliente_21,Facturación,Alta,Fernanda P.,13,5,Resuelto,2025-08-08
5020,Cliente_403,Entrega,Media,Fernanda P.,9,1,Resuelto,2024-09-17
5021,Cliente_53,Facturación,Media,Carlos M.,66,2,Resuelto,2024-10-18
5022,Cliente_275,Entrega,Crítica,Ana L.,53,2,Resuelto,2024-05-22
5023,Cliente_313,Producto,Media,Carlos M.,4,3,En espera,2024-02-07
5024,Cliente_281,Técnico,Baja,Ana L.,14,2,Resuelto,2024-02-05
5025,Cliente_214,Entrega,Baja,Carlos M.,8,5,Resuelto,2024-04-24
5026,Cliente_31,Producto,Media,Fernanda P.,62,1,Resuelto,2025-05-28
5027,Cliente_337,Cuenta,Crítica,Carlos M.,45,3,En espera,2024-01-15
5028,Cliente_183,Facturación,Baja,Carlos M.,67,5,Resuelto,2025-08-18
5029,Cliente_23,Cuenta,Baja,Ana L.,62,5,Resuelto,2024-11-06
5030,Cliente_32,Producto,Alta,Carlos M.,70,3,Resuelto,2024-08-13
5031,Cliente_446,Cuenta,Crítica,Ana L.,36,5,En espera,2024-07-06
5032,Cliente_74,Cuenta,Baja,Carlos M.,1,5,Abierto,2024-01-25
5033,Cliente_10,Producto,Media,Fernanda P.,60,1,Escalado,2025-05-03
5034,Cliente_484,Técnico,Media,Carlos M.,13,1,Resuelto,2024-08-27
5035,Cliente_456,Entrega,Media,Fernanda P.,12,1,Escalado,2025-01-27
5036,Cliente_54,Facturación,Alta,Ana L.,17,2,Resuelto,2024-06-25
5037,Cliente_52,Entrega,Baja,Ana L.,47,3,Resuelto,2025-01-08
5038,Cliente_148,Facturación,Baja,Ana L.,53,1,Resuelto,2024-09-17
5039,Cliente_160,Entrega,Baja,Ana L.,67,5,Resuelto,2024-08-23
5040,Cliente_370,Cuenta,Baja,Carlos M.,10,2,Resuelto,2025-04-06
5041,Cliente_14,Técnico,Baja,Carlos M.,46,3,Escalado,2025-05-24
5042,Cliente_178,Cuenta,Baja,Carlos M.,4,1,Escalado,2024-03-09
5043,Cliente_412,Técnico,Alta,Fernanda P.,57,1,Resuelto,2024-09-07
5044,Cliente_366,Producto,Baja,Carlos M.,38,3,Resuelto,2025-07-19
5045,Cliente_500,Facturación,Crítica,Fernanda P.,12,1,Escalado,2024-11-25
5046,Cliente_53,Facturación,Media,Fernanda P.,31,3,Resuelto,2025-05-10
5047,Cliente_408,Producto,Media,Carlos M.,2,3,Escalado,2025-07-27
5048,Cliente_335,Entrega,Baja,Fernanda P.,1,5,Escalado,2024-12-14
5049,Cliente_22,Producto,Baja,Ana L.,25,3,Resuelto,2024-01-16
5050,Cliente_30,Producto,Media,Carlos M.,5,4,Resuelto,2024-07-27
5051,Cliente_191,Técnico,Media,Carlos M.,48,1,Resuelto,2024-02-12
5052,Cliente_260,Producto,Alta,Fernanda P.,14,5,En espera,2025-08-14
5053,Cliente_205,Facturación,Alta,Carlos M.,52,2,En espera,2025-01-28
5054,Cliente_59,Cuenta,Media,Carlos M.,21,4,Resuelto,2025-01-14
5055,Cliente_471,Técnico,Media,Fernanda P.,25,3,Resuelto,2024-11-02
5056,Cliente_264,Técnico,Alta,Carlos M.,67,2,Resuelto,2024-01-07
5057,Cliente_466,Entrega,Media,Carlos M.,50,2,Escalado,2024-01-22
5058,Cliente_12,Cuenta,Crítica,Carlos M.,33,2,Resuelto,2025-06-19
5059,Cliente_119,Técnico,Alta,Fernanda P.,17,2,Resuelto,2025-01-16
5060,Cliente_415,Producto,Baja,Carlos M.,70,5,Escalado,2024-12-25
5061,Cliente_462,Técnico,Media,Carlos M.,34,5,En espera,2024-10-24
5062,Cliente_290,Técnico,Media,Carlos M.,26,2,Resuelto,2024-05-29
5063,Cliente_338,Técnico,Alta,Ana L.,42,4,Resuelto,2024-06-11
5064,Cliente_248,Entrega,Media,Carlos M.,31,1,Abierto,2024-04-25
5065,Cliente_354,Técnico,Alta,Fernanda P.,51,1,Resuelto,2024-07-01
5066,Cliente_127,Técnico,Baja,Ana L.,36,5,Resuelto,2024-05-10
5067,Cliente_75,Entrega,Baja,Fernanda P.,13,4,Resuelto,2025-01-01
5068,Cliente_361,Cuenta,Baja,Carlos M.,13,4,En espera,2024-10-01
5069,Cliente_204,Facturación,Media,Carlos M.,32,3,Escalado,2025-03-01
5070,Cliente_49,Entrega,Media,Carlos M.,5,5,Escalado,2025-05-23
5071,Cliente_79,Entrega,Media,Ana L.,12,4,Resuelto,2024-11-23
5072,Cliente_441,Técnico,Media,Carlos M.,59,4,Resuelto,2025-01-24
5073,Cliente_479,Técnico,Baja,Fernanda P.,41,1,Resuelto,2024-09-27
5074,Cliente_241,Facturación,Baja,Ana L.,37,4,Resuelto,2024-03-09
5075,Cliente_349,Técnico,Alta,Fernanda P.,68,4,Resuelto,2025-04-01
5076,Cliente_154,Producto,Media,Fernanda P.,48,2,Abierto,2024-12-11
5077,Cliente_274,Técnico,Media,Fernanda P.,43,1,Resuelto,2025-04-24
5078,Cliente_96,Técnico,Alta,Fernanda P.,41,1,Resuelto,2024-09-12
5079,Cliente_214,Producto,Alta,Fernanda P.,56,2,Resuelto,2025-01-19
5080,Cliente_294,Facturación,Baja,Carlos M.,69,1,Resuelto,2024-05-26
5081,Cliente_209,Producto,Media,Fernanda P.,11,3,Resuelto,2025-06-10
5082,Cliente_343,Entrega,Alta,Fernanda P.,9,3,Resuelto,2024-12-04
5083,Cliente_88,Producto,Alta,Carlos M.,28,5,Resuelto,2024-06-25
5084,Cliente_306,Cuenta,Alta,Ana L.,22,1,Resuelto,2024-03-22
5085,Cliente_264,Entrega,Baja,Carlos M.,6,1,Resuelto,2024-02-20
5086,Cliente_425,Técnico,Baja,Ana L.,26,3,Resuelto,2024-09-23
5087,Cliente_390,Entrega,Media,Fernanda P.,16,5,Resuelto,2025-05-05
5088,Cliente_325,Facturación,Alta,Carlos M.,14,5,Resuelto,2025-05-30
5089,Cliente_428,Facturación,Media,Ana L.,35,3,Resuelto,2025-05-06
5090,Cliente_377,Producto,Baja,Ana L.,42,3,En espera,2025-03-23
5091,Cliente_320,Entrega,Alta,Carlos M.,53,2,Resuelto,2024-09-13
5092,Cliente_157,Técnico,Baja,Carlos M.,22,5,Resuelto,2024-01-09
5093,Cliente_156,Facturación,Baja,Carlos M.,53,5,Resuelto,2024-11-16
5094,Cliente_139,Técnico,Baja,Carlos M.,66,2,Resuelto,2025-01-06
5095,Cliente_121,Cuenta,Media,Carlos M.,13,3,Resuelto,2024-11-18
5096,Cliente_65,Facturación,Media,Fernanda P.,11,2,Resuelto,2024-12-08
5097,Cliente_107,Producto,Media,Fernanda P.,12,2,Resuelto,2024-09-13
5098,Cliente_147,Cuenta,Baja,Carlos M.,53,4,Escalado,2024-05-27
5099,Cliente_137,Entrega,Baja,Carlos M.,9,5,Escalado,2024-07-10
5100,Cliente_411,Técnico,Baja,Fernanda P.,71,3,Abierto,2024-05-03
5101,Cliente_162,Facturación,Media,Ana L.,17,4,Resuelto,2024-07-22
5102,Cliente_428,Cuenta,Baja,Fernanda P.,61,4,Resuelto,2024-12-02
5103,Cliente_452,Cuenta,Media,Carlos M.,10,4,Resuelto,2024-03-25
5104,Cliente_100,Facturación,Baja,Ana L.,38,3,Resuelto,2025-04-16
5105,Cliente_338,Entrega,Baja,Carlos M.,39,2,Resuelto,2025-02-10
5106,Cliente_399,Entrega,Baja,Ana L.,30,3,Resuelto,2025-06-18
5107,Cliente_307,Producto,Baja,Carlos M.,34,5,Resuelto,2024-04-29
5108,Cliente_141,Entrega,Media,Fernanda P.,33,5,Resuelto,2024-02-25
5109,Cliente_83,Producto,Media,Carlos M.,32,2,Resuelto,2025-02-04
5110,Cliente_177,Cuenta,Alta,Fernanda P.,12,3,Abierto,2025-05-28
5111,Cliente_198,Facturación,Baja,Ana L.,65,2,Abierto,2024-12-27
5112,Cliente_112,Entrega,Baja,Fernanda P.,10,2,Resuelto,2024-02-02
5113,Cliente_56,Producto,Media,Ana L.,19,3,Resuelto,2024-09-27
5114,Cliente_460,Cuenta,Alta,Carlos M.,23,5,Abierto,2024-12-27
5115,Cliente_179,Entrega,Media,Fernanda P.,57,3,Escalado,2025-03-19
5116,Cliente_421,Técnico,Media,Ana L.,59,5,Resuelto,2025-04-14
5117,Cliente_401,Cuenta,Media,Ana L.,54,1,Resuelto,2024-05-27
5118,Cliente_186,Entrega,Baja,Ana L.,2,1,Abierto,2025-04-15
5119,Cliente_471,Cuenta,Crítica,Ana L.,48,1,Resuelto,2025-06-26
5120,Cliente_218,Facturación,Media,Carlos M.,6,4,En espera,2024-09-14
5121,Cliente_413,Facturación,Alta,Carlos M.,43,5,Abierto,2024-09-25
5122,Cliente_417,Facturación,Media,Carlos M.,17,5,Abierto,2024-12-17
5123,Cliente_316,Técnico,Media,Ana L.,36,3,Resuelto,2025-01-03
5124,Cliente_475,Facturación,Baja,Carlos M.,24,5,Resuelto,2025-02-03
5125,Cliente_217,Técnico,Media,Ana L.,61,3,Resuelto,2024-01-25
5126,Cliente_120,Facturación,Baja,Ana L.,29,4,Resuelto,2025-05-26
5127,Cliente_439,Cuenta,Media,Ana L.,58,3,Resuelto,2024-11-27
5128,Cliente_394,Entrega,Media,Fernanda P.,66,1,Abierto,2025-06-23
5129,Cliente_175,Entrega,Alta,Carlos M.,53,3,Resuelto,2024-04-14
5130,Cliente_23,Facturación,Media,Carlos M.,70,3,Resuelto,2025-04-04
5131,Cliente_213,Entrega,Media,Fernanda P.,9,3,Resuelto,2025-05-13
5132,Cliente_405,Facturación,Baja,Fernanda P.,42,5,Resuelto,2025-03-13
5133,Cliente_235,Facturación,Media,Fernanda P.,39,2,Abierto,2024-07-04
5134,Cliente_13,Producto,Baja,Fernanda P.,69,2,Abierto,2025-01-03
5135,Cliente_101,Producto,Alta,Ana L.,40,2,En espera,2024-05-23
5136,Cliente_417,Producto,Crítica,Carlos M.,59,5,Resuelto,2024-03-14
5137,Cliente_24,Técnico,Baja,Carlos M.,44,1,Resuelto,2025-05-14
5138,Cliente_364,Producto,Baja,Carlos M.,65,2,Escalado,2024-03-31
5139,Cliente_11,Facturación,Media,Ana L.,11,2,Resuelto,2024-02-21
5140,Cliente_273,Cuenta,Alta,Carlos M.,5,4,Resuelto,2024-01-16
5141,Cliente_452,Producto,Media,Fernanda P.,49,4,Abierto,2024-05-17
5142,Cliente_431,Producto,Baja,Carlos M.,51,1,Resuelto,2024-07-07
5143,Cliente_281,Cuenta,Crítica,Carlos M.,36,3,Resuelto,2025-06-10
5144,Cliente_94,Facturación,Alta,Ana L.,16,3,Resuelto,2024-05-08
5145,Cliente_201,Técnico,Baja,Fernanda P.,7,4,Escalado,2024-04-23
5146,Cliente_21,Producto,Crítica,Fernanda P.,44,4,Resuelto,2024-03-27
5147,Cliente_340,Cuenta,Media,Fernanda P.,26,1,Resuelto,2024-08-13
5148,Cliente_467,Facturación,Media,Carlos M.,36,1,Resuelto,2024-05-03
5149,Cliente_211,Entrega,Media,Fernanda P.,53,5,Resuelto,2024-05-08
5150,Cliente_140,Técnico,Alta,Fernanda P.,44,3,Resuelto,2024-12-10
5151,Cliente_293,Cuenta,Media,Carlos M.,12,5,Resuelto,2024-10-20
5152,Cliente_298,Cuenta,Baja,Ana L.,68,2,Resuelto,2025-04-08
5153,Cliente_401,Cuenta,Crítica,Carlos M.,23,1,Resuelto,2025-07-06
5154,Cliente_101,Producto,Baja,Ana L.,30,3,Resuelto,2024-05-19
5155,Cliente_304,Entrega,Alta,Ana L.,63,3,Resuelto,2025-03-23
5156,Cliente_359,Técnico,Media,Fernanda P.,3,5,Resuelto,2024-05-17
5157,Cliente_28,Facturación,Baja,Fernanda P.,34,4,En espera,2025-05-18
5158,Cliente_41,Facturación,Baja,Carlos M.,49,4,Resuelto,2025-03-30
5159,Cliente_355,Entrega,Alta,Ana L.,44,1,Resuelto,2024-11-21
5160,Cliente_303,Cuenta,Media,Carlos M.,41,4,Resuelto,2025-07-10
5161,Cliente_496,Cuenta,Media,Fernanda P.,48,2,Resuelto,2024-11-08
5162,Cliente_146,Cuenta,Media,Ana L.,71,3,Abierto,2025-07-05
5163,Cliente_256,Cuenta,Alta,Fernanda P.,8,4,Escalado,2024-10-19
5164,Cliente_462,Cuenta,Media,Fernanda P.,7,1,Resuelto,2025-08-02
5165,Cliente_227,Entrega,Baja,Fernanda P.,37,2,Resuelto,2025-01-11
5166,Cliente_236,Producto,Media,Ana L.,55,5,Resuelto,2024-10-27
5167,Cliente_361,Técnico,Alta,Ana L.,71,5,Resuelto,2024-10-13
5168,Cliente_380,Cuenta,Media,Fernanda P.,50,2,Abierto,2024-10-19
5169,Cliente_455,Producto,Baja,Ana L.,21,1,Resuelto,2024-04-23
5170,Cliente_489,Facturación,Crítica,Fernanda P.,34,5,Resuelto,2025-07-08
5171,Cliente_13,Entrega,Alta,Fernanda P.,49,3,En espera,2024-03-25
5172,Cliente_210,Producto,Baja,Fernanda P.,27,3,En espera,2024-04-08
5173,Cliente_229,Cuenta,Crítica,Ana L.,8,1,En espera,2024-07-17
5174,Cliente_397,Cuenta,Media,Carlos M.,34,1,Resuelto,2025-06-24
5175,Cliente_100,Cuenta,Baja,Carlos M.,18,3,Resuelto,2025-05-26
5176,Cliente_31,Producto,Baja,Ana L.,51,1,Resuelto,2024-05-18
5177,Cliente_386,Cuenta,Media,Ana L.,12,2,Resuelto,2025-05-12
5178,Cliente_16,Producto,Alta,Fernanda P.,51,1,Resuelto,2024-10-15
5179,Cliente_137,Cuenta,Baja,Fernanda P.,63,3,En espera,2025-03-12
5180,Cliente_329,Facturación,Baja,Carlos M.,40,4,Resuelto,2025-06-12
5181,Cliente_166,Facturación,Media,Fernanda P.,22,1,Resuelto,2025-05-27
5182,Cliente_459,Técnico,Media,Carlos M.,8,5,Abierto,2024-07-02
5183,Cliente_310,Cuenta,Baja,Carlos M.,28,2,Resuelto,2024-01-23
5184,Cliente_440,Cuenta,Baja,Ana L.,50,2,Resuelto,2025-06-02
5185,Cliente_470,Producto,Media,Ana L.,47,2,Resuelto,2024-11-29
5186,Cliente_481,Producto,Alta,Ana L.,56,5,Abierto,2025-05-06
5187,Cliente_100,Cuenta,Media,Carlos M.,32,5,Escalado,2025-07-18
5188,Cliente_109,Técnico,Media,Ana L.,11,2,En espera,2025-04-06
5189,Cliente_343,Cuenta,Media,Carlos M.,21,2,En espera,2024-07-12
5190,Cliente_173,Producto,Media,Ana L.,26,2,Resuelto,2024-09-09
5191,Cliente_237,Cuenta,Crítica,Carlos M.,14,1,Resuelto,2024-07-27
5192,Cliente_162,Producto,Alta,Fernanda P.,14,5,En espera,2024-03-14
5193,Cliente_393,Cuenta,Baja,Fernanda P.,3,3,Escalado,2025-03-12
5194,Cliente_216,Entrega,Media,Carlos M.,57,1,Resuelto,2025-05-31
5195,Cliente_264,Producto,Media,Carlos M.,7,3,Resuelto,2024-12-22
5196,Cliente_263,Técnico,Media,Fernanda P.,39,1,Resuelto,2024-12-31
5197,Cliente_292,Entrega,Media,Carlos M.,57,1,Escalado,2024-05-01
5198,Cliente_274,Cuenta,Alta,Carlos M.,65,3,Resuelto,2025-03-23
5199,Cliente_3,Producto,Alta,Fernanda P.,25,2,Abierto,2024-05-28
5200,Cliente_28,Entrega,Media,Carlos M.,31,3,En espera,2025-01-22
5201,Cliente_326,Técnico,Alta,Ana L.,10,4,Abierto,2024-12-10
5202,Cliente_492,Producto,Alta,Fernanda P.,72,5,Resuelto,2025-05-03
5203,Cliente_428,Entrega,Alta,Ana L.,9,4,Escalado,2025-06-30
5204,Cliente_149,Entrega,Crítica,Carlos M.,8,1,Resuelto,2024-02-04
5205,Cliente_28,Entrega,Baja,Carlos M.,19,3,Resuelto,2024-06-15
5206,Cliente_488,Facturación,Baja,Ana L.,30,2,Resuelto,2024-03-17
5207,Cliente_310,Cuenta,Alta,Carlos M.,9,2,Resuelto,2025-01-11
5208,Cliente_438,Producto,Alta,Carlos M.,47,4,Resuelto,2025-03-03
5209,Cliente_65,Producto,Crítica,Ana L.,46,4,Resuelto,2024-11-02
5210,Cliente_356,Producto,Baja,Carlos M.,1,1,Abierto,2024-09-04
5211,Cliente_21,Entrega,Media,Fernanda P.,3,5,Resuelto,2024-10-20
5212,Cliente_252,Cuenta,Baja,Ana L.,34,1,Abierto,2025-07-07
5213,Cliente_235,Técnico,Media,Ana L.,25,2,Resuelto,2024-06-21
5214,Cliente_227,Producto,Baja,Ana L.,30,3,Resuelto,2024-01-30
5215,Cliente_13,Cuenta,Baja,Ana L.,1,4,Resuelto,2024-06-11
5216,Cliente_313,Cuenta,Baja,Fernanda P.,18,2,Resuelto,2024-01-28
5217,Cliente_49,Facturación,Media,Ana L.,33,1,Resuelto,2025-02-28
5218,Cliente_118,Producto,Media,Ana L.,9,5,Resuelto,2024-12-27
5219,Cliente_54,Entrega,Baja,Carlos M.,7,3,Resuelto,2024-06-21
5220,Cliente_138,Cuenta,Media,Ana L.,30,5,Resuelto,2024-10-30
5221,Cliente_53,Cuenta,Baja,Carlos M.,13,1,Resuelto,2024-11-21
5222,Cliente_44,Técnico,Crítica,Ana L.,13,1,Resuelto,2024-10-30
5223,Cliente_303,Facturación,Media,Ana L.,42,2,En espera,2025-08-09
5224,Cliente_53,Cuenta,Media,Fernanda P.,63,3,Resuelto,2024-05-02
5225,Cliente_74,Cuenta,Alta,Carlos M.,69,1,Resuelto,2024-03-20
5226,Cliente_46,Entrega,Media,Fernanda P.,36,2,Resuelto,2025-02-24
5227,Cliente_13,Entrega,Alta,Carlos M.,35,1,Abierto,2025-01-27
5228,Cliente_165,Técnico,Media,Ana L.,46,2,Resuelto,2024-09-15
5229,Cliente_102,Técnico,Crítica,Fernanda P.,45,5,Resuelto,2025-03-12
5230,Cliente_280,Técnico,Baja,Carlos M.,56,2,Resuelto,2024-04-26
5231,Cliente_258,Entrega,Crítica,Carlos M.,5,5,Resuelto,2024-06-16
5232,Cliente_470,Entrega,Alta,Fernanda P.,44,4,Resuelto,2025-06-12
5233,Cliente_337,Facturación,Media,Carlos M.,28,1,Resuelto,2025-01-16
5234,Cliente_356,Producto,Media,Ana L.,42,4,Escalado,2024-12-29
5235,Cliente_398,Producto,Media,Carlos M.,31,3,Resuelto,2024-01-11
5236,Cliente_138,Facturación,Baja,Ana L.,7,4,Resuelto,2024-03-01
5237,Cliente_163,Producto,Baja,Carlos M.,7,2,Resuelto,2025-01-20
5238,Cliente_409,Entrega,Crítica,Fernanda P.,4,2,En espera,2024-09-01
5239,Cliente_387,Producto,Media,Ana L.,32,3,Resuelto,2024-03-10
5240,Cliente_111,Entrega,Media,Carlos M.,28,3,Resuelto,2024-11-24
5241,Cliente_102,Facturación,Alta,Ana L.,56,1,Resuelto,2025-01-18
5242,Cliente_17,Técnico,Media,Fernanda P.,4,2,Resuelto,2024-06-17
5243,Cliente_268,Facturación,Baja,Carlos M.,8,3,Escalado,2024-08-19
5244,Cliente_182,Producto,Alta,Carlos M.,14,4,Resuelto,2024-04-03
5245,Cliente_372,Entrega,Alta,Ana L.,30,2,Resuelto,2025-04-03
5246,Cliente_24,Producto,Baja,Fernanda P.,3,3,Resuelto,2025-06-02
5247,Cliente_29,Producto,Crítica,Fernanda P.,2,1,Abierto,2025-08-16
5248,Cliente_171,Técnico,Baja,Carlos M.,10,5,Resuelto,2024-05-15
5249,Cliente_409,Producto,Media,Ana L.,70,2,Resuelto,2025-08-13
5250,Cliente_228,Técnico,Baja,Carlos M.,71,2,Resuelto,2025-03-17
5251,Cliente_378,Entrega,Media,Carlos M.,16,2,Resuelto,2025-06-05
5252,Cliente_188,Entrega,Media,Ana L.,70,2,Resuelto,2024-04-19
5253,Cliente_346,Técnico,Media,Fernanda P.,22,5,Resuelto,2024-07-12
5254,Cliente_230,Facturación,Alta,Carlos M.,35,5,Resuelto,2024-05-29
5255,Cliente_321,Entrega,Baja,Carlos M.,49,1,Resuelto,2024-08-13
5256,Cliente_340,Facturación,Alta,Ana L.,2,2,En espera,2024-11-18
5257,Cliente_119,Entrega,Media,Ana L.,66,3,Resuelto,2024-09-16
5258,Cliente_156,Entrega,Crítica,Carlos M.,19,4,Escalado,2024-03-09
5259,Cliente_272,Cuenta,Media,Fernanda P.,69,2,Resuelto,2024-11-04
5260,Cliente_175,Producto,Baja,Ana L.,4,5,Resuelto,2025-01-17
5261,Cliente_465,Producto,Baja,Carlos M.,41,1,Resuelto,2025-04-29
5262,Cliente_104,Facturación,Alta,Fernanda P.,56,2,Resuelto,2024-07-01
5263,Cliente_92,Producto,Alta,Ana L.,55,1,Resuelto,2025-07-12
5264,Cliente_186,Facturación,Media,Ana L.,31,3,Resuelto,2025-03-19
5265,Cliente_460,Entrega,Media,Carlos M.,22,3,En espera,2025-08-01
5266,Cliente_283,Cuenta,Media,Ana L.,48,3,Resuelto,2025-05-28
5267,Cliente_181,Cuenta,Crítica,Carlos M.,4,3,Resuelto,2025-01-29
5268,Cliente_170,Entrega,Crítica,Ana L.,21,4,Abierto,2024-04-10
5269,Cliente_187,Técnico,Crítica,Fernanda P.,41,1,Resuelto,2024-05-20
5270,Cliente_175,Técnico,Alta,Fernanda P.,45,2,En espera,2024-06-16
5271,Cliente_222,Producto,Crítica,Ana L.,8,4,Resuelto,2025-01-24
5272,Cliente_233,Facturación,Baja,Carlos M.,9,2,Resuelto,2025-06-07
5273,Cliente_162,Cuenta,Alta,Ana L.,18,5,En espera,2025-05-01
5274,Cliente_421,Producto,Alta,Carlos M.,31,4,Resuelto,2025-07-08
5275,Cliente_134,Entrega,Crítica,Ana L.,35,4,Resuelto,2024-03-12
5276,Cliente_391,Cuenta,Media,Fernanda P.,30,5,En espera,2024-11-24
5277,Cliente_480,Facturación,Baja,Carlos M.,18,4,En espera,2025-05-30
5278,Cliente_224,Facturación,Media,Fernanda P.,41,1,En espera,2024-06-13
5279,Cliente_153,Técnico,Media,Fernanda P.,24,3,Resuelto,2024-02-01
5280,Cliente_33,Producto,Baja,Fernanda P.,48,2,Abierto,2024-07-03
5281,Cliente_55,Entrega,Media,Ana L.,14,5,Resuelto,2024-05-19
5282,Cliente_442,Cuenta,Media,Carlos M.,19,3,En espera,2024-10-13
5283,Cliente_7,Facturación,Media,Fernanda P.,60,4,Resuelto,2025-05-09
5284,Cliente_244,Cuenta,Media,Carlos M.,22,1,Resuelto,2024-12-28
5285,Cliente_313,Entrega,Baja,Carlos M.,30,4,En espera,2025-02-26
5286,Cliente_126,Cuenta,Crítica,Fernanda P.,15,5,En espera,2025-07-28
5287,Cliente_12,Producto,Alta,Ana L.,21,4,Escalado,2024-08-27
5288,Cliente_16,Técnico,Baja,Fernanda P.,26,1,Resuelto,2024-11-06
5289,Cliente_208,Cuenta,Alta,Fernanda P.,12,4,Resuelto,2024-08-06
5290,Cliente_43,Técnico,Alta,Carlos M.,7,4,Escalado,2025-01-29
5291,Cliente_373,Entrega,Baja,Ana L.,35,4,Resuelto,2024-12-18
5292,Cliente_484,Técnico,Media,Carlos M.,68,4,En espera,2024-08-28
5293,Cliente_461,Cuenta,Media,Ana L.,2,1,Abierto,2024-07-28
5294,Cliente_135,Cuenta,Media,Fernanda P.,20,2,En espera,2025-06-15
5295,Cliente_228,Facturación,Alta,Ana L.,47,3,Resuelto,2024-04-05
5296,Cliente_111,Cuenta,Media,Carlos M.,12,5,En espera,2024-12-22
5297,Cliente_307,Técnico,Baja,Fernanda P.,53,2,Resuelto,2024-01-27
5298,Cliente_457,Facturación,Crítica,Ana L.,17,1,Escalado,2024-10-20
5299,Cliente_160,Cuenta,Baja,Ana L.,18,5,Resuelto,2024-12-08
5300,Cliente_331,Cuenta,Alta,Carlos M.,24,5,Resuelto,2024-12-19
5301,Cliente_264,Entrega,Baja,Ana L.,72,4,Resuelto,2024-03-16
5302,Cliente_225,Facturación,Media,Fernanda P.,37,3,Abierto,2024-08-18
5303,Cliente_471,Entrega,Media,Ana L.,30,3,Abierto,2025-01-14
5304,Cliente_217,Entrega,Baja,Carlos M.,52,1,Resuelto,2024-02-11
5305,Cliente_456,Entrega,Media,Ana L.,23,2,Abierto,2025-02-18
5306,Cliente_45,Producto,Baja,Fernanda P.,37,4,En espera,2024-08-20
5307,Cliente_214,Entrega,Media,Fernanda P.,24,3,Resuelto,2025-06-08
5308,Cliente_59,Técnico,Media,Ana L.,50,4,Resuelto,2025-07-01
5309,Cliente_132,Cuenta,Baja,Ana L.,20,2,Resuelto,2024-03-15
5310,Cliente_104,Producto,Alta,Fernanda P.,47,5,En espera,2024-10-30
5311,Cliente_195,Entrega,Baja,Carlos M.,18,2,Escalado,2024-09-06
5312,Cliente_413,Cuenta,Baja,Fernanda P.,26,5,Resuelto,2025-02-07
5313,Cliente_489,Facturación,Media,Ana L.,71,2,Resuelto,2025-06-14
5314,Cliente_157,Facturación,Media,Ana L.,43,4,Resuelto,2025-04-22
5315,Cliente_98,Cuenta,Media,Carlos M.,47,2,Resuelto,2025-01-24
5316,Cliente_226,Técnico,Baja,Fernanda P.,43,3,Resuelto,2024-07-27
5317,Cliente_412,Cuenta,Alta,Fernanda P.,32,3,Resuelto,2025-04-10
5318,Cliente_205,Cuenta,Media,Carlos M.,7,1,Resuelto,2025-02-05
5319,Cliente_79,Producto,Baja,Fernanda P.,32,3,Resuelto,2024-07-22
5320,Cliente_124,Facturación,Media,Carlos M.,65,3,Resuelto,2024-10-24
5321,Cliente_471,Facturación,Alta,Fernanda P.,58,5,Resuelto,2025-07-25
5322,Cliente_428,Entrega,Media,Carlos M.,53,4,Resuelto,2024-09-12
5323,Cliente_218,Cuenta,Baja,Carlos M.,34,4,En espera,2024-02-25
5324,Cliente_4,Cuenta,Media,Carlos M.,69,5,Resuelto,2024-09-15
5325,Cliente_90,Técnico,Baja,Ana L.,56,3,Resuelto,2025-05-09
5326,Cliente_104,Facturación,Media,Ana L.,66,2,Resuelto,2025-04-10
5327,Cliente_393,Técnico,Alta,Ana L.,32,5,Resuelto,2024-02-12
5328,Cliente_119,Producto,Media,Fernanda P.,50,4,Resuelto,2025-02-15
5329,Cliente_133,Entrega,Media,Carlos M.,24,1,Resuelto,2024-05-16
5330,Cliente_312,Técnico,Crítica,Fernanda P.,46,4,Resuelto,2024-12-05
5331,Cliente_96,Facturación,Media,Fernanda P.,3,2,Resuelto,2024-09-30
5332,Cliente_468,Producto,Media,Carlos M.,10,4,Resuelto,2024-12-10
5333,Cliente_434,Cuenta,Baja,Ana L.,6,5,Abierto,2024-01-21
5334,Cliente_331,Producto,Media,Fernanda P.,52,1,Resuelto,2024-06-02
5335,Cliente_143,Técnico,Media,Fernanda P.,50,4,Abierto,2025-06-18
5336,Cliente_288,Facturación,Media,Fernanda P.,58,5,Resuelto,2025-05-15
5337,Cliente_28,Técnico,Crítica,Ana L.,52,5,Resuelto,2024-06-29
5338,Cliente_278,Cuenta,Alta,Carlos M.,13,5,Resuelto,2025-05-21
5339,Cliente_233,Cuenta,Alta,Carlos M.,59,1,Resuelto,2025-04-28
5340,Cliente_17,Facturación,Media,Fernanda P.,39,5,Resuelto,2024-01-03
5341,Cliente_59,Entrega,Media,Carlos M.,53,1,Resuelto,2024-12-19
5342,Cliente_90,Producto,Baja,Ana L.,58,2,Abierto,2024-06-06
5343,Cliente_492,Producto,Media,Carlos M.,20,2,En espera,2025-08-05
5344,Cliente_199,Cuenta,Alta,Fernanda P.,63,2,Resuelto,2025-06-21
5345,Cliente_362,Técnico,Media,Fernanda P.,10,5,Resuelto,2025-04-09
5346,Cliente_441,Técnico,Alta,Carlos M.,26,1,Resuelto,2024-06-22
5347,Cliente_26,Entrega,Baja,Fernanda P.,19,2,Resuelto,2025-05-12
5348,Cliente_25,Técnico,Media,Ana L.,61,3,Resuelto,2025-02-19
5349,Cliente_394,Producto,Media,Ana L.,34,2,Resuelto,2024-08-27
5350,Cliente_301,Técnico,Media,Ana L.,44,5,En espera,2024-07-20
5351,Cliente_339,Entrega,Alta,Ana L.,18,3,Resuelto,2024-11-17
5352,Cliente_267,Producto,Crítica,Fernanda P.,72,4,Resuelto,2024-05-17
5353,Cliente_461,Técnico,Baja,Fernanda P.,16,3,Escalado,2024-04-13
5354,Cliente_181,Producto,Baja,Carlos M.,26,4,Resuelto,2024-11-15
5355,Cliente_456,Cuenta,Baja,Fernanda P.,65,3,Escalado,2025-02-05
5356,Cliente_360,Cuenta,Media,Carlos M.,66,1,En espera,2024-04-29
5357,Cliente_68,Cuenta,Media,Fernanda P.,27,3,Resuelto,2024-03-09
5358,Cliente_495,Técnico,Alta,Carlos M.,4,2,Resuelto,2024-03-02
5359,Cliente_351,Entrega,Media,Carlos M.,51,4,Escalado,2024-04-30
5360,Cliente_412,Producto,Media,Ana L.,3,4,Resuelto,2025-05-30
5361,Cliente_459,Facturación,Alta,Carlos M.,66,2,Resuelto,2025-02-08
5362,Cliente_491,Cuenta,Media,Carlos M.,16,1,Resuelto,2025-01-04
5363,Cliente_321,Cuenta,Media,Carlos M.,28,3,Resuelto,2024-04-10
5364,Cliente_49,Facturación,Baja,Carlos M.,44,1,Resuelto,2024-08-19
5365,Cliente_175,Facturación,Media,Carlos M.,18,2,Resuelto,2024-06-20
5366,Cliente_52,Técnico,Media,Ana L.,2,3,Resuelto,2024-08-06
5367,Cliente_102,Producto,Media,Carlos M.,44,2,Resuelto,2024-11-27
5368,Cliente_216,Cuenta,Crítica,Carlos M.,20,4,Resuelto,2024-09-04
5369,Cliente_438,Entrega,Crítica,Carlos M.,56,4,Resuelto,2024-06-10
5370,Cliente_188,Técnico,Alta,Fernanda P.,23,4,Resuelto,2025-05-06
5371,Cliente_57,Técnico,Media,Fernanda P.,60,5,Resuelto,2024-11-02
5372,Cliente_47,Entrega,Alta,Ana L.,71,5,Escalado,2025-02-19
5373,Cliente_159,Entrega,Media,Carlos M.,45,4,Resuelto,2025-07-23
5374,Cliente_489,Entrega,Baja,Carlos M.,47,5,Resuelto,2024-05-29
5375,Cliente_174,Facturación,Media,Fernanda P.,37,5,Resuelto,2024-01-19
5376,Cliente_242,Cuenta,Baja,Carlos M.,8,2,Resuelto,2024-01-20
5377,Cliente_282,Facturación,Media,Ana L.,5,3,En espera,2024-12-21
5378,Cliente_241,Cuenta,Media,Carlos M.,23,4,Resuelto,2024-01-14
5379,Cliente_370,Facturación,Crítica,Ana L.,10,5,Resuelto,2024-10-27
5380,Cliente_5,Producto,Media,Fernanda P.,27,2,Escalado,2024-10-29
5381,Cliente_84,Cuenta,Crítica,Ana L.,1,2,Abierto,2024-08-26
5382,Cliente_308,Técnico,Baja,Ana L.,71,3,Resuelto,2024-01-31
5383,Cliente_361,Cuenta,Baja,Ana L.,8,2,Escalado,2024-04-09
5384,Cliente_459,Cuenta,Media,Ana L.,11,1,En espera,2025-04-07
5385,Cliente_248,Cuenta,Media,Ana L.,28,1,Escalado,2025-07-11
5386,Cliente_54,Producto,Baja,Ana L.,34,4,Resuelto,2025-02-10
5387,Cliente_161,Facturación,Baja,Ana L.,43,3,Escalado,2025-07-06
5388,Cliente_434,Técnico,Media,Ana L.,28,1,Resuelto,2024-04-04
5389,Cliente_422,Facturación,Media,Ana L.,49,3,Resuelto,2025-08-16
5390,Cliente_411,Facturación,Alta,Fernanda P.,61,4,Resuelto,2024-04-18
5391,Cliente_226,Entrega,Media,Ana L.,37,2,Resuelto,2024-06-07
5392,Cliente_15,Producto,Baja,Ana L.,3,2,Resuelto,2024-02-16
5393,Cliente_224,Entrega,Alta,Carlos M.,9,2,Resuelto,2024-12-21
5394,Cliente_61,Producto,Baja,Carlos M.,2,1,Resuelto,2025-06-13
5395,Cliente_122,Facturación,Alta,Carlos M.,23,3,Resuelto,2024-07-20
5396,Cliente_277,Facturación,Alta,Ana L.,51,1,Escalado,2024-09-19
5397,Cliente_46,Producto,Crítica,Fernanda P.,17,5,Abierto,2025-07-03
5398,Cliente_453,Facturación,Media,Fernanda P.,25,3,Resuelto,2024-01-28
5399,Cliente_390,Facturación,Media,Carlos M.,27,4,Abierto,2024-01-18
5400,Cliente_294,Técnico,Media,Carlos M.,20,1,Resuelto,2024-01-09
5401,Cliente_62,Entrega,Media,Ana L.,36,2,Resuelto,2025-06-11
5402,Cliente_86,Entrega,Media,Fernanda P.,28,2,Resuelto,2024-11-13
5403,Cliente_446,Entrega,Media,Fernanda P.,29,2,Resuelto,2024-02-09
5404,Cliente_210,Cuenta,Alta,Carlos M.,42,1,Resuelto,2025-04-17
5405,Cliente_78,Técnico,Baja,Fernanda P.,58,1,Resuelto,2024-04-03
5406,Cliente_202,Entrega,Alta,Carlos M.,32,2,Resuelto,2024-02-27
5407,Cliente_302,Entrega,Alta,Carlos M.,12,2,Resuelto,2024-12-15
5408,Cliente_397,Técnico,Media,Ana L.,30,2,Resuelto,2024-10-01
5409,Cliente_223,Facturación,Media,Carlos M.,60,5,Abierto,2025-06-22
5410,Cliente_222,Entrega,Media,Ana L.,11,1,Resuelto,2024-10-12
5411,Cliente_3,Facturación,Crítica,Fernanda P.,11,2,Resuelto,2024-02-14
5412,Cliente_478,Entrega,Baja,Fernanda P.,50,4,Escalado,2025-02-18
5413,Cliente_6,Producto,Media,Carlos M.,1,2,En espera,2024-02-05
5414,Cliente_93,Cuenta,Media,Carlos M.,27,1,Abierto,2024-11-01
5415,Cliente_8,Entrega,Crítica,Ana L.,32,4,Resuelto,2024-02-07
5416,Cliente_428,Producto,Alta,Ana L.,6,1,Abierto,2024-08-26
5417,Cliente_493,Técnico,Media,Fernanda P.,41,1,Resuelto,2025-08-08
5418,Cliente_235,Producto,Baja,Fernanda P.,36,1,Abierto,2025-04-03
5419,Cliente_108,Técnico,Media,Carlos M.,39,3,En espera,2024-06-15
5420,Cliente_161,Entrega,Baja,Carlos M.,30,4,Resuelto,2024-07-31
5421,Cliente_209,Técnico,Alta,Ana L.,57,5,Resuelto,2024-12-31
5422,Cliente_240,Producto,Alta,Carlos M.,11,5,Resuelto,2024-11-16
5423,Cliente_331,Cuenta,Alta,Ana L.,3,3,Resuelto,2024-10-31
5424,Cliente_333,Facturación,Media,Fernanda P.,48,1,Resuelto,2024-06-30
5425,Cliente_50,Facturación,Media,Fernanda P.,6,5,Resuelto,2024-03-23
5426,Cliente_11,Cuenta,Baja,Carlos M.,7,4,Resuelto,2024-04-13
5427,Cliente_351,Facturación,Media,Ana L.,44,2,Abierto,2024-06-25
5428,Cliente_156,Entrega,Baja,Carlos M.,61,4,Resuelto,2024-10-08
5429,Cliente_492,Entrega,Alta,Carlos M.,54,1,Escalado,2024-12-31
5430,Cliente_70,Producto,Baja,Ana L.,51,4,Abierto,2025-04-24
5431,Cliente_169,Producto,Alta,Carlos M.,48,1,Escalado,2024-08-23
5432,Cliente_272,Técnico,Media,Ana L.,61,4,Abierto,2025-03-20
5433,Cliente_68,Producto,Media,Ana L.,40,3,Resuelto,2024-11-24
5434,Cliente_355,Entrega,Baja,Carlos M.,3,4,Resuelto,2025-07-30
5435,Cliente_252,Producto,Media,Ana L.,30,5,Abierto,2024-03-07
5436,Cliente_48,Facturación,Media,Fernanda P.,24,2,Resuelto,2025-03-23
5437,Cliente_184,Técnico,Alta,Fernanda P.,67,3,Resuelto,2024-10-14
5438,Cliente_320,Técnico,Baja,Fernanda P.,2,4,Abierto,2024-07-06
5439,Cliente_187,Entrega,Alta,Fernanda P.,44,1,En espera,2025-02-08
5440,Cliente_90,Producto,Alta,Carlos M.,40,3,Resuelto,2024-12-27
5441,Cliente_446,Facturación,Baja,Fernanda P.,19,5,Resuelto,2024-06-03
5442,Cliente_332,Producto,Alta,Fernanda P.,63,2,Resuelto,2025-08-01
5443,Cliente_139,Cuenta,Media,Fernanda P.,24,2,Resuelto,2024-04-17
5444,Cliente_357,Producto,Alta,Fernanda P.,50,4,Escalado,2024-01-02
5445,Cliente_89,Entrega,Baja,Carlos M.,20,5,Abierto,2024-02-12
5446,Cliente_274,Producto,Baja,Fernanda P.,57,5,Resuelto,2024-05-08
5447,Cliente_19,Técnico,Baja,Ana L.,50,2,Resuelto,2024-06-24
5448,Cliente_471,Facturación,Media,Ana L.,58,2,Abierto,2024-03-30
5449,Cliente_311,Entrega,Alta,Carlos M.,31,5,Resuelto,2024-09-08
5450,Cliente_358,Cuenta,Alta,Carlos M.,37,2,Resuelto,2024-04-04
5451,Cliente_374,Facturación,Crítica,Carlos M.,4,1,Resuelto,2025-04-25
5452,Cliente_466,Facturación,Baja,Fernanda P.,58,2,En espera,2024-12-10
5453,Cliente_154,Técnico,Baja,Carlos M.,10,1,Abierto,2025-01-09
5454,Cliente_390,Técnico,Media,Fernanda P.,63,2,Resuelto,2024-02-25
5455,Cliente_260,Técnico,Baja,Carlos M.,36,3,En espera,2024-02-28
5456,Cliente_108,Entrega,Media,Ana L.,55,3,Escalado,2025-02-03
5457,Cliente_371,Producto,Media,Ana L.,57,3,Resuelto,2024-03-30
5458,Cliente_285,Facturación,Baja,Fernanda P.,43,1,Resuelto,2024-02-23
5459,Cliente_59,Producto,Media,Carlos M.,65,1,Abierto,2025-07-12
5460,Cliente_125,Producto,Media,Ana L.,12,4,Resuelto,2024-07-27
5461,Cliente_354,Técnico,Media,Fernanda P.,62,4,Resuelto,2024-02-15
5462,Cliente_273,Producto,Alta,Ana L.,24,2,Resuelto,2024-04-27
5463,Cliente_107,Facturación,Baja,Carlos M.,2,1,Resuelto,2024-08-04
5464,Cliente_299,Facturación,Crítica,Fernanda P.,47,3,Resuelto,2024-06-02
5465,Cliente_245,Cuenta,Media,Ana L.,56,3,Resuelto,2025-05-26
5466,Cliente_336,Entrega,Crítica,Carlos M.,16,3,Resuelto,2025-06-13
5467,Cliente_450,Producto,Baja,Fernanda P.,34,2,Resuelto,2024-10-31
5468,Cliente_418,Entrega,Media,Ana L.,18,1,Abierto,2024-07-11
5469,Cliente_247,Entrega,Media,Ana L.,29,2,Resuelto,2024-06-06
5470,Cliente_8,Entrega,Alta,Fernanda P.,54,5,Abierto,2024-06-01
5471,Cliente_141,Entrega,Media,Carlos M.,51,5,Resuelto,2024-02-04
5472,Cliente_362,Facturación,Media,Fernanda P.,14,4,Resuelto,2024-04-16
5473,Cliente_8,Producto,Crítica,Ana L.,58,1,Resuelto,2024-12-03
5474,Cliente_478,Cuenta,Media,Ana L.,35,3,Resuelto,2025-02-17
5475,Cliente_352,Entrega,Baja,Ana L.,9,1,Resuelto,2024-09-26
5476,Cliente_484,Cuenta,Media,Carlos M.,37,4,Resuelto,2025-06-29
5477,Cliente_495,Facturación,Media,Ana L.,12,3,Resuelto,2025-06-02
5478,Cliente_94,Facturación,Media,Ana L.,11,2,En espera,2025-02-27
5479,Cliente_321,Técnico,Media,Fernanda P.,27,3,Resuelto,2024-07-06
5480,Cliente_427,Entrega,Crítica,Ana L.,43,5,Escalado,2025-05-15
5481,Cliente_39,Técnico,Alta,Fernanda P.,50,2,En espera,2024-09-25
5482,Cliente_81,Cuenta,Baja,Ana L.,20,3,En espera,2024-09-16
5483,Cliente_187,Producto,Baja,Fernanda P.,13,2,Resuelto,2024-02-17
5484,Cliente_84,Técnico,Crítica,Fernanda P.,47,5,Resuelto,2024-04-17
5485,Cliente_88,Facturación,Alta,Fernanda P.,8,5,Escalado,2024-05-20
5486,Cliente_242,Entrega,Crítica,Fernanda P.,69,1,Resuelto,2024-12-14
5487,Cliente_342,Cuenta,Media,Carlos M.,71,5,Resuelto,2025-06-28
5488,Cliente_93,Facturación,Alta,Ana L.,64,5,En espera,2025-06-18
5489,Cliente_86,Producto,Alta,Carlos M.,44,5,Resuelto,2025-08-01
5490,Cliente_44,Entrega,Baja,Ana L.,12,4,Resuelto,2025-03-14
5491,Cliente_137,Producto,Media,Fernanda P.,4,5,Resuelto,2025-05-29
5492,Cliente_421,Producto,Media,Ana L.,40,1,Escalado,2024-05-03
5493,Cliente_74,Entrega,Media,Fernanda P.,19,2,Escalado,2024-11-07
5494,Cliente_36,Entrega,Alta,Ana L.,54,4,Abierto,2024-07-14
5495,Cliente_101,Producto,Alta,Fernanda P.,1,2,En espera,2025-06-28
5496,Cliente_476,Cuenta,Alta,Ana L.,13,2,Resuelto,2024-02-01
5497,Cliente_156,Entrega,Alta,Ana L.,50,1,Resuelto,2025-08-07
5498,Cliente_426,Facturación,Media,Ana L.,53,4,Resuelto,2025-05-23
5499,Cliente_255,Técnico,Media,Fernanda P.,42,3,Resuelto,2024-10-03
5500,Cliente_171,Cuenta,Alta,Ana L.,25,5,Resuelto,2024-09-15
5501,Cliente_469,Entrega,Media,Fernanda P.,44,2,Resuelto,2024-08-18
5502,Cliente_216,Entrega,Baja,Carlos M.,61,2,Resuelto,2024-07-13
5503,Cliente_170,Cuenta,Media,Ana L.,21,1,Resuelto,2024-10-19
5504,Cliente_252,Técnico,Baja,Fernanda P.,51,1,Resuelto,2024-08-23
5505,Cliente_360,Producto,Media,Fernanda P.,52,1,En espera,2025-06-28
5506,Cliente_322,Facturación,Media,Fernanda P.,63,4,Resuelto,2024-06-30
5507,Cliente_55,Entrega,Baja,Carlos M.,54,5,Resuelto,2024-01-09
5508,Cliente_456,Técnico,Crítica,Fernanda P.,10,4,Resuelto,2024-07-22
5509,Cliente_432,Facturación,Alta,Carlos M.,59,1,En espera,2025-06-11
5510,Cliente_91,Cuenta,Alta,Carlos M.,8,1,Resuelto,2025-08-07
5511,Cliente_278,Entrega,Media,Fernanda P.,51,2,Resuelto,2024-09-02
5512,Cliente_101,Producto,Alta,Ana L.,5,4,Resuelto,2025-05-23
5513,Cliente_155,Cuenta,Alta,Carlos M.,42,4,Resuelto,2024-07-03
5514,Cliente_377,Entrega,Media,Fernanda P.,12,5,Resuelto,2025-07-22
5515,Cliente_349,Técnico,Crítica,Carlos M.,24,4,Resuelto,2024-12-28
5516,Cliente_451,Facturación,Baja,Fernanda P.,45,5,Resuelto,2024-03-26
5517,Cliente_364,Facturación,Crítica,Fernanda P.,53,3,En espera,2024-01-17
5518,Cliente_141,Entrega,Media,Carlos M.,53,5,Resuelto,2024-07-13
5519,Cliente_173,Cuenta,Media,Fernanda P.,17,1,Abierto,2024-01-05
5520,Cliente_10,Producto,Baja,Carlos M.,65,3,Resuelto,2025-02-09
5521,Cliente_228,Técnico,Media,Fernanda P.,58,2,Resuelto,2024-06-23
5522,Cliente_265,Entrega,Media,Ana L.,37,2,Resuelto,2024-05-11
5523,Cliente_438,Técnico,Crítica,Ana L.,42,2,Escalado,2025-08-22
5524,Cliente_248,Facturación,Crítica,Carlos M.,70,1,Resuelto,2024-04-19
5525,Cliente_247,Producto,Crítica,Carlos M.,40,2,Resuelto,2025-07-31
5526,Cliente_155,Técnico,Media,Carlos M.,23,5,Resuelto,2025-03-28
5527,Cliente_34,Entrega,Crítica,Carlos M.,23,1,Resuelto,2024-08-15
5528,Cliente_499,Producto,Media,Ana L.,49,4,Resuelto,2025-07-01
5529,Cliente_129,Cuenta,Alta,Carlos M.,7,1,Resuelto,2025-05-05
5530,Cliente_160,Entrega,Baja,Fernanda P.,37,1,En espera,2024-09-24
5531,Cliente_89,Técnico,Media,Fernanda P.,16,4,Abierto,2025-05-28
5532,Cliente_93,Producto,Crítica,Carlos M.,38,5,Resuelto,2025-08-12
5533,Cliente_327,Entrega,Crítica,Fernanda P.,40,3,Resuelto,2024-12-06
5534,Cliente_241,Producto,Media,Carlos M.,29,4,Resuelto,2024-10-31
5535,Cliente_323,Producto,Alta,Fernanda P.,17,1,Abierto,2025-01-02
5536,Cliente_468,Producto,Baja,Fernanda P.,20,2,Resuelto,2025-04-13
5537,Cliente_404,Técnico,Alta,Carlos M.,25,4,Resuelto,2025-07-25
5538,Cliente_117,Entrega,Media,Carlos M.,60,4,En espera,2024-08-12
5539,Cliente_94,Facturación,Baja,Ana L.,38,3,Resuelto,2024-07-03
5540,Cliente_163,Facturación,Baja,Carlos M.,63,1,Resuelto,2025-02-12
5541,Cliente_99,Técnico,Baja,Ana L.,39,2,Abierto,2025-02-25
5542,Cliente_113,Técnico,Alta,Carlos M.,64,2,Resuelto,2024-10-26
5543,Cliente_359,Producto,Baja,Fernanda P.,21,3,Resuelto,2025-07-03
5544,Cliente_91,Entrega,Media,Ana L.,32,2,Resuelto,2024-09-12
5545,Cliente_346,Entrega,Media,Fernanda P.,28,5,En espera,2024-08-21
5546,Cliente_206,Cuenta,Media,Carlos M.,12,4,Resuelto,2024-08-30
5547,Cliente_17,Cuenta,Alta,Carlos M.,23,4,Resuelto,2025-04-09
5548,Cliente_274,Facturación,Media,Carlos M.,15,2,Resuelto,2025-01-22
5549,Cliente_173,Cuenta,Media,Carlos M.,12,2,Resuelto,2024-12-15
5550,Cliente_116,Cuenta,Media,Ana L.,4,2,Abierto,2024-07-30
5551,Cliente_349,Facturación,Media,Ana L.,35,4,Resuelto,2024-10-17
5552,Cliente_468,Facturación,Alta,Carlos M.,61,2,Abierto,2025-07-26
5553,Cliente_181,Cuenta,Media,Fernanda P.,27,5,Resuelto,2025-05-24
5554,Cliente_91,Entrega,Baja,Ana L.,33,5,Resuelto,2025-05-21
5555,Cliente_82,Cuenta,Alta,Fernanda P.,13,4,Resuelto,2024-11-29
5556,Cliente_324,Producto,Media,Carlos M.,37,1,Abierto,2025-02-28
5557,Cliente_449,Producto,Alta,Ana L.,44,1,Resuelto,2024-05-17
5558,Cliente_114,Producto,Media,Ana L.,2,1,En espera,2024-04-27
5559,Cliente_257,Técnico,Alta,Ana L.,38,5,Escalado,2024-06-28
5560,Cliente_58,Producto,Baja,Fernanda P.,37,3,Abierto,2024-08-09
5561,Cliente_154,Entrega,Media,Carlos M.,59,1,Escalado,2025-01-04
5562,Cliente_365,Técnico,Media,Carlos M.,69,3,Resuelto,2024-06-08
5563,Cliente_404,Técnico,Alta,Ana L.,18,4,Resuelto,2024-07-22
5564,Cliente_116,Producto,Crítica,Ana L.,48,5,Resuelto,2025-07-10
5565,Cliente_343,Cuenta,Media,Carlos M.,66,1,Resuelto,2025-06-11
5566,Cliente_266,Facturación,Alta,Fernanda P.,49,5,Resuelto,2024-04-21
5567,Cliente_315,Cuenta,Media,Ana L.,58,4,Resuelto,2024-08-02
5568,Cliente_203,Cuenta,Crítica,Fernanda P.,35,5,Resuelto,2025-03-01
5569,Cliente_41,Técnico,Alta,Fernanda P.,58,2,Resuelto,2025-06-16
5570,Cliente_105,Técnico,Baja,Carlos M.,7,1,Resuelto,2024-02-15
5571,Cliente_389,Técnico,Alta,Carlos M.,9,5,Resuelto,2024-02-26
5572,Cliente_378,Entrega,Media,Fernanda P.,69,5,Resuelto,2025-04-30
5573,Cliente_193,Entrega,Baja,Fernanda P.,4,5,Abierto,2025-07-17
5574,Cliente_401,Facturación,Baja,Carlos M.,32,4,Resuelto,2025-02-18
5575,Cliente_278,Técnico,Crítica,Ana L.,5,1,En espera,2025-03-06
5576,Cliente_354,Producto,Crítica,Fernanda P.,56,1,En espera,2024-05-10
5577,Cliente_237,Técnico,Alta,Ana L.,56,2,Abierto,2025-07-18
5578,Cliente_425,Entrega,Crítica,Fernanda P.,44,2,Resuelto,2025-08-17
5579,Cliente_221,Técnico,Alta,Carlos M.,72,5,Abierto,2024-01-18
5580,Cliente_68,Entrega,Baja,Ana L.,13,1,Resuelto,2025-02-15
5581,Cliente_197,Técnico,Baja,Carlos M.,4,1,Resuelto,2024-05-22
5582,Cliente_256,Producto,Baja,Fernanda P.,52,5,Resuelto,2024-11-01
5583,Cliente_139,Facturación,Baja,Carlos M.,15,3,Resuelto,2025-02-20
5584,Cliente_312,Producto,Baja,Ana L.,1,1,Abierto,2025-06-23
5585,Cliente_435,Entrega,Media,Carlos M.,65,5,Resuelto,2024-04-22
5586,Cliente_149,Cuenta,Alta,Ana L.,11,5,Resuelto,2025-01-10
5587,Cliente_99,Producto,Alta,Carlos M.,61,3,Resuelto,2025-05-02
5588,Cliente_76,Técnico,Media,Carlos M.,63,2,Resuelto,2024-04-03
5589,Cliente_282,Facturación,Crítica,Ana L.,38,5,Resuelto,2024-01-01
5590,Cliente_371,Técnico,Media,Ana L.,69,1,Resuelto,2025-03-30
5591,Cliente_403,Técnico,Alta,Ana L.,45,2,Resuelto,2025-04-06
5592,Cliente_109,Producto,Media,Fernanda P.,70,2,Resuelto,2024-05-28
5593,Cliente_188,Facturación,Baja,Carlos M.,68,2,Resuelto,2025-07-21
5594,Cliente_199,Cuenta,Crítica,Ana L.,4,5,Resuelto,2025-08-04
5595,Cliente_303,Técnico,Media,Fernanda P.,71,1,Resuelto,2024-03-18
5596,Cliente_327,Facturación,Media,Fernanda P.,48,3,Resuelto,2024-03-19
5597,Cliente_154,Cuenta,Media,Ana L.,9,4,Resuelto,2024-09-04
5598,Cliente_40,Técnico,Media,Ana L.,47,4,Resuelto,2024-01-10
5599,Cliente_133,Facturación,Crítica,Ana L.,60,2,En espera,2024-08-08
5600,Cliente_405,Producto,Baja,Fernanda P.,52,4,Resuelto,2024-05-06
5601,Cliente_462,Técnico,Alta,Fernanda P.,33,4,Resuelto,2024-02-10
5602,Cliente_132,Técnico,Baja,Carlos M.,58,5,En espera,2025-02-17
5603,Cliente_279,Facturación,Media,Fernanda P.,48,3,Resuelto,2024-06-26
5604,Cliente_362,Técnico,Baja,Ana L.,5,4,Resuelto,2024-03-22
5605,Cliente_84,Cuenta,Alta,Carlos M.,27,3,Escalado,2025-01-20
5606,Cliente_399,Técnico,Baja,Carlos M.,41,4,Resuelto,2025-05-31
5607,Cliente_242,Entrega,Media,Carlos M.,1,2,Resuelto,2024-11-28
5608,Cliente_116,Cuenta,Baja,Carlos M.,51,2,Resuelto,2024-10-22
5609,Cliente_109,Facturación,Baja,Ana L.,16,3,Resuelto,2025-03-16
5610,Cliente_221,Cuenta,Alta,Carlos M.,32,3,Resuelto,2025-05-09
5611,Cliente_392,Entrega,Baja,Ana L.,47,3,Resuelto,2025-06-12
5612,Cliente_41,Entrega,Baja,Fernanda P.,23,3,Abierto,2025-08-09
5613,Cliente_368,Técnico,Baja,Ana L.,15,1,Resuelto,2024-04-30
5614,Cliente_147,Técnico,Media,Carlos M.,26,2,Resuelto,2025-07-04
5615,Cliente_112,Producto,Media,Fernanda P.,37,4,Resuelto,2024-07-13
5616,Cliente_103,Cuenta,Baja,Fernanda P.,55,1,Resuelto,2025-05-12
5617,Cliente_46,Producto,Baja,Fernanda P.,2,3,Resuelto,2024-06-01
5618,Cliente_412,Entrega,Media,Carlos M.,19,4,Resuelto,2024-12-09
5619,Cliente_494,Técnico,Media,Ana L.,32,2,Resuelto,2024-04-25
5620,Cliente_475,Técnico,Alta,Ana L.,69,3,Resuelto,2024-02-10
5621,Cliente_324,Técnico,Alta,Carlos M.,55,5,Resuelto,2024-04-13
5622,Cliente_378,Facturación,Media,Carlos M.,56,3,Resuelto,2024-09-04
5623,Cliente_271,Entrega,Media,Fernanda P.,29,4,Abierto,2024-12-29
5624,Cliente_483,Técnico,Alta,Ana L.,36,2,Resuelto,2024-09-22
5625,Cliente_421,Entrega,Alta,Carlos M.,71,3,Resuelto,2025-01-20
5626,Cliente_385,Técnico,Media,Carlos M.,53,2,En espera,2024-05-28
5627,Cliente_195,Cuenta,Alta,Ana L.,39,1,Escalado,2024-07-21
5628,Cliente_367,Entrega,Alta,Fernanda P.,11,5,Resuelto,2025-01-08
5629,Cliente_280,Producto,Media,Fernanda P.,30,1,Resuelto,2024-01-25
5630,Cliente_283,Facturación,Media,Fernanda P.,72,5,Abierto,2025-03-28
5631,Cliente_40,Producto,Alta,Ana L.,53,1,Resuelto,2025-04-01
5632,Cliente_447,Entrega,Baja,Carlos M.,8,2,Resuelto,2024-01-11
5633,Cliente_189,Técnico,Alta,Carlos M.,20,2,Resuelto,2024-09-17
5634,Cliente_164,Entrega,Alta,Carlos M.,12,1,Escalado,2025-06-01
5635,Cliente_482,Facturación,Alta,Carlos M.,67,4,Escalado,2024-08-12
5636,Cliente_477,Entrega,Media,Ana L.,50,1,Abierto,2024-09-28
5637,Cliente_24,Técnico,Baja,Fernanda P.,12,3,Resuelto,2024-02-15
5638,Cliente_24,Producto,Baja,Fernanda P.,54,4,Resuelto,2025-02-11
5639,Cliente_490,Cuenta,Alta,Fernanda P.,54,2,Resuelto,2024-01-14
5640,Cliente_4,Producto,Alta,Fernanda P.,19,1,En espera,2025-06-19
5641,Cliente_323,Técnico,Media,Carlos M.,14,4,Abierto,2024-12-30
5642,Cliente_290,Técnico,Baja,Carlos M.,52,3,Abierto,2024-09-10
5643,Cliente_441,Facturación,Crítica,Ana L.,22,5,Resuelto,2025-02-10
5644,Cliente_433,Entrega,Crítica,Fernanda P.,4,2,Resuelto,2025-05-03
5645,Cliente_471,Entrega,Media,Carlos M.,59,4,Resuelto,2024-04-21
5646,Cliente_181,Producto,Media,Carlos M.,34,4,Resuelto,2024-07-19
5647,Cliente_248,Cuenta,Alta,Carlos M.,64,4,Resuelto,2024-10-28
5648,Cliente_116,Cuenta,Alta,Fernanda P.,18,1,Resuelto,2024-04-14
5649,Cliente_279,Facturación,Crítica,Carlos M.,31,2,Escalado,2024-08-15
5650,Cliente_365,Técnico,Baja,Fernanda P.,42,2,Abierto,2025-02-28
5651,Cliente_69,Facturación,Media,Fernanda P.,3,1,Resuelto,2025-05-02
5652,Cliente_351,Entrega,Media,Ana L.,55,1,Resuelto,2025-03-28
5653,Cliente_254,Técnico,Alta,Ana L.,10,1,Resuelto,2024-07-05
5654,Cliente_181,Facturación,Alta,Fernanda P.,71,3,Resuelto,2025-07-06
5655,Cliente_318,Producto,Crítica,Fernanda P.,22,4,Resuelto,2024-11-18
5656,Cliente_169,Entrega,Media,Fernanda P.,23,3,En espera,2024-12-04
5657,Cliente_313,Cuenta,Alta,Carlos M.,13,2,Resuelto,2024-03-23
5658,Cliente_249,Facturación,Media,Carlos M.,40,1,Resuelto,2024-12-07
5659,Cliente_188,Entrega,Media,Carlos M.,13,4,Resuelto,2024-05-26
5660,Cliente_54,Entrega,Baja,Ana L.,51,5,Abierto,2024-11-30
5661,Cliente_326,Cuenta,Alta,Fernanda P.,64,4,En espera,2024-08-10
5662,Cliente_357,Cuenta,Crítica,Carlos M.,13,5,Abierto,2025-01-10
5663,Cliente_313,Cuenta,Baja,Carlos M.,29,4,Resuelto,2024-09-04
5664,Cliente_138,Facturación,Baja,Ana L.,71,1,Resuelto,2025-04-08
5665,Cliente_168,Cuenta,Alta,Ana L.,47,5,Abierto,2025-02-27
5666,Cliente_391,Producto,Media,Fernanda P.,26,5,Resuelto,2024-09-24
5667,Cliente_103,Entrega,Crítica,Fernanda P.,70,2,Resuelto,2025-08-04
5668,Cliente_422,Cuenta,Baja,Carlos M.,23,4,Resuelto,2025-02-01
5669,Cliente_85,Entrega,Baja,Carlos M.,56,3,Resuelto,2024-09-17
5670,Cliente_317,Técnico,Media,Carlos M.,19,3,Resuelto,2025-02-23
5671,Cliente_212,Técnico,Baja,Carlos M.,50,2,Abierto,2025-03-18
5672,Cliente_3,Cuenta,Baja,Carlos M.,35,2,Resuelto,2025-03-16
5673,Cliente_384,Entrega,Baja,Ana L.,49,2,En espera,2025-04-24
5674,Cliente_179,Técnico,Baja,Fernanda P.,46,1,En espera,2025-08-12
5675,Cliente_342,Cuenta,Baja,Ana L.,70,1,Resuelto,2025-03-22
5676,Cliente_303,Entrega,Crítica,Fernanda P.,53,1,Resuelto,2024-11-03
5677,Cliente_452,Cuenta,Baja,Fernanda P.,31,1,Resuelto,2024-05-23
5678,Cliente_476,Entrega,Media,Fernanda P.,22,2,En espera,2025-06-30
5679,Cliente_332,Técnico,Alta,Ana L.,67,2,Resuelto,2024-11-25
5680,Cliente_38,Cuenta,Media,Carlos M.,8,1,En espera,2024-06-09
5681,Cliente_499,Técnico,Media,Fernanda P.,19,1,Resuelto,2024-11-02
5682,Cliente_420,Cuenta,Alta,Fernanda P.,31,5,Escalado,2024-11-12
5683,Cliente_239,Facturación,Alta,Ana L.,32,4,En espera,2025-08-13
5684,Cliente_169,Técnico,Alta,Ana L.,55,5,Resuelto,2024-05-06
5685,Cliente_453,Técnico,Media,Carlos M.,31,4,Resuelto,2025-03-31
5686,Cliente_397,Producto,Alta,Carlos M.,67,1,Resuelto,2024-01-04
5687,Cliente_343,Técnico,Media,Fernanda P.,51,1,Resuelto,2025-05-06
5688,Cliente_314,Entrega,Baja,Ana L.,27,1,Abierto,2025-01-20
5689,Cliente_306,Cuenta,Alta,Carlos M.,48,5,Escalado,2025-05-19
5690,Cliente_30,Facturación,Media,Carlos M.,43,2,Escalado,2024-07-04
5691,Cliente_190,Entrega,Crítica,Carlos M.,51,4,Resuelto,2024-03-02
5692,Cliente_357,Entrega,Baja,Ana L.,69,5,Resuelto,2024-10-07
5693,Cliente_25,Entrega,Media,Ana L.,71,1,Resuelto,2024-10-07
5694,Cliente_112,Entrega,Crítica,Ana L.,72,2,Resuelto,2024-12-27
5695,Cliente_411,Facturación,Baja,Ana L.,50,5,Resuelto,2024-07-01
5696,Cliente_435,Producto,Crítica,Ana L.,61,4,En espera,2024-05-10
5697,Cliente_206,Técnico,Crítica,Fernanda P.,41,1,En espera,2024-07-04
5698,Cliente_185,Entrega,Alta,Fernanda P.,51,4,En espera,2025-01-29
5699,Cliente_382,Técnico,Media,Ana L.,24,1,Resuelto,2024-02-12
5700,Cliente_496,Técnico,Media,Fernanda P.,30,1,Resuelto,2024-01-04
5701,Cliente_379,Entrega,Alta,Ana L.,52,3,Abierto,2024-11-20
5702,Cliente_47,Producto,Alta,Fernanda P.,50,4,Resuelto,2024-07-16
5703,Cliente_374,Técnico,Media,Fernanda P.,57,2,En espera,2024-12-24
5704,Cliente_228,Cuenta,Crítica,Carlos M.,62,1,Resuelto,2024-01-06
5705,Cliente_39,Técnico,Media,Ana L.,53,2,Abierto,2024-06-12
5706,Cliente_16,Entrega,Crítica,Fernanda P.,68,5,Abierto,2025-07-23
5707,Cliente_22,Facturación,Baja,Fernanda P.,69,1,Resuelto,2025-08-21
5708,Cliente_213,Técnico,Baja,Carlos M.,31,1,Abierto,2025-01-13
5709,Cliente_310,Producto,Media,Fernanda P.,30,1,Resuelto,2024-06-27
5710,Cliente_149,Cuenta,Media,Carlos M.,10,2,Resuelto,2025-08-12
5711,Cliente_456,Cuenta,Alta,Fernanda P.,44,3,Abierto,2024-02-16
5712,Cliente_241,Facturación,Baja,Carlos M.,6,4,Abierto,2025-03-12
5713,Cliente_272,Facturación,Crítica,Carlos M.,27,1,Escalado,2025-01-21
5714,Cliente_59,Técnico,Media,Ana L.,20,4,Resuelto,2024-02-22
5715,Cliente_287,Entrega,Media,Ana L.,20,4,Resuelto,2024-10-13
5716,Cliente_426,Producto,Baja,Fernanda P.,12,4,En espera,2025-01-17
5717,Cliente_202,Cuenta,Media,Ana L.,49,2,Resuelto,2025-08-01
5718,Cliente_32,Facturación,Baja,Ana L.,52,4,En espera,2024-12-02
5719,Cliente_443,Producto,Baja,Ana L.,10,5,Resuelto,2024-07-01
5720,Cliente_162,Entrega,Alta,Fernanda P.,5,2,Abierto,2024-08-18
5721,Cliente_255,Cuenta,Baja,Fernanda P.,64,2,En espera,2025-03-25
5722,Cliente_254,Cuenta,Baja,Ana L.,58,5,En espera,2025-01-23
5723,Cliente_9,Entrega,Alta,Ana L.,8,3,En espera,2025-01-27
5724,Cliente_465,Cuenta,Baja,Fernanda P.,30,3,Resuelto,2024-10-11
5725,Cliente_139,Entrega,Media,Ana L.,17,1,Resuelto,2024-06-11
5726,Cliente_480,Cuenta,Baja,Carlos M.,67,3,Resuelto,2024-04-13
5727,Cliente_10,Técnico,Media,Fernanda P.,21,1,Resuelto,2024-06-11
5728,Cliente_214,Entrega,Media,Fernanda P.,16,4,Resuelto,2024-11-01
5729,Cliente_273,Producto,Baja,Carlos M.,27,1,Escalado,2024-09-27
5730,Cliente_324,Técnico,Alta,Ana L.,6,3,Resuelto,2025-06-24
5731,Cliente_48,Producto,Crítica,Carlos M.,42,1,En espera,2025-02-12
5732,Cliente_436,Cuenta,Baja,Ana L.,16,2,Escalado,2024-03-15
5733,Cliente_111,Producto,Crítica,Ana L.,45,3,Resuelto,2025-04-29
5734,Cliente_153,Técnico,Baja,Fernanda P.,3,1,Resuelto,2024-11-08
5735,Cliente_123,Entrega,Baja,Fernanda P.,40,3,Resuelto,2024-04-21
5736,Cliente_405,Facturación,Baja,Ana L.,20,5,Resuelto,2024-09-04
5737,Cliente_357,Producto,Media,Carlos M.,7,3,Resuelto,2025-05-05
5738,Cliente_102,Facturación,Media,Fernanda P.,59,5,Abierto,2025-07-23
5739,Cliente_241,Producto,Media,Ana L.,11,1,Resuelto,2025-04-24
5740,Cliente_321,Producto,Alta,Fernanda P.,52,5,Resuelto,2024-11-20
5741,Cliente_191,Entrega,Alta,Fernanda P.,3,3,Resuelto,2024-12-27
5742,Cliente_217,Cuenta,Media,Fernanda P.,21,2,Resuelto,2025-04-29
5743,Cliente_51,Técnico,Alta,Carlos M.,53,5,En espera,2025-02-24
5744,Cliente_292,Técnico,Crítica,Carlos M.,30,3,Escalado,2025-02-12
5745,Cliente_81,Técnico,Baja,Ana L.,11,2,En espera,2025-02-11
5746,Cliente_489,Cuenta,Media,Carlos M.,25,4,Resuelto,2024-05-09
5747,Cliente_383,Facturación,Media,Ana L.,50,5,Resuelto,2024-05-04
5748,Cliente_88,Técnico,Media,Ana L.,9,5,Resuelto,2024-10-10
5749,Cliente_194,Facturación,Media,Fernanda P.,45,1,Resuelto,2024-07-06
5750,Cliente_104,Cuenta,Media,Fernanda P.,29,4,Resuelto,2025-03-13
5751,Cliente_271,Cuenta,Media,Carlos M.,62,1,Resuelto,2024-02-13
5752,Cliente_96,Entrega,Media,Ana L.,15,1,Resuelto,2025-06-05
5753,Cliente_423,Técnico,Media,Ana L.,19,3,Resuelto,2024-01-05
5754,Cliente_379,Entrega,Baja,Fernanda P.,15,1,Escalado,2025-01-10
5755,Cliente_198,Técnico,Media,Fernanda P.,39,5,Abierto,2024-06-23
5756,Cliente_1,Cuenta,Media,Fernanda P.,35,1,Resuelto,2024-06-07
5757,Cliente_495,Cuenta,Media,Carlos M.,13,2,Escalado,2024-08-31
5758,Cliente_407,Producto,Crítica,Ana L.,16,5,Escalado,2024-01-29
5759,Cliente_378,Producto,Media,Ana L.,67,3,En espera,2025-01-21
5760,Cliente_167,Cuenta,Baja,Ana L.,55,1,Resuelto,2024-06-02
5761,Cliente_126,Cuenta,Media,Fernanda P.,65,2,Resuelto,2024-01-02
5762,Cliente_313,Facturación,Alta,Carlos M.,35,2,Resuelto,2024-11-30
5763,Cliente_81,Facturación,Alta,Carlos M.,16,5,Resuelto,2025-04-05
5764,Cliente_418,Entrega,Media,Fernanda P.,1,1,Escalado,2024-02-25
5765,Cliente_251,Producto,Baja,Carlos M.,50,2,Abierto,2025-02-01
5766,Cliente_169,Producto,Media,Carlos M.,14,1,Resuelto,2024-11-27
5767,Cliente_477,Cuenta,Media,Ana L.,62,5,Resuelto,2025-06-10
5768,Cliente_73,Cuenta,Crítica,Fernanda P.,7,4,Resuelto,2025-08-19
5769,Cliente_141,Entrega,Media,Fernanda P.,23,2,En espera,2025-01-08
5770,Cliente_70,Producto,Media,Fernanda P.,63,3,Resuelto,2024-02-14
5771,Cliente_262,Facturación,Media,Fernanda P.,29,1,Abierto,2025-06-15
5772,Cliente_340,Técnico,Media,Ana L.,22,5,Resuelto,2024-05-03
5773,Cliente_308,Entrega,Alta,Carlos M.,6,5,Resuelto,2024-08-17
5774,Cliente_245,Técnico,Media,Carlos M.,29,3,Abierto,2024-11-30
5775,Cliente_3,Facturación,Crítica,Ana L.,2,4,Resuelto,2025-07-26
5776,Cliente_337,Facturación,Media,Carlos M.,64,1,Abierto,2024-04-30
5777,Cliente_63,Técnico,Baja,Fernanda P.,36,4,Resuelto,2024-09-12
5778,Cliente_49,Entrega,Media,Ana L.,20,5,Escalado,2025-04-26
5779,Cliente_76,Técnico,Baja,Ana L.,55,2,En espera,2025-05-31
5780,Cliente_368,Entrega,Baja,Fernanda P.,37,4,Resuelto,2024-11-09
5781,Cliente_175,Entrega,Media,Fernanda P.,52,2,Abierto,2024-12-02
5782,Cliente_109,Cuenta,Alta,Fernanda P.,69,3,Resuelto,2024-03-17
5783,Cliente_183,Producto,Media,Carlos M.,70,5,Resuelto,2024-04-09
5784,Cliente_192,Producto,Baja,Fernanda P.,22,2,Resuelto,2024-10-22
5785,Cliente_65,Facturación,Media,Ana L.,15,1,Resuelto,2024-09-14
5786,Cliente_337,Cuenta,Media,Carlos M.,47,5,Escalado,2025-03-12
5787,Cliente_451,Producto,Crítica,Carlos M.,71,3,Resuelto,2025-06-06
5788,Cliente_474,Entrega,Media,Ana L.,69,1,Resuelto,2025-06-23
5789,Cliente_271,Entrega,Alta,Carlos M.,52,5,Resuelto,2024-04-28
5790,Cliente_100,Técnico,Baja,Fernanda P.,39,4,Resuelto,2025-01-29
5791,Cliente_32,Técnico,Alta,Fernanda P.,2,5,Resuelto,2025-05-11
5792,Cliente_352,Entrega,Alta,Fernanda P.,45,1,Resuelto,2024-09-05
5793,Cliente_128,Entrega,Crítica,Fernanda P.,24,2,Resuelto,2024-01-07
5794,Cliente_452,Técnico,Baja,Carlos M.,61,2,Resuelto,2025-02-16
5795,Cliente_402,Producto,Media,Ana L.,65,5,Escalado,2025-03-11
5796,Cliente_369,Facturación,Media,Carlos M.,53,5,Escalado,2025-06-02
5797,Cliente_339,Técnico,Baja,Ana L.,21,3,En espera,2025-03-27
5798,Cliente_43,Producto,Media,Ana L.,67,4,Resuelto,2025-07-20
5799,Cliente_372,Producto,Crítica,Fernanda P.,1,3,Resuelto,2024-01-20
5800,Cliente_419,Producto,Media,Carlos M.,59,3,Resuelto,2024-01-03
5801,Cliente_488,Cuenta,Crítica,Fernanda P.,47,2,Escalado,2025-02-16
5802,Cliente_78,Cuenta,Baja,Carlos M.,18,2,Resuelto,2024-01-20
5803,Cliente_314,Producto,Alta,Carlos M.,33,1,Resuelto,2025-03-20
5804,Cliente_289,Entrega,Media,Fernanda P.,15,3,En espera,2024-08-14
5805,Cliente_270,Cuenta,Media,Carlos M.,24,1,Resuelto,2024-12-11
5806,Cliente_162,Técnico,Crítica,Fernanda P.,36,5,En espera,2024-12-05
5807,Cliente_189,Cuenta,Baja,Ana L.,60,1,Escalado,2024-02-20
5808,Cliente_247,Entrega,Alta,Fernanda P.,34,2,Escalado,2025-01-07
5809,Cliente_388,Facturación,Media,Carlos M.,51,3,Resuelto,2024-12-18
5810,Cliente_216,Cuenta,Baja,Carlos M.,40,2,Resuelto,2024-01-30
5811,Cliente_315,Producto,Crítica,Ana L.,22,5,Resuelto,2025-04-22
5812,Cliente_413,Producto,Media,Ana L.,16,4,Resuelto,2024-08-31
5813,Cliente_339,Producto,Alta,Ana L.,42,3,Resuelto,2025-07-10
5814,Cliente_390,Facturación,Media,Fernanda P.,16,2,Resuelto,2025-02-11
5815,Cliente_377,Entrega,Alta,Fernanda P.,5,4,Resuelto,2025-02-18
5816,Cliente_481,Técnico,Media,Carlos M.,6,5,Resuelto,2024-01-23
5817,Cliente_433,Entrega,Baja,Ana L.,42,4,Resuelto,2024-02-22
5818,Cliente_168,Facturación,Media,Ana L.,30,2,Escalado,2024-02-11
5819,Cliente_339,Producto,Baja,Fernanda P.,32,2,En espera,2024-06-10
5820,Cliente_193,Entrega,Media,Carlos M.,53,5,Abierto,2024-06-02
5821,Cliente_453,Técnico,Baja,Ana L.,19,5,Resuelto,2024-11-22
5822,Cliente_283,Producto,Baja,Fernanda P.,51,4,Resuelto,2025-02-12
5823,Cliente_336,Técnico,Baja,Fernanda P.,28,4,Resuelto,2025-05-29
5824,Cliente_390,Cuenta,Media,Ana L.,47,2,Resuelto,2025-01-07
5825,Cliente_488,Técnico,Media,Ana L.,72,5,Resuelto,2025-07-08
5826,Cliente_13,Producto,Media,Carlos M.,1,1,En espera,2025-04-10
5827,Cliente_240,Cuenta,Baja,Ana L.,68,5,Resuelto,2025-07-19
5828,Cliente_320,Producto,Media,Fernanda P.,57,3,Resuelto,2025-05-08
5829,Cliente_446,Producto,Alta,Ana L.,22,3,Escalado,2025-06-08
5830,Cliente_483,Cuenta,Media,Ana L.,58,5,Escalado,2025-03-25
5831,Cliente_147,Técnico,Alta,Carlos M.,13,4,Resuelto,2024-02-25
5832,Cliente_204,Facturación,Media,Fernanda P.,39,3,Resuelto,2024-04-13
5833,Cliente_80,Facturación,Alta,Ana L.,27,2,Resuelto,2024-06-23
5834,Cliente_379,Facturación,Baja,Fernanda P.,39,2,Resuelto,2024-11-17
5835,Cliente_43,Facturación,Baja,Carlos M.,72,2,En espera,2024-03-08
5836,Cliente_458,Entrega,Alta,Fernanda P.,12,5,Abierto,2025-06-08
5837,Cliente_89,Facturación,Alta,Ana L.,24,3,Resuelto,2025-05-06
5838,Cliente_148,Cuenta,Baja,Ana L.,18,4,Abierto,2024-11-27
5839,Cliente_95,Facturación,Media,Carlos M.,15,2,Resuelto,2024-10-25
5840,Cliente_452,Producto,Media,Carlos M.,60,4,Resuelto,2024-02-12
5841,Cliente_428,Facturación,Media,Carlos M.,16,2,Resuelto,2024-07-17
5842,Cliente_151,Técnico,Alta,Fernanda P.,47,5,Resuelto,2024-04-01
5843,Cliente_2,Cuenta,Baja,Fernanda P.,24,2,En espera,2025-05-04
5844,Cliente_376,Cuenta,Media,Fernanda P.,45,5,Resuelto,2025-06-27
5845,Cliente_22,Entrega,Baja,Fernanda P.,19,3,Resuelto,2024-02-05
5846,Cliente_371,Producto,Media,Carlos M.,41,3,Resuelto,2024-10-08
5847,Cliente_313,Cuenta,Baja,Fernanda P.,31,4,Escalado,2024-07-23
5848,Cliente_485,Técnico,Alta,Fernanda P.,16,2,Escalado,2024-06-21
5849,Cliente_328,Facturación,Media,Fernanda P.,23,3,En espera,2024-10-16
5850,Cliente_7,Cuenta,Alta,Fernanda P.,23,1,Resuelto,2025-02-21
5851,Cliente_206,Técnico,Baja,Carlos M.,41,1,Resuelto,2024-10-14
5852,Cliente_440,Facturación,Baja,Carlos M.,18,4,Resuelto,2024-04-11
5853,Cliente_375,Entrega,Baja,Ana L.,36,3,Resuelto,2025-03-26
5854,Cliente_451,Cuenta,Media,Ana L.,12,5,Resuelto,2024-04-30
5855,Cliente_114,Cuenta,Alta,Fernanda P.,69,1,Resuelto,2024-02-26
5856,Cliente_272,Técnico,Media,Fernanda P.,51,3,Resuelto,2024-04-16
5857,Cliente_83,Producto,Baja,Carlos M.,32,5,Resuelto,2024-08-26
5858,Cliente_179,Entrega,Baja,Ana L.,71,2,Resuelto,2025-02-16
5859,Cliente_210,Producto,Baja,Fernanda P.,36,3,Abierto,2024-01-21
5860,Cliente_500,Cuenta,Alta,Ana L.,40,2,Resuelto,2025-08-07
5861,Cliente_464,Producto,Media,Ana L.,70,1,Resuelto,2025-06-16
5862,Cliente_328,Facturación,Alta,Ana L.,38,2,Resuelto,2025-02-19
5863,Cliente_124,Entrega,Media,Carlos M.,54,1,Escalado,2024-10-24
5864,Cliente_481,Producto,Baja,Fernanda P.,4,4,Resuelto,2024-01-11
5865,Cliente_113,Facturación,Baja,Fernanda P.,46,4,Resuelto,2025-07-23
5866,Cliente_12,Técnico,Alta,Carlos M.,63,1,Resuelto,2024-12-19
5867,Cliente_126,Producto,Alta,Carlos M.,50,5,Resuelto,2024-03-26
5868,Cliente_53,Entrega,Media,Carlos M.,30,4,Resuelto,2024-08-12
5869,Cliente_331,Facturación,Baja,Ana L.,16,5,Resuelto,2024-07-12
5870,Cliente_389,Producto,Baja,Ana L.,52,5,Resuelto,2024-04-12
5871,Cliente_283,Técnico,Baja,Fernanda P.,4,5,Resuelto,2024-10-28
5872,Cliente_140,Producto,Baja,Fernanda P.,26,3,Resuelto,2024-02-17
5873,Cliente_401,Facturación,Baja,Ana L.,29,3,Resuelto,2024-10-19
5874,Cliente_390,Producto,Media,Ana L.,11,5,Resuelto,2024-01-22
5875,Cliente_97,Entrega,Baja,Carlos M.,24,1,Resuelto,2024-06-23
5876,Cliente_5,Cuenta,Baja,Ana L.,51,4,En espera,2024-11-28
5877,Cliente_57,Facturación,Alta,Fernanda P.,42,2,Resuelto,2024-01-17
5878,Cliente_412,Facturación,Media,Fernanda P.,39,3,Resuelto,2025-01-30
5879,Cliente_334,Facturación,Crítica,Carlos M.,7,3,Resuelto,2024-03-16
5880,Cliente_69,Facturación,Media,Carlos M.,18,2,Resuelto,2024-07-21
5881,Cliente_118,Producto,Media,Fernanda P.,3,5,Abierto,2024-08-20
5882,Cliente_376,Entrega,Baja,Ana L.,63,2,Abierto,2024-04-24
5883,Cliente_59,Técnico,Media,Ana L.,20,5,Abierto,2024-04-05
5884,Cliente_33,Entrega,Baja,Fernanda P.,70,3,Resuelto,2024-09-30
5885,Cliente_318,Facturación,Baja,Ana L.,17,2,Escalado,2025-01-10
5886,Cliente_50,Producto,Crítica,Ana L.,59,1,Resuelto,2024-11-29
5887,Cliente_368,Producto,Media,Fernanda P.,54,4,Resuelto,2025-08-12
5888,Cliente_489,Facturación,Crítica,Fernanda P.,13,4,Resuelto,2024-12-14
5889,Cliente_19,Producto,Media,Carlos M.,42,4,Resuelto,2025-05-13
5890,Cliente_214,Facturación,Media,Fernanda P.,44,2,Resuelto,2024-06-24
5891,Cliente_197,Entrega,Media,Carlos M.,67,5,Escalado,2024-12-28
5892,Cliente_379,Cuenta,Alta,Carlos M.,72,3,Resuelto,2024-02-14
5893,Cliente_450,Producto,Media,Ana L.,20,4,Resuelto,2025-01-13
5894,Cliente_478,Facturación,Crítica,Fernanda P.,47,2,Resuelto,2025-03-05
5895,Cliente_47,Facturación,Baja,Ana L.,24,4,Resuelto,2024-11-02
5896,Cliente_167,Producto,Alta,Fernanda P.,51,5,Escalado,2025-02-19
5897,Cliente_452,Técnico,Media,Fernanda P.,18,1,Abierto,2024-08-30
5898,Cliente_289,Facturación,Baja,Ana L.,23,1,Resuelto,2024-05-16
5899,Cliente_141,Producto,Media,Carlos M.,1,3,Resuelto,2024-02-27
5900,Cliente_84,Facturación,Media,Fernanda P.,66,1,En espera,2024-06-17
5901,Cliente_182,Técnico,Baja,Carlos M.,5,1,Resuelto,2025-04-06
5902,Cliente_391,Cuenta,Baja,Ana L.,18,2,Resuelto,2025-02-13
5903,Cliente_79,Técnico,Media,Ana L.,35,2,Resuelto,2025-01-18
5904,Cliente_215,Entrega,Media,Fernanda P.,25,3,Resuelto,2025-03-20
5905,Cliente_14,Producto,Media,Ana L.,24,3,Escalado,2025-07-09
5906,Cliente_215,Técnico,Baja,Fernanda P.,13,2,Abierto,2025-04-17
5907,Cliente_403,Cuenta,Baja,Fernanda P.,21,1,Resuelto,2025-08-20
5908,Cliente_128,Facturación,Crítica,Fernanda P.,39,5,Resuelto,2025-08-11
5909,Cliente_310,Producto,Crítica,Fernanda P.,34,1,Resuelto,2024-08-29
5910,Cliente_477,Técnico,Media,Fernanda P.,19,1,Resuelto,2024-08-11
5911,Cliente_248,Cuenta,Crítica,Ana L.,28,5,Resuelto,2024-05-01
5912,Cliente_404,Técnico,Media,Fernanda P.,11,3,Resuelto,2025-05-22
5913,Cliente_29,Entrega,Baja,Carlos M.,49,2,En espera,2024-08-31
5914,Cliente_280,Producto,Baja,Fernanda P.,35,3,Resuelto,2024-08-08
5915,Cliente_338,Facturación,Crítica,Fernanda P.,57,3,Abierto,2024-05-14
5916,Cliente_319,Cuenta,Media,Fernanda P.,28,3,Resuelto,2024-02-04
5917,Cliente_202,Técnico,Alta,Ana L.,66,2,Resuelto,2024-06-15
5918,Cliente_361,Producto,Alta,Carlos M.,65,3,Resuelto,2024-09-18
5919,Cliente_57,Técnico,Media,Carlos M.,22,3,Resuelto,2024-11-29
5920,Cliente_392,Producto,Baja,Carlos M.,51,4,Escalado,2024-03-05
5921,Cliente_218,Entrega,Baja,Ana L.,9,1,Abierto,2024-04-19
5922,Cliente_62,Técnico,Baja,Ana L.,71,4,Resuelto,2025-02-14
5923,Cliente_157,Entrega,Baja,Fernanda P.,36,2,Resuelto,2025-01-29
5924,Cliente_202,Cuenta,Media,Ana L.,54,5,Resuelto,2024-01-09
5925,Cliente_17,Entrega,Baja,Carlos M.,38,5,Resuelto,2024-06-30
5926,Cliente_322,Producto,Baja,Carlos M.,66,4,Abierto,2024-02-12
5927,Cliente_6,Cuenta,Media,Ana L.,43,4,Resuelto,2024-11-01
5928,Cliente_58,Técnico,Media,Ana L.,5,4,Resuelto,2024-04-22
5929,Cliente_325,Técnico,Media,Carlos M.,37,1,Resuelto,2024-11-14
5930,Cliente_412,Producto,Media,Carlos M.,58,2,Abierto,2025-03-08
5931,Cliente_318,Facturación,Media,Carlos M.,63,3,Resuelto,2024-08-18
5932,Cliente_169,Facturación,Crítica,Carlos M.,51,4,Resuelto,2025-04-24
5933,Cliente_453,Técnico,Baja,Carlos M.,72,1,Resuelto,2025-02-18
5934,Cliente_82,Producto,Baja,Ana L.,43,5,Resuelto,2024-05-15
5935,Cliente_474,Facturación,Alta,Ana L.,67,5,Escalado,2025-05-26
5936,Cliente_468,Entrega,Media,Fernanda P.,67,5,Resuelto,2025-02-18
5937,Cliente_425,Técnico,Alta,Fernanda P.,65,4,Resuelto,2024-02-16
5938,Cliente_433,Entrega,Baja,Fernanda P.,62,5,Resuelto,2024-05-21
5939,Cliente_219,Producto,Alta,Ana L.,63,5,Resuelto,2024-03-25
5940,Cliente_177,Entrega,Crítica,Fernanda P.,30,5,Resuelto,2025-03-06
5941,Cliente_204,Facturación,Media,Fernanda P.,38,3,Resuelto,2024-04-02
5942,Cliente_71,Facturación,Baja,Ana L.,51,5,En espera,2025-03-05
5943,Cliente_387,Cuenta,Alta,Carlos M.,38,1,Resuelto,2025-03-04
5944,Cliente_266,Técnico,Alta,Ana L.,67,4,Abierto,2024-06-07
5945,Cliente_98,Producto,Alta,Ana L.,48,3,Escalado,2025-07-17
5946,Cliente_345,Técnico,Baja,Carlos M.,12,3,Escalado,2024-04-27
5947,Cliente_291,Entrega,Alta,Fernanda P.,20,4,Resuelto,2025-07-11
5948,Cliente_208,Producto,Baja,Ana L.,72,5,Escalado,2024-06-05
5949,Cliente_2,Producto,Baja,Ana L.,2,5,Resuelto,2025-03-08
5950,Cliente_124,Facturación,Media,Carlos M.,55,2,Resuelto,2024-07-11
5951,Cliente_280,Entrega,Baja,Ana L.,6,5,En espera,2024-09-13
5952,Cliente_74,Facturación,Media,Fernanda P.,62,1,Resuelto,2025-04-12
5953,Cliente_166,Facturación,Media,Carlos M.,49,5,Resuelto,2024-08-19
5954,Cliente_22,Cuenta,Baja,Ana L.,54,4,Abierto,2025-02-24
5955,Cliente_154,Facturación,Media,Fernanda P.,10,5,Resuelto,2024-03-18
5956,Cliente_427,Técnico,Crítica,Fernanda P.,24,4,En espera,2025-01-12
5957,Cliente_439,Producto,Baja,Ana L.,29,3,En espera,2024-09-04
5958,Cliente_295,Facturación,Media,Fernanda P.,6,2,Resuelto,2025-01-09
5959,Cliente_219,Técnico,Media,Carlos M.,58,3,Resuelto,2025-05-26
5960,Cliente_157,Entrega,Media,Fernanda P.,57,4,Abierto,2024-01-21
5961,Cliente_495,Producto,Baja,Carlos M.,3,2,Resuelto,2024-03-16
5962,Cliente_230,Entrega,Media,Carlos M.,24,3,Resuelto,2024-12-03
5963,Cliente_20,Técnico,Baja,Carlos M.,19,5,Resuelto,2025-02-25
5964,Cliente_475,Entrega,Crítica,Ana L.,9,5,Resuelto,2025-04-28
5965,Cliente_41,Entrega,Media,Fernanda P.,30,2,Resuelto,2025-03-01
5966,Cliente_438,Entrega,Media,Ana L.,44,3,Resuelto,2024-05-19
5967,Cliente_148,Facturación,Media,Ana L.,53,1,Resuelto,2024-11-08
5968,Cliente_108,Facturación,Media,Carlos M.,68,1,Resuelto,2025-04-13
5969,Cliente_403,Facturación,Media,Ana L.,60,1,Resuelto,2025-06-03
5970,Cliente_84,Producto,Media,Fernanda P.,23,3,Resuelto,2024-06-04
5971,Cliente_483,Técnico,Media,Ana L.,61,3,Escalado,2024-06-29
5972,Cliente_367,Facturación,Baja,Ana L.,7,3,Resuelto,2024-07-22
5973,Cliente_322,Entrega,Baja,Carlos M.,44,4,Resuelto,2025-06-12
5974,Cliente_414,Entrega,Media,Carlos M.,55,1,En espera,2024-10-03
5975,Cliente_309,Entrega,Alta,Ana L.,39,1,Resuelto,2025-07-16
5976,Cliente_290,Entrega,Baja,Carlos M.,59,1,Resuelto,2025-07-19
5977,Cliente_406,Cuenta,Baja,Ana L.,5,4,Resuelto,2025-02-28
5978,Cliente_323,Producto,Baja,Fernanda P.,42,4,Abierto,2025-07-09
5979,Cliente_134,Técnico,Crítica,Fernanda P.,14,3,Resuelto,2024-11-28
5980,Cliente_207,Técnico,Alta,Carlos M.,27,1,Resuelto,2024-01-29
5981,Cliente_283,Facturación,Media,Fernanda P.,16,1,Resuelto,2024-03-01
5982,Cliente_266,Cuenta,Crítica,Fernanda P.,2,5,Abierto,2024-03-01
5983,Cliente_73,Técnico,Media,Ana L.,19,5,Resuelto,2024-01-20
5984,Cliente_481,Producto,Crítica,Carlos M.,23,5,Abierto,2024-02-25
5985,Cliente_352,Entrega,Baja,Fernanda P.,41,4,Resuelto,2024-11-25
5986,Cliente_48,Facturación,Baja,Carlos M.,14,3,Abierto,2024-07-22
5987,Cliente_326,Producto,Media,Carlos M.,47,2,Resuelto,2025-03-15
5988,Cliente_233,Técnico,Media,Carlos M.,63,1,Resuelto,2024-07-02
5989,Cliente_443,Cuenta,Media,Fernanda P.,8,5,En espera,2024-02-15
5990,Cliente_100,Facturación,Media,Carlos M.,27,1,En espera,2025-03-16
5991,Cliente_59,Técnico,Media,Carlos M.,40,1,Escalado,2024-02-14
5992,Cliente_258,Facturación,Baja,Ana L.,28,1,Resuelto,2025-04-08
5993,Cliente_413,Técnico,Baja,Ana L.,68,3,Resuelto,2025-07-07
5994,Cliente_452,Entrega,Crítica,Ana L.,61,1,En espera,2025-03-21
5995,Cliente_65,Cuenta,Alta,Ana L.,38,3,Resuelto,2024-01-08
5996,Cliente_83,Entrega,Crítica,Carlos M.,24,2,Escalado,2024-01-14
5997,Cliente_154,Técnico,Alta,Ana L.,28,2,Resuelto,2024-08-16
5998,Cliente_473,Producto,Media,Ana L.,41,4,Resuelto,2024-04-11
5999,Cliente_266,Entrega,Media,Fernanda P.,18,1,Resuelto,2025-05-15
6000,Cliente_309,Producto,Baja,Ana L.,49,5,Resuelto,2024-10-23
6001,Cliente_79,Técnico,Baja,Ana L.,26,4,Resuelto,2024-01-29
6002,Cliente_315,Cuenta,Baja,Fernanda P.,3,4,Resuelto,2024-12-19
6003,Cliente_150,Producto,Alta,Carlos M.,38,2,Resuelto,2025-04-18
6004,Cliente_435,Técnico,Baja,Carlos M.,14,5,Resuelto,2025-03-18
6005,Cliente_48,Producto,Crítica,Fernanda P.,1,1,En espera,2024-10-29
6006,Cliente_405,Entrega,Media,Fernanda P.,11,1,Resuelto,2024-08-03
6007,Cliente_379,Técnico,Alta,Carlos M.,40,2,Resuelto,2024-12-16
6008,Cliente_248,Entrega,Baja,Ana L.,4,3,Resuelto,2025-06-07
6009,Cliente_278,Facturación,Baja,Fernanda P.,34,2,Resuelto,2024-01-24
6010,Cliente_356,Técnico,Crítica,Fernanda P.,65,5,Resuelto,2025-05-30
6011,Cliente_98,Producto,Baja,Fernanda P.,56,3,Resuelto,2024-01-08
6012,Cliente_414,Facturación,Baja,Carlos M.,10,5,Resuelto,2024-04-23
6013,Cliente_25,Entrega,Baja,Carlos M.,71,1,En espera,2025-07-15
6014,Cliente_493,Entrega,Baja,Carlos M.,64,3,Resuelto,2024-08-25
6015,Cliente_284,Producto,Baja,Carlos M.,13,5,Resuelto,2024-03-02
6016,Cliente_449,Facturación,Media,Carlos M.,22,1,Resuelto,2024-05-06
6017,Cliente_369,Cuenta,Media,Ana L.,56,5,Resuelto,2024-10-26
6018,Cliente_301,Producto,Media,Ana L.,65,3,Resuelto,2024-06-08
6019,Cliente_68,Entrega,Baja,Carlos M.,13,1,Resuelto,2025-06-03
6020,Cliente_7,Técnico,Alta,Carlos M.,1,5,Resuelto,2025-03-13
6021,Cliente_305,Facturación,Alta,Carlos M.,38,4,En espera,2025-02-04
6022,Cliente_137,Cuenta,Baja,Fernanda P.,58,3,En espera,2024-08-31
6023,Cliente_164,Técnico,Media,Fernanda P.,25,3,Resuelto,2024-07-13
6024,Cliente_83,Facturación,Baja,Carlos M.,42,3,Resuelto,2025-04-03
6025,Cliente_385,Producto,Alta,Carlos M.,33,1,En espera,2024-07-24
6026,Cliente_138,Producto,Alta,Fernanda P.,57,3,Abierto,2024-03-11
6027,Cliente_420,Facturación,Crítica,Fernanda P.,37,5,Abierto,2025-02-20
6028,Cliente_73,Cuenta,Baja,Fernanda P.,57,4,Resuelto,2025-03-03
6029,Cliente_237,Facturación,Media,Fernanda P.,62,5,Abierto,2025-05-10
6030,Cliente_46,Técnico,Baja,Fernanda P.,3,5,En espera,2024-02-01
6031,Cliente_106,Técnico,Media,Carlos M.,30,3,Resuelto,2024-07-30
6032,Cliente_416,Producto,Media,Carlos M.,67,4,Abierto,2025-06-05
6033,Cliente_288,Facturación,Baja,Fernanda P.,63,4,Abierto,2025-04-07
6034,Cliente_262,Producto,Alta,Carlos M.,23,4,Resuelto,2024-09-03
6035,Cliente_176,Cuenta,Media,Fernanda P.,72,4,En espera,2024-05-08
6036,Cliente_166,Técnico,Alta,Fernanda P.,66,2,Abierto,2024-11-28
6037,Cliente_145,Entrega,Baja,Fernanda P.,61,4,Escalado,2024-03-15
6038,Cliente_330,Entrega,Crítica,Carlos M.,2,3,Escalado,2024-03-30
6039,Cliente_370,Facturación,Crítica,Carlos M.,27,4,Resuelto,2024-02-21
6040,Cliente_283,Facturación,Crítica,Carlos M.,48,5,Resuelto,2024-01-12
6041,Cliente_54,Entrega,Alta,Carlos M.,63,2,Resuelto,2024-02-15
6042,Cliente_178,Facturación,Alta,Ana L.,5,5,Escalado,2024-10-18
6043,Cliente_419,Técnico,Media,Fernanda P.,1,3,Resuelto,2024-05-16
6044,Cliente_244,Cuenta,Baja,Fernanda P.,22,3,Resuelto,2024-04-06
6045,Cliente_341,Cuenta,Media,Carlos M.,24,4,Resuelto,2024-06-10
6046,Cliente_127,Producto,Alta,Carlos M.,59,3,Resuelto,2024-03-28
6047,Cliente_409,Técnico,Crítica,Ana L.,50,2,Resuelto,2024-02-22
6048,Cliente_412,Facturación,Media,Fernanda P.,23,5,Abierto,2024-04-18
6049,Cliente_367,Facturación,Baja,Fernanda P.,18,3,Resuelto,2024-02-14
6050,Cliente_271,Producto,Media,Carlos M.,22,3,Abierto,2024-06-09
6051,Cliente_132,Producto,Crítica,Carlos M.,44,2,Resuelto,2024-10-11
6052,Cliente_93,Facturación,Baja,Ana L.,44,1,Resuelto,2025-08-16
6053,Cliente_379,Facturación,Media,Fernanda P.,37,1,Resuelto,2024-11-13
6054,Cliente_73,Técnico,Media,Ana L.,7,2,En espera,2024-10-17
6055,Cliente_411,Producto,Baja,Fernanda P.,24,3,Resuelto,2025-03-06
6056,Cliente_410,Técnico,Baja,Carlos M.,41,2,Resuelto,2025-01-20
6057,Cliente_403,Facturación,Media,Ana L.,70,2,Resuelto,2025-06-20
6058,Cliente_248,Entrega,Alta,Carlos M.,71,1,Escalado,2024-02-22
6059,Cliente_348,Entrega,Baja,Fernanda P.,18,4,Resuelto,2025-01-14
6060,Cliente_273,Facturación,Media,Fernanda P.,72,3,Abierto,2025-08-12
6061,Cliente_43,Producto,Alta,Ana L.,60,5,Resuelto,2024-04-23
6062,Cliente_377,Entrega,Crítica,Carlos M.,52,2,Resuelto,2024-11-07
6063,Cliente_41,Producto,Crítica,Fernanda P.,49,1,Resuelto,2024-09-14
6064,Cliente_170,Entrega,Media,Fernanda P.,67,4,Resuelto,2024-05-24
6065,Cliente_434,Producto,Crítica,Ana L.,45,3,Resuelto,2025-05-17
6066,Cliente_212,Entrega,Baja,Ana L.,9,2,Resuelto,2024-10-16
6067,Cliente_493,Producto,Alta,Carlos M.,26,1,Resuelto,2024-12-17
6068,Cliente_168,Técnico,Media,Ana L.,26,2,En espera,2024-09-18
6069,Cliente_39,Producto,Baja,Fernanda P.,30,5,Escalado,2025-06-23
6070,Cliente_369,Técnico,Media,Carlos M.,27,3,Resuelto,2024-05-15
6071,Cliente_245,Técnico,Baja,Carlos M.,4,3,Resuelto,2024-12-01
6072,Cliente_151,Facturación,Alta,Carlos M.,51,3,Resuelto,2025-05-04
6073,Cliente_111,Técnico,Media,Fernanda P.,70,3,Resuelto,2024-09-30
6074,Cliente_480,Cuenta,Media,Ana L.,10,1,Resuelto,2024-08-09
6075,Cliente_436,Técnico,Baja,Carlos M.,36,5,Resuelto,2024-12-01
6076,Cliente_47,Producto,Baja,Fernanda P.,46,2,Resuelto,2024-05-02
6077,Cliente_63,Técnico,Crítica,Ana L.,6,1,Resuelto,2025-06-06
6078,Cliente_225,Producto,Alta,Carlos M.,70,4,Resuelto,2025-06-01
6079,Cliente_366,Producto,Crítica,Ana L.,3,3,Abierto,2025-06-17
6080,Cliente_69,Cuenta,Baja,Ana L.,50,3,Escalado,2024-08-02
6081,Cliente_299,Técnico,Baja,Ana L.,42,2,Abierto,2025-02-18
6082,Cliente_432,Técnico,Media,Fernanda P.,54,3,Resuelto,2025-02-06
6083,Cliente_290,Entrega,Media,Carlos M.,39,3,Abierto,2025-01-19
6084,Cliente_296,Entrega,Baja,Carlos M.,55,2,Resuelto,2025-05-27
6085,Cliente_203,Facturación,Alta,Carlos M.,11,5,Abierto,2025-06-24
6086,Cliente_61,Producto,Media,Fernanda P.,30,1,En espera,2025-01-31
6087,Cliente_434,Cuenta,Baja,Ana L.,56,5,Resuelto,2024-10-11
6088,Cliente_451,Entrega,Media,Fernanda P.,29,2,Resuelto,2025-02-03
6089,Cliente_318,Técnico,Media,Carlos M.,17,3,Resuelto,2024-04-14
6090,Cliente_314,Facturación,Alta,Ana L.,33,3,Resuelto,2025-05-17
6091,Cliente_161,Cuenta,Media,Fernanda P.,21,5,Resuelto,2024-02-09
6092,Cliente_331,Técnico,Media,Fernanda P.,10,4,Abierto,2024-12-14
6093,Cliente_16,Técnico,Baja,Fernanda P.,39,1,Resuelto,2024-08-09
6094,Cliente_338,Producto,Crítica,Fernanda P.,47,3,Resuelto,2025-03-17
6095,Cliente_94,Producto,Crítica,Ana L.,52,2,Resuelto,2025-07-17
6096,Cliente_304,Entrega,Media,Fernanda P.,41,5,Resuelto,2024-03-04
6097,Cliente_138,Entrega,Baja,Ana L.,47,1,Abierto,2024-01-04
6098,Cliente_338,Técnico,Media,Fernanda P.,71,4,Resuelto,2025-03-31
6099,Cliente_38,Técnico,Media,Carlos M.,43,3,Resuelto,2024-01-18
6100,Cliente_127,Entrega,Crítica,Fernanda P.,37,5,Abierto,2024-12-07
6101,Cliente_275,Entrega,Crítica,Fernanda P.,64,3,Resuelto,2024-01-10
6102,Cliente_164,Técnico,Alta,Carlos M.,71,5,Resuelto,2025-01-08
6103,Cliente_443,Cuenta,Baja,Ana L.,60,4,Abierto,2024-12-31
6104,Cliente_319,Técnico,Crítica,Fernanda P.,25,2,Resuelto,2024-12-16
6105,Cliente_77,Cuenta,Media,Fernanda P.,22,2,Abierto,2024-04-08
6106,Cliente_174,Cuenta,Alta,Carlos M.,43,1,Resuelto,2025-02-22
6107,Cliente_387,Técnico,Media,Ana L.,71,3,Resuelto,2024-02-03
6108,Cliente_458,Facturación,Media,Carlos M.,70,3,En espera,2024-12-14
6109,Cliente_358,Entrega,Media,Fernanda P.,36,3,Resuelto,2025-03-27
6110,Cliente_321,Producto,Baja,Ana L.,46,2,Resuelto,2025-07-30
6111,Cliente_376,Técnico,Media,Fernanda P.,22,1,Resuelto,2024-06-24
6112,Cliente_91,Cuenta,Alta,Carlos M.,35,2,Resuelto,2024-02-16
6113,Cliente_238,Técnico,Baja,Fernanda P.,47,5,Resuelto,2024-08-05
6114,Cliente_264,Entrega,Baja,Carlos M.,33,3,Resuelto,2024-08-08
6115,Cliente_179,Cuenta,Baja,Carlos M.,13,5,Resuelto,2024-01-11
6116,Cliente_494,Producto,Media,Ana L.,56,4,Resuelto,2024-07-08
6117,Cliente_490,Producto,Crítica,Carlos M.,67,5,Escalado,2024-03-26
6118,Cliente_209,Producto,Baja,Ana L.,13,5,Resuelto,2025-06-28
6119,Cliente_73,Facturación,Baja,Ana L.,50,5,Abierto,2024-11-25
6120,Cliente_390,Cuenta,Crítica,Ana L.,57,2,Resuelto,2025-02-22
6121,Cliente_107,Cuenta,Alta,Ana L.,28,5,En espera,2024-06-29
6122,Cliente_345,Facturación,Baja,Ana L.,65,3,Resuelto,2024-10-10
6123,Cliente_295,Cuenta,Alta,Carlos M.,24,1,Resuelto,2025-06-18
6124,Cliente_369,Facturación,Media,Carlos M.,67,4,Resuelto,2024-02-18
6125,Cliente_444,Técnico,Alta,Ana L.,7,3,Resuelto,2024-01-02
6126,Cliente_284,Entrega,Media,Carlos M.,24,1,Resuelto,2025-08-11
6127,Cliente_353,Producto,Crítica,Ana L.,9,3,Resuelto,2024-06-02
6128,Cliente_182,Facturación,Baja,Carlos M.,15,5,Resuelto,2024-05-24
6129,Cliente_37,Facturación,Baja,Ana L.,56,4,Abierto,2024-10-25
6130,Cliente_137,Facturación,Media,Fernanda P.,17,3,Escalado,2024-11-10
6131,Cliente_338,Técnico,Media,Fernanda P.,19,4,Resuelto,2025-08-08
6132,Cliente_56,Facturación,Crítica,Ana L.,9,2,Resuelto,2025-06-21
6133,Cliente_187,Entrega,Media,Carlos M.,64,2,Resuelto,2024-12-09
6134,Cliente_341,Entrega,Baja,Ana L.,57,5,Resuelto,2024-01-29
6135,Cliente_258,Producto,Media,Carlos M.,38,5,Resuelto,2024-04-24
6136,Cliente_445,Técnico,Media,Ana L.,8,2,Abierto,2024-09-22
6137,Cliente_58,Entrega,Crítica,Ana L.,6,3,Resuelto,2025-04-26
6138,Cliente_363,Cuenta,Media,Carlos M.,49,1,Abierto,2024-04-19
6139,Cliente_123,Cuenta,Media,Carlos M.,45,1,Resuelto,2025-02-08
6140,Cliente_188,Cuenta,Alta,Ana L.,21,2,Abierto,2024-05-13
6141,Cliente_230,Facturación,Alta,Fernanda P.,34,1,Resuelto,2024-09-08
6142,Cliente_168,Facturación,Media,Fernanda P.,12,3,Resuelto,2025-05-27
6143,Cliente_420,Cuenta,Baja,Fernanda P.,39,1,Abierto,2025-05-19
6144,Cliente_114,Producto,Alta,Fernanda P.,6,1,Resuelto,2024-10-10
6145,Cliente_252,Producto,Alta,Fernanda P.,32,2,Resuelto,2024-05-03
6146,Cliente_107,Facturación,Alta,Carlos M.,60,4,Resuelto,2024-07-15
6147,Cliente_37,Cuenta,Crítica,Fernanda P.,8,4,Resuelto,2025-02-05
6148,Cliente_335,Producto,Alta,Carlos M.,38,3,Resuelto,2025-06-15
6149,Cliente_92,Facturación,Alta,Fernanda P.,19,4,Resuelto,2024-11-27
6150,Cliente_18,Cuenta,Crítica,Carlos M.,55,5,Resuelto,2025-04-13
6151,Cliente_354,Técnico,Baja,Fernanda P.,9,2,Resuelto,2024-11-09
6152,Cliente_63,Cuenta,Media,Fernanda P.,52,4,Escalado,2024-03-06
6153,Cliente_150,Cuenta,Media,Carlos M.,28,1,Abierto,2024-09-01
6154,Cliente_139,Entrega,Media,Carlos M.,62,4,Resuelto,2024-12-24
6155,Cliente_186,Entrega,Alta,Ana L.,48,2,Abierto,2024-11-16
6156,Cliente_185,Técnico,Alta,Fernanda P.,39,1,Resuelto,2024-05-05
6157,Cliente_205,Técnico,Alta,Fernanda P.,53,1,Resuelto,2024-12-26
6158,Cliente_260,Cuenta,Crítica,Carlos M.,63,2,Resuelto,2024-10-09
6159,Cliente_214,Producto,Baja,Carlos M.,19,3,Escalado,2024-01-30
6160,Cliente_256,Técnico,Alta,Fernanda P.,33,3,Abierto,2025-08-20
6161,Cliente_135,Cuenta,Media,Fernanda P.,64,2,Abierto,2024-11-27
6162,Cliente_61,Facturación,Media,Carlos M.,26,2,Resuelto,2025-01-19
6163,Cliente_363,Entrega,Baja,Carlos M.,45,2,Resuelto,2024-08-12
6164,Cliente_310,Producto,Alta,Fernanda P.,1,1,Resuelto,2024-10-23
6165,Cliente_88,Cuenta,Media,Carlos M.,66,1,Abierto,2024-08-27
6166,Cliente_324,Facturación,Alta,Carlos M.,35,2,Abierto,2025-01-03
6167,Cliente_476,Entrega,Media,Fernanda P.,45,1,Resuelto,2024-03-11
6168,Cliente_207,Facturación,Baja,Ana L.,33,5,Resuelto,2024-10-08
6169,Cliente_129,Cuenta,Media,Carlos M.,69,2,Resuelto,2024-10-31
6170,Cliente_311,Técnico,Media,Ana L.,31,1,Resuelto,2024-09-15
6171,Cliente_3,Entrega,Crítica,Carlos M.,64,3,Resuelto,2024-06-15
6172,Cliente_462,Facturación,Baja,Ana L.,15,2,En espera,2025-08-12
6173,Cliente_422,Técnico,Crítica,Carlos M.,46,2,Escalado,2024-09-26
6174,Cliente_242,Producto,Crítica,Ana L.,48,2,Abierto,2025-06-15
6175,Cliente_121,Cuenta,Crítica,Ana L.,68,4,Resuelto,2025-03-17
6176,Cliente_385,Cuenta,Media,Carlos M.,40,2,Resuelto,2025-03-03
6177,Cliente_102,Entrega,Crítica,Ana L.,1,3,Resuelto,2024-05-16
6178,Cliente_38,Facturación,Media,Fernanda P.,20,1,Resuelto,2025-05-20
6179,Cliente_341,Producto,Baja,Fernanda P.,22,2,Abierto,2025-03-21
6180,Cliente_496,Entrega,Baja,Fernanda P.,54,5,En espera,2024-09-18
6181,Cliente_413,Entrega,Crítica,Ana L.,65,1,En espera,2025-03-25
6182,Cliente_133,Facturación,Baja,Carlos M.,15,3,Resuelto,2024-04-14
6183,Cliente_497,Producto,Media,Ana L.,61,4,Resuelto,2024-10-25
6184,Cliente_202,Facturación,Baja,Carlos M.,14,3,Escalado,2024-04-06
6185,Cliente_348,Cuenta,Baja,Ana L.,69,4,En espera,2024-01-05
6186,Cliente_21,Técnico,Baja,Carlos M.,49,1,Resuelto,2024-05-20
6187,Cliente_242,Cuenta,Alta,Ana L.,6,4,Resuelto,2025-01-10
6188,Cliente_455,Cuenta,Media,Ana L.,41,1,Resuelto,2025-05-26
6189,Cliente_451,Entrega,Crítica,Fernanda P.,31,3,Resuelto,2024-07-02
6190,Cliente_109,Cuenta,Media,Ana L.,64,3,Resuelto,2024-07-19
6191,Cliente_303,Producto,Crítica,Fernanda P.,51,4,Resuelto,2024-12-11
6192,Cliente_84,Cuenta,Media,Carlos M.,59,5,Resuelto,2024-01-30
6193,Cliente_83,Producto,Media,Carlos M.,55,3,Resuelto,2024-05-03
6194,Cliente_291,Facturación,Media,Fernanda P.,49,4,Escalado,2025-04-14
6195,Cliente_452,Entrega,Media,Ana L.,40,2,Resuelto,2025-05-02
6196,Cliente_69,Producto,Alta,Carlos M.,15,1,Resuelto,2024-11-19
6197,Cliente_129,Cuenta,Media,Ana L.,70,2,Resuelto,2024-10-10
6198,Cliente_196,Entrega,Alta,Ana L.,65,2,Resuelto,2024-10-19
6199,Cliente_140,Entrega,Alta,Ana L.,7,2,Resuelto,2024-03-13
6200,Cliente_444,Producto,Baja,Carlos M.,62,4,Resuelto,2024-09-07
6201,Cliente_283,Producto,Media,Carlos M.,54,3,Resuelto,2024-05-06
6202,Cliente_312,Técnico,Baja,Ana L.,52,2,Resuelto,2024-08-09
6203,Cliente_234,Técnico,Media,Fernanda P.,51,4,Resuelto,2024-11-26
6204,Cliente_23,Entrega,Media,Fernanda P.,4,3,Resuelto,2024-06-01
6205,Cliente_153,Técnico,Crítica,Fernanda P.,1,1,Escalado,2024-11-26
6206,Cliente_277,Cuenta,Baja,Ana L.,66,3,Resuelto,2024-10-23
6207,Cliente_61,Facturación,Baja,Fernanda P.,35,3,Resuelto,2025-08-03
6208,Cliente_319,Entrega,Baja,Carlos M.,10,2,Escalado,2025-04-15
6209,Cliente_378,Facturación,Media,Fernanda P.,67,4,Resuelto,2024-02-26
6210,Cliente_52,Técnico,Alta,Fernanda P.,68,5,Resuelto,2025-05-15
6211,Cliente_344,Producto,Alta,Ana L.,65,1,Resuelto,2024-01-03
6212,Cliente_153,Entrega,Alta,Carlos M.,51,4,Abierto,2025-07-24
6213,Cliente_237,Técnico,Alta,Carlos M.,30,2,Resuelto,2025-08-13
6214,Cliente_311,Cuenta,Media,Fernanda P.,39,4,Resuelto,2025-04-22
6215,Cliente_302,Entrega,Baja,Ana L.,10,5,Resuelto,2024-06-17
6216,Cliente_32,Entrega,Baja,Ana L.,44,1,Resuelto,2024-03-14
6217,Cliente_55,Producto,Alta,Fernanda P.,32,3,Resuelto,2025-07-24
6218,Cliente_352,Entrega,Alta,Carlos M.,44,1,En espera,2024-06-10
6219,Cliente_389,Producto,Media,Carlos M.,63,5,Resuelto,2025-06-25
6220,Cliente_36,Técnico,Media,Carlos M.,61,1,Resuelto,2024-03-29
6221,Cliente_110,Cuenta,Media,Ana L.,65,1,Abierto,2024-11-13
6222,Cliente_490,Cuenta,Crítica,Fernanda P.,41,2,Resuelto,2024-03-10
6223,Cliente_177,Entrega,Baja,Ana L.,12,3,Resuelto,2025-05-14
6224,Cliente_362,Entrega,Alta,Carlos M.,2,5,Resuelto,2024-04-05
6225,Cliente_314,Técnico,Media,Ana L.,60,2,Resuelto,2025-01-09
6226,Cliente_295,Producto,Baja,Carlos M.,25,1,Abierto,2024-12-18
6227,Cliente_336,Cuenta,Alta,Fernanda P.,61,1,Resuelto,2025-06-17
6228,Cliente_97,Producto,Media,Carlos M.,22,4,Resuelto,2025-08-16
6229,Cliente_369,Técnico,Alta,Fernanda P.,56,2,Resuelto,2024-08-07
6230,Cliente_213,Cuenta,Alta,Ana L.,21,5,Resuelto,2025-01-31
6231,Cliente_317,Cuenta,Media,Ana L.,55,5,Resuelto,2025-04-10
6232,Cliente_137,Facturación,Alta,Ana L.,40,5,Resuelto,2024-03-14
6233,Cliente_6,Técnico,Media,Carlos M.,51,5,Resuelto,2025-05-13
6234,Cliente_499,Técnico,Baja,Fernanda P.,22,1,Resuelto,2024-03-06
6235,Cliente_109,Facturación,Alta,Ana L.,28,1,Resuelto,2024-09-26
6236,Cliente_35,Producto,Media,Ana L.,4,2,Resuelto,2025-02-19
6237,Cliente_39,Facturación,Baja,Fernanda P.,26,3,Resuelto,2025-05-21
6238,Cliente_150,Técnico,Crítica,Carlos M.,60,5,Resuelto,2024-05-26
6239,Cliente_425,Producto,Media,Ana L.,23,1,Resuelto,2024-04-05
6240,Cliente_118,Cuenta,Alta,Carlos M.,41,2,Resuelto,2024-11-25
6241,Cliente_261,Facturación,Alta,Carlos M.,58,5,Resuelto,2024-07-24
6242,Cliente_426,Producto,Media,Carlos M.,8,3,Abierto,2024-08-21
6243,Cliente_87,Producto,Media,Ana L.,51,5,Resuelto,2025-02-06
6244,Cliente_465,Producto,Media,Ana L.,61,4,Resuelto,2024-11-26
6245,Cliente_76,Facturación,Media,Fernanda P.,1,5,Resuelto,2025-04-27
6246,Cliente_471,Cuenta,Alta,Fernanda P.,30,4,Resuelto,2024-06-15
6247,Cliente_464,Producto,Alta,Carlos M.,17,3,Resuelto,2025-05-14
6248,Cliente_451,Facturación,Baja,Ana L.,23,4,Abierto,2024-04-03
6249,Cliente_414,Técnico,Media,Carlos M.,24,3,Resuelto,2024-06-28
6250,Cliente_313,Facturación,Crítica,Fernanda P.,69,2,Abierto,2024-12-15
6251,Cliente_383,Facturación,Media,Carlos M.,52,4,Escalado,2024-08-26
6252,Cliente_214,Facturación,Alta,Carlos M.,71,5,Escalado,2024-07-21
6253,Cliente_457,Producto,Alta,Ana L.,58,5,Resuelto,2024-08-01
6254,Cliente_285,Facturación,Media,Carlos M.,22,2,En espera,2024-09-22
6255,Cliente_239,Técnico,Media,Carlos M.,59,1,Resuelto,2024-04-16
6256,Cliente_165,Producto,Alta,Ana L.,44,3,Resuelto,2025-01-08
6257,Cliente_87,Técnico,Media,Ana L.,37,1,Resuelto,2024-09-27
6258,Cliente_141,Entrega,Media,Fernanda P.,34,1,Escalado,2024-11-11
6259,Cliente_160,Facturación,Alta,Ana L.,57,2,Abierto,2024-02-04
6260,Cliente_46,Producto,Alta,Carlos M.,57,2,Resuelto,2025-06-30
6261,Cliente_372,Producto,Baja,Fernanda P.,40,4,Resuelto,2024-01-01
6262,Cliente_495,Facturación,Baja,Fernanda P.,20,4,Resuelto,2025-07-12
6263,Cliente_112,Cuenta,Baja,Fernanda P.,17,4,Resuelto,2024-04-18
6264,Cliente_407,Cuenta,Media,Fernanda P.,52,4,Resuelto,2024-04-20
6265,Cliente_45,Técnico,Media,Carlos M.,4,4,Resuelto,2024-09-01
6266,Cliente_401,Facturación,Media,Carlos M.,63,5,Resuelto,2024-09-30
6267,Cliente_247,Facturación,Baja,Carlos M.,50,2,Abierto,2024-01-26
6268,Cliente_104,Entrega,Media,Carlos M.,50,3,Resuelto,2024-11-11
6269,Cliente_85,Cuenta,Media,Fernanda P.,16,3,Resuelto,2024-11-14
6270,Cliente_450,Cuenta,Media,Carlos M.,72,3,Resuelto,2025-07-06
6271,Cliente_485,Facturación,Media,Fernanda P.,61,3,Abierto,2024-02-12
6272,Cliente_134,Técnico,Baja,Ana L.,44,3,Escalado,2024-10-20
6273,Cliente_108,Facturación,Crítica,Carlos M.,18,5,En espera,2024-09-06
6274,Cliente_18,Técnico,Baja,Ana L.,50,2,Resuelto,2024-11-07
6275,Cliente_94,Cuenta,Media,Ana L.,30,4,Resuelto,2025-02-28
6276,Cliente_150,Entrega,Crítica,Carlos M.,49,4,Resuelto,2024-07-06
6277,Cliente_246,Producto,Media,Fernanda P.,21,4,Resuelto,2024-12-20
6278,Cliente_289,Cuenta,Alta,Ana L.,22,2,Resuelto,2025-08-21
6279,Cliente_414,Técnico,Baja,Carlos M.,47,2,Resuelto,2024-11-07
6280,Cliente_209,Facturación,Media,Ana L.,25,5,Escalado,2025-03-21
6281,Cliente_126,Cuenta,Media,Ana L.,56,5,Abierto,2025-07-27
6282,Cliente_235,Entrega,Baja,Carlos M.,64,4,Resuelto,2024-06-04
6283,Cliente_416,Técnico,Media,Ana L.,28,2,Resuelto,2024-02-06
6284,Cliente_426,Facturación,Media,Fernanda P.,33,4,Resuelto,2025-06-30
6285,Cliente_499,Producto,Media,Fernanda P.,66,5,Resuelto,2025-03-13
6286,Cliente_462,Técnico,Crítica,Ana L.,4,4,En espera,2024-11-22
6287,Cliente_122,Facturación,Baja,Ana L.,12,5,Resuelto,2024-12-19
6288,Cliente_138,Producto,Media,Carlos M.,17,1,Resuelto,2024-09-18
6289,Cliente_495,Facturación,Media,Fernanda P.,36,3,Resuelto,2024-01-19
6290,Cliente_115,Producto,Media,Ana L.,16,1,Resuelto,2024-12-27
6291,Cliente_420,Producto,Alta,Fernanda P.,23,4,Resuelto,2024-01-08
6292,Cliente_162,Producto,Media,Ana L.,72,4,Resuelto,2025-03-07
6293,Cliente_201,Facturación,Baja,Carlos M.,9,2,Resuelto,2025-04-22
6294,Cliente_234,Producto,Alta,Carlos M.,55,3,Resuelto,2025-03-25
6295,Cliente_28,Técnico,Alta,Fernanda P.,64,5,Resuelto,2025-01-07
6296,Cliente_11,Entrega,Media,Fernanda P.,47,4,Resuelto,2025-06-19
6297,Cliente_206,Entrega,Media,Ana L.,67,5,Escalado,2024-04-28
6298,Cliente_167,Producto,Baja,Ana L.,10,5,Resuelto,2025-04-01
6299,Cliente_247,Entrega,Baja,Ana L.,4,5,Resuelto,2024-01-09
6300,Cliente_47,Entrega,Baja,Fernanda P.,30,1,Resuelto,2025-03-22
6301,Cliente_246,Producto,Media,Carlos M.,11,5,Resuelto,2024-06-16
6302,Cliente_127,Producto,Crítica,Carlos M.,51,2,Resuelto,2025-07-25
6303,Cliente_147,Técnico,Media,Fernanda P.,19,1,Resuelto,2024-12-28
6304,Cliente_118,Cuenta,Baja,Carlos M.,13,1,En espera,2025-07-16
6305,Cliente_399,Facturación,Baja,Fernanda P.,57,4,En espera,2025-07-05
6306,Cliente_382,Producto,Media,Ana L.,3,3,Resuelto,2024-09-23
6307,Cliente_412,Producto,Media,Fernanda P.,38,3,Resuelto,2024-11-24
6308,Cliente_152,Entrega,Media,Carlos M.,27,4,Resuelto,2024-01-16
6309,Cliente_72,Técnico,Media,Fernanda P.,10,3,Resuelto,2024-10-07
6310,Cliente_363,Entrega,Media,Fernanda P.,53,5,Abierto,2025-02-19
6311,Cliente_137,Producto,Baja,Fernanda P.,27,2,Resuelto,2025-04-22
6312,Cliente_175,Producto,Baja,Fernanda P.,7,5,Resuelto,2025-03-16
6313,Cliente_289,Entrega,Baja,Carlos M.,13,3,Resuelto,2025-08-18
6314,Cliente_446,Producto,Baja,Ana L.,72,3,Escalado,2024-10-23
6315,Cliente_481,Cuenta,Baja,Carlos M.,60,2,Resuelto,2025-01-14
6316,Cliente_19,Facturación,Media,Carlos M.,14,1,Abierto,2024-03-05
6317,Cliente_195,Facturación,Alta,Ana L.,44,1,Resuelto,2024-06-08
6318,Cliente_330,Facturación,Alta,Carlos M.,70,2,Resuelto,2024-06-24
6319,Cliente_424,Cuenta,Media,Ana L.,28,1,Resuelto,2025-07-19
6320,Cliente_175,Producto,Alta,Ana L.,23,3,Abierto,2024-05-04
6321,Cliente_490,Entrega,Baja,Fernanda P.,12,1,Abierto,2024-03-15
6322,Cliente_449,Técnico,Alta,Carlos M.,24,3,Resuelto,2025-07-06
6323,Cliente_413,Producto,Media,Ana L.,51,4,Resuelto,2025-05-19
6324,Cliente_434,Cuenta,Media,Carlos M.,22,5,Resuelto,2024-12-04
6325,Cliente_354,Cuenta,Media,Carlos M.,62,1,Resuelto,2025-07-26
6326,Cliente_499,Facturación,Baja,Ana L.,26,4,Resuelto,2024-05-14
6327,Cliente_141,Producto,Crítica,Fernanda P.,58,1,Resuelto,2025-04-21
6328,Cliente_246,Facturación,Baja,Ana L.,71,4,Abierto,2024-02-22
6329,Cliente_385,Técnico,Media,Fernanda P.,15,2,Resuelto,2024-08-15
6330,Cliente_418,Facturación,Media,Ana L.,68,4,Resuelto,2024-04-09
6331,Cliente_93,Técnico,Baja,Ana L.,6,3,Resuelto,2025-04-21
6332,Cliente_432,Cuenta,Baja,Fernanda P.,2,2,Resuelto,2024-12-14
6333,Cliente_239,Facturación,Baja,Fernanda P.,31,2,Resuelto,2024-02-04
6334,Cliente_205,Facturación,Baja,Carlos M.,24,3,Abierto,2024-09-15
6335,Cliente_48,Entrega,Alta,Ana L.,35,1,En espera,2024-12-31
6336,Cliente_433,Cuenta,Media,Carlos M.,47,2,Abierto,2025-04-25
6337,Cliente_245,Entrega,Baja,Carlos M.,31,1,Resuelto,2024-11-15
6338,Cliente_320,Técnico,Media,Fernanda P.,72,5,Resuelto,2024-05-18
6339,Cliente_317,Técnico,Crítica,Fernanda P.,2,4,Resuelto,2024-05-09
6340,Cliente_413,Cuenta,Baja,Carlos M.,59,4,Resuelto,2025-01-17
6341,Cliente_295,Técnico,Baja,Fernanda P.,63,3,Resuelto,2024-04-08
6342,Cliente_128,Cuenta,Crítica,Ana L.,17,3,Resuelto,2025-02-17
6343,Cliente_344,Técnico,Baja,Fernanda P.,54,4,Resuelto,2024-01-21
6344,Cliente_282,Producto,Media,Fernanda P.,21,5,Resuelto,2025-03-16
6345,Cliente_17,Facturación,Baja,Ana L.,22,3,Resuelto,2024-12-20
6346,Cliente_71,Producto,Crítica,Fernanda P.,55,5,Resuelto,2024-11-03
6347,Cliente_269,Cuenta,Crítica,Carlos M.,29,3,Resuelto,2024-07-16
6348,Cliente_325,Cuenta,Alta,Carlos M.,21,2,Abierto,2025-04-02
6349,Cliente_282,Producto,Media,Carlos M.,2,1,Resuelto,2025-06-04
6350,Cliente_305,Facturación,Media,Fernanda P.,42,4,Resuelto,2025-04-25
6351,Cliente_451,Facturación,Baja,Fernanda P.,52,1,Abierto,2024-02-01
6352,Cliente_7,Entrega,Alta,Fernanda P.,38,4,Resuelto,2024-12-23
6353,Cliente_314,Técnico,Crítica,Carlos M.,3,3,En espera,2024-04-21
6354,Cliente_305,Entrega,Media,Fernanda P.,25,1,Resuelto,2024-09-15
6355,Cliente_103,Facturación,Media,Ana L.,62,5,Resuelto,2024-10-03
6356,Cliente_309,Producto,Baja,Fernanda P.,15,3,Resuelto,2024-11-23
6357,Cliente_193,Técnico,Media,Carlos M.,70,2,Resuelto,2024-04-25
6358,Cliente_241,Producto,Media,Ana L.,10,1,En espera,2024-08-25
6359,Cliente_62,Entrega,Media,Ana L.,69,1,Resuelto,2025-06-16
6360,Cliente_17,Cuenta,Media,Carlos M.,44,2,Resuelto,2024-10-24
6361,Cliente_171,Producto,Baja,Ana L.,41,4,Resuelto,2025-07-05
6362,Cliente_25,Entrega,Alta,Ana L.,20,3,Escalado,2024-02-27
6363,Cliente_251,Entrega,Alta,Ana L.,37,2,Resuelto,2024-04-24
6364,Cliente_253,Entrega,Crítica,Ana L.,39,5,Resuelto,2025-01-22
6365,Cliente_387,Cuenta,Alta,Ana L.,70,3,Resuelto,2025-07-07
6366,Cliente_207,Cuenta,Media,Fernanda P.,8,2,Resuelto,2024-11-08
6367,Cliente_29,Cuenta,Baja,Carlos M.,43,2,Resuelto,2025-07-01
6368,Cliente_117,Técnico,Crítica,Carlos M.,10,1,Escalado,2024-09-09
6369,Cliente_491,Cuenta,Media,Fernanda P.,41,1,Resuelto,2024-02-21
6370,Cliente_416,Cuenta,Media,Fernanda P.,4,1,Resuelto,2025-03-27
6371,Cliente_282,Cuenta,Media,Carlos M.,4,3,Resuelto,2025-06-05
6372,Cliente_380,Producto,Alta,Carlos M.,24,4,Resuelto,2024-05-31
6373,Cliente_144,Cuenta,Baja,Fernanda P.,21,3,Resuelto,2024-12-31
6374,Cliente_25,Técnico,Baja,Fernanda P.,10,1,Resuelto,2025-05-23
6375,Cliente_310,Entrega,Media,Ana L.,46,1,Resuelto,2024-02-21
6376,Cliente_156,Producto,Alta,Fernanda P.,70,3,Resuelto,2024-09-26
6377,Cliente_73,Facturación,Media,Fernanda P.,44,2,Resuelto,2025-08-07
6378,Cliente_120,Cuenta,Media,Ana L.,33,2,Escalado,2024-09-06
6379,Cliente_312,Entrega,Media,Ana L.,36,1,Resuelto,2025-08-18
6380,Cliente_321,Entrega,Alta,Carlos M.,25,1,Resuelto,2025-04-04
6381,Cliente_93,Producto,Alta,Carlos M.,13,4,Escalado,2025-05-13
6382,Cliente_86,Facturación,Media,Fernanda P.,39,2,Resuelto,2024-04-21
6383,Cliente_336,Técnico,Baja,Ana L.,38,4,Resuelto,2024-04-12
6384,Cliente_425,Entrega,Crítica,Ana L.,30,1,Resuelto,2024-01-12
6385,Cliente_499,Entrega,Media,Carlos M.,14,1,Abierto,2025-04-14
6386,Cliente_364,Entrega,Alta,Carlos M.,50,4,Resuelto,2024-08-19
6387,Cliente_435,Entrega,Baja,Fernanda P.,68,4,Resuelto,2025-05-18
6388,Cliente_118,Producto,Media,Ana L.,1,1,Resuelto,2025-03-30
6389,Cliente_233,Facturación,Alta,Carlos M.,61,5,Resuelto,2025-07-16
6390,Cliente_199,Entrega,Baja,Fernanda P.,3,1,En espera,2024-02-06
6391,Cliente_206,Técnico,Media,Fernanda P.,50,2,Resuelto,2024-05-29
6392,Cliente_413,Técnico,Media,Fernanda P.,61,1,Resuelto,2024-05-16
6393,Cliente_339,Cuenta,Alta,Carlos M.,36,3,Resuelto,2025-04-08
6394,Cliente_147,Entrega,Baja,Carlos M.,4,1,Escalado,2024-04-25
6395,Cliente_450,Entrega,Baja,Carlos M.,43,5,Resuelto,2025-07-28
6396,Cliente_425,Entrega,Crítica,Carlos M.,14,2,Resuelto,2024-12-06
6397,Cliente_429,Entrega,Media,Carlos M.,67,1,Escalado,2024-11-24
6398,Cliente_271,Entrega,Baja,Ana L.,7,4,Resuelto,2025-01-30
6399,Cliente_387,Técnico,Baja,Ana L.,8,2,Escalado,2024-04-25
6400,Cliente_139,Facturación,Crítica,Ana L.,44,2,Resuelto,2024-11-24
6401,Cliente_181,Facturación,Baja,Ana L.,64,5,Escalado,2025-04-19
6402,Cliente_430,Cuenta,Media,Fernanda P.,7,4,Resuelto,2024-02-04
6403,Cliente_30,Técnico,Media,Fernanda P.,48,3,Abierto,2024-12-28
6404,Cliente_57,Entrega,Alta,Ana L.,62,1,Abierto,2024-06-14
6405,Cliente_232,Facturación,Alta,Carlos M.,25,3,Resuelto,2025-01-21
6406,Cliente_146,Producto,Media,Ana L.,68,4,Abierto,2025-07-16
6407,Cliente_435,Producto,Baja,Ana L.,64,2,Resuelto,2024-08-15
6408,Cliente_384,Producto,Alta,Fernanda P.,18,5,Resuelto,2025-08-11
6409,Cliente_48,Entrega,Media,Carlos M.,4,5,Resuelto,2025-03-08
6410,Cliente_194,Entrega,Crítica,Fernanda P.,17,2,Resuelto,2024-08-13
6411,Cliente_224,Cuenta,Media,Carlos M.,47,5,Resuelto,2024-01-16
6412,Cliente_136,Cuenta,Media,Fernanda P.,45,3,Resuelto,2024-06-16
6413,Cliente_22,Cuenta,Baja,Ana L.,58,2,Resuelto,2024-01-08
6414,Cliente_6,Producto,Alta,Carlos M.,3,1,Resuelto,2025-03-13
6415,Cliente_204,Entrega,Media,Fernanda P.,12,1,Abierto,2025-03-10
6416,Cliente_239,Producto,Media,Ana L.,17,4,En espera,2025-01-20
6417,Cliente_185,Cuenta,Baja,Fernanda P.,22,2,Resuelto,2024-06-14
6418,Cliente_360,Entrega,Baja,Fernanda P.,39,3,Escalado,2024-11-07
6419,Cliente_292,Técnico,Baja,Fernanda P.,39,2,Escalado,2025-06-15
6420,Cliente_335,Facturación,Media,Ana L.,16,2,Resuelto,2024-02-21
6421,Cliente_220,Facturación,Alta,Carlos M.,51,3,Resuelto,2024-11-16
6422,Cliente_116,Cuenta,Media,Fernanda P.,29,5,Resuelto,2025-07-31
6423,Cliente_313,Producto,Alta,Ana L.,71,3,Resuelto,2024-10-01
6424,Cliente_49,Técnico,Baja,Fernanda P.,41,2,Resuelto,2025-03-28
6425,Cliente_173,Entrega,Media,Carlos M.,57,2,Resuelto,2024-10-02
6426,Cliente_82,Producto,Media,Fernanda P.,28,2,Resuelto,2024-11-03
6427,Cliente_322,Cuenta,Crítica,Ana L.,21,2,Resuelto,2024-03-31
6428,Cliente_333,Producto,Alta,Fernanda P.,4,4,Resuelto,2025-03-16
6429,Cliente_45,Cuenta,Media,Fernanda P.,15,5,Abierto,2025-02-21
6430,Cliente_335,Facturación,Alta,Carlos M.,53,2,Resuelto,2025-08-14
6431,Cliente_20,Facturación,Baja,Carlos M.,46,4,En espera,2025-02-22
6432,Cliente_448,Producto,Media,Carlos M.,7,2,Resuelto,2025-02-02
6433,Cliente_221,Técnico,Baja,Fernanda P.,18,5,Resuelto,2024-09-15
6434,Cliente_123,Entrega,Media,Ana L.,21,5,En espera,2024-01-04
6435,Cliente_234,Cuenta,Baja,Fernanda P.,8,3,Resuelto,2024-07-31
6436,Cliente_221,Entrega,Alta,Fernanda P.,59,4,Resuelto,2025-02-09
6437,Cliente_323,Facturación,Media,Fernanda P.,20,5,Escalado,2024-03-09
6438,Cliente_339,Técnico,Alta,Fernanda P.,67,1,Resuelto,2024-08-18
6439,Cliente_3,Técnico,Media,Carlos M.,55,2,Resuelto,2025-07-25
6440,Cliente_182,Entrega,Baja,Carlos M.,62,5,Resuelto,2024-10-09
6441,Cliente_206,Facturación,Alta,Carlos M.,18,4,En espera,2024-11-01
6442,Cliente_320,Entrega,Alta,Carlos M.,56,4,Resuelto,2024-09-24
6443,Cliente_40,Producto,Crítica,Ana L.,22,4,Resuelto,2024-05-17
6444,Cliente_59,Técnico,Media,Fernanda P.,8,3,En espera,2024-02-18
6445,Cliente_439,Técnico,Alta,Fernanda P.,11,2,Resuelto,2024-02-04
6446,Cliente_62,Producto,Alta,Fernanda P.,12,1,Escalado,2024-06-30
6447,Cliente_132,Facturación,Baja,Ana L.,48,4,Resuelto,2024-04-29
6448,Cliente_60,Técnico,Baja,Ana L.,63,2,Resuelto,2024-09-24
6449,Cliente_372,Cuenta,Baja,Carlos M.,27,4,Resuelto,2025-04-20
6450,Cliente_331,Cuenta,Media,Fernanda P.,35,4,Resuelto,2024-10-04
6451,Cliente_122,Facturación,Media,Fernanda P.,2,1,Resuelto,2024-08-24
6452,Cliente_479,Producto,Crítica,Ana L.,8,2,Resuelto,2024-08-31
6453,Cliente_107,Entrega,Media,Fernanda P.,20,4,Resuelto,2025-06-04
6454,Cliente_96,Facturación,Alta,Ana L.,8,3,Resuelto,2024-09-10
6455,Cliente_347,Entrega,Media,Carlos M.,63,4,Escalado,2024-08-31
6456,Cliente_414,Facturación,Baja,Ana L.,68,2,Resuelto,2024-02-05
6457,Cliente_235,Cuenta,Baja,Fernanda P.,31,5,Resuelto,2024-06-09
6458,Cliente_386,Producto,Media,Ana L.,32,4,Resuelto,2025-07-29
6459,Cliente_62,Cuenta,Alta,Ana L.,13,3,Resuelto,2024-05-20
6460,Cliente_256,Producto,Crítica,Carlos M.,26,3,Abierto,2025-03-29
6461,Cliente_49,Entrega,Media,Fernanda P.,29,4,Abierto,2024-05-12
6462,Cliente_393,Facturación,Alta,Fernanda P.,18,2,Escalado,2024-09-30
6463,Cliente_348,Técnico,Media,Carlos M.,69,4,Abierto,2024-01-18
6464,Cliente_159,Técnico,Media,Ana L.,12,3,En espera,2024-10-02
6465,Cliente_124,Producto,Media,Ana L.,2,4,Resuelto,2024-12-25
6466,Cliente_482,Producto,Baja,Fernanda P.,42,3,Resuelto,2024-01-22
6467,Cliente_317,Cuenta,Baja,Ana L.,7,5,Resuelto,2024-08-04
6468,Cliente_207,Técnico,Baja,Carlos M.,47,4,Resuelto,2025-04-10
6469,Cliente_48,Cuenta,Media,Fernanda P.,54,1,Resuelto,2025-05-07
6470,Cliente_409,Entrega,Alta,Ana L.,15,4,Resuelto,2025-05-08
6471,Cliente_420,Técnico,Baja,Carlos M.,58,3,Resuelto,2024-07-19
6472,Cliente_136,Entrega,Media,Carlos M.,33,2,Resuelto,2024-09-21
6473,Cliente_201,Facturación,Baja,Fernanda P.,67,3,Resuelto,2024-10-15
6474,Cliente_250,Cuenta,Alta,Fernanda P.,63,5,Resuelto,2024-09-19
6475,Cliente_314,Producto,Alta,Ana L.,48,2,Escalado,2025-02-20
6476,Cliente_357,Técnico,Alta,Ana L.,66,1,Resuelto,2024-03-06
6477,Cliente_368,Cuenta,Media,Ana L.,65,1,Resuelto,2025-05-25
6478,Cliente_429,Producto,Baja,Carlos M.,36,5,Resuelto,2025-03-31
6479,Cliente_318,Facturación,Alta,Carlos M.,17,5,En espera,2024-04-02
6480,Cliente_295,Técnico,Baja,Ana L.,2,5,Escalado,2024-06-28
6481,Cliente_480,Entrega,Baja,Fernanda P.,33,5,En espera,2024-02-04
6482,Cliente_314,Facturación,Baja,Carlos M.,6,4,Resuelto,2024-10-22
6483,Cliente_500,Producto,Media,Carlos M.,43,3,Resuelto,2025-03-03
6484,Cliente_209,Técnico,Media,Ana L.,11,4,Escalado,2024-10-21
6485,Cliente_355,Técnico,Media,Fernanda P.,5,2,Resuelto,2025-06-15
6486,Cliente_485,Facturación,Media,Carlos M.,30,1,Resuelto,2024-12-18
6487,Cliente_211,Técnico,Baja,Fernanda P.,10,1,Resuelto,2024-08-02
6488,Cliente_192,Producto,Crítica,Carlos M.,24,2,Escalado,2024-02-22
6489,Cliente_44,Facturación,Media,Fernanda P.,59,1,Resuelto,2024-05-19
6490,Cliente_29,Entrega,Media,Fernanda P.,67,5,Escalado,2025-03-23
6491,Cliente_59,Facturación,Media,Carlos M.,61,5,Resuelto,2024-01-26
6492,Cliente_71,Facturación,Baja,Fernanda P.,26,5,Abierto,2025-07-03
6493,Cliente_92,Entrega,Baja,Carlos M.,39,2,Resuelto,2024-10-14
6494,Cliente_265,Producto,Media,Carlos M.,3,3,Resuelto,2024-07-15
6495,Cliente_383,Cuenta,Baja,Fernanda P.,38,2,Resuelto,2024-04-21
6496,Cliente_220,Cuenta,Baja,Carlos M.,42,3,Resuelto,2025-04-15
6497,Cliente_390,Entrega,Alta,Fernanda P.,48,1,Resuelto,2025-01-03
6498,Cliente_413,Producto,Media,Carlos M.,13,1,Escalado,2025-01-16
6499,Cliente_442,Técnico,Media,Fernanda P.,56,1,Resuelto,2024-01-28
6500,Cliente_401,Entrega,Media,Carlos M.,59,3,Resuelto,2024-05-26
6501,Cliente_400,Cuenta,Crítica,Carlos M.,63,1,Resuelto,2024-11-05
6502,Cliente_215,Producto,Baja,Ana L.,43,2,En espera,2025-01-12
6503,Cliente_479,Facturación,Alta,Carlos M.,57,3,Abierto,2024-03-21
6504,Cliente_387,Producto,Media,Carlos M.,21,5,Resuelto,2024-01-15
6505,Cliente_277,Producto,Baja,Fernanda P.,54,3,Abierto,2024-08-02
6506,Cliente_64,Cuenta,Baja,Fernanda P.,53,2,Resuelto,2024-01-23
6507,Cliente_346,Cuenta,Media,Fernanda P.,45,2,Resuelto,2024-12-01
6508,Cliente_292,Técnico,Media,Fernanda P.,36,2,Resuelto,2024-07-08
6509,Cliente_490,Técnico,Baja,Ana L.,63,1,En espera,2024-10-07
6510,Cliente_485,Entrega,Media,Ana L.,1,5,Resuelto,2024-06-08
6511,Cliente_245,Facturación,Media,Fernanda P.,67,5,Resuelto,2025-01-19
6512,Cliente_470,Técnico,Media,Fernanda P.,33,4,Resuelto,2024-10-10
6513,Cliente_62,Cuenta,Alta,Fernanda P.,32,2,Resuelto,2024-03-31
6514,Cliente_426,Producto,Alta,Fernanda P.,58,1,En espera,2025-05-07
6515,Cliente_332,Entrega,Media,Carlos M.,26,3,Resuelto,2025-04-28
6516,Cliente_170,Técnico,Crítica,Fernanda P.,61,1,Resuelto,2024-05-19
6517,Cliente_445,Producto,Baja,Carlos M.,17,2,Abierto,2025-04-07
6518,Cliente_269,Producto,Baja,Fernanda P.,69,1,Resuelto,2024-01-20
6519,Cliente_267,Técnico,Media,Ana L.,29,2,Abierto,2024-12-04
6520,Cliente_54,Facturación,Media,Ana L.,63,3,Escalado,2025-02-13
6521,Cliente_16,Facturación,Media,Fernanda P.,6,3,Resuelto,2025-08-19
6522,Cliente_8,Entrega,Media,Ana L.,59,5,Resuelto,2025-03-09
6523,Cliente_104,Facturación,Baja,Ana L.,21,4,Resuelto,2024-07-20
6524,Cliente_59,Entrega,Baja,Ana L.,45,1,Resuelto,2024-01-25
6525,Cliente_313,Cuenta,Alta,Ana L.,45,4,En espera,2024-01-31
6526,Cliente_40,Técnico,Alta,Carlos M.,35,1,Resuelto,2025-04-12
6527,Cliente_237,Producto,Media,Carlos M.,52,5,Abierto,2024-07-25
6528,Cliente_443,Entrega,Media,Carlos M.,46,5,En espera,2025-02-05
6529,Cliente_386,Facturación,Media,Carlos M.,66,3,Resuelto,2024-06-16
6530,Cliente_94,Entrega,Baja,Fernanda P.,57,3,Abierto,2024-12-08
6531,Cliente_222,Entrega,Media,Ana L.,42,3,Abierto,2024-03-07
6532,Cliente_204,Facturación,Media,Ana L.,16,1,En espera,2024-01-11
6533,Cliente_138,Facturación,Media,Fernanda P.,5,4,Resuelto,2025-02-14
6534,Cliente_300,Técnico,Baja,Fernanda P.,1,4,Resuelto,2024-06-13
6535,Cliente_395,Producto,Crítica,Carlos M.,22,3,Resuelto,2024-05-19
6536,Cliente_207,Técnico,Alta,Carlos M.,48,5,En espera,2025-04-25
6537,Cliente_336,Técnico,Baja,Ana L.,26,4,Resuelto,2025-02-15
6538,Cliente_81,Facturación,Media,Fernanda P.,34,5,Resuelto,2024-09-18
6539,Cliente_218,Facturación,Crítica,Ana L.,58,3,Resuelto,2025-05-20
6540,Cliente_2,Producto,Baja,Fernanda P.,7,1,Resuelto,2024-07-31
6541,Cliente_178,Entrega,Media,Carlos M.,25,2,Resuelto,2024-12-10
6542,Cliente_396,Técnico,Media,Ana L.,57,4,Escalado,2025-07-12
6543,Cliente_371,Producto,Media,Ana L.,12,3,En espera,2024-02-05
6544,Cliente_346,Técnico,Alta,Fernanda P.,31,3,Resuelto,2025-08-16
6545,Cliente_279,Entrega,Media,Ana L.,27,4,Resuelto,2024-02-13
6546,Cliente_146,Técnico,Baja,Carlos M.,34,2,Resuelto,2025-02-10
6547,Cliente_318,Cuenta,Baja,Ana L.,34,1,En espera,2024-03-27
6548,Cliente_224,Producto,Baja,Fernanda P.,37,4,Abierto,2024-02-04
6549,Cliente_369,Facturación,Media,Ana L.,58,1,Escalado,2025-03-28
6550,Cliente_384,Técnico,Alta,Carlos M.,60,3,Resuelto,2024-11-12
6551,Cliente_62,Producto,Baja,Fernanda P.,26,4,Resuelto,2024-06-14
6552,Cliente_294,Producto,Media,Fernanda P.,45,1,Resuelto,2024-06-28
6553,Cliente_239,Técnico,Media,Carlos M.,45,5,Abierto,2025-05-28
6554,Cliente_195,Facturación,Baja,Fernanda P.,32,5,Resuelto,2025-03-22
6555,Cliente_166,Facturación,Media,Fernanda P.,69,5,Resuelto,2025-04-22
6556,Cliente_451,Técnico,Media,Ana L.,71,1,En espera,2024-12-18
6557,Cliente_222,Producto,Media,Fernanda P.,23,5,Abierto,2025-06-18
6558,Cliente_61,Facturación,Media,Ana L.,65,3,Resuelto,2024-01-26
6559,Cliente_129,Técnico,Media,Carlos M.,39,1,En espera,2024-01-30
6560,Cliente_478,Técnico,Crítica,Carlos M.,67,3,Resuelto,2024-08-11
6561,Cliente_173,Técnico,Media,Carlos M.,45,2,Resuelto,2024-04-15
6562,Cliente_480,Producto,Media,Carlos M.,67,1,Resuelto,2025-06-23
6563,Cliente_156,Facturación,Media,Fernanda P.,63,5,En espera,2025-04-01
6564,Cliente_405,Producto,Baja,Fernanda P.,70,5,Resuelto,2024-03-01
6565,Cliente_378,Cuenta,Media,Ana L.,54,2,Resuelto,2024-06-24
6566,Cliente_110,Facturación,Media,Ana L.,27,4,Resuelto,2025-04-07
6567,Cliente_269,Producto,Baja,Ana L.,36,2,Abierto,2024-05-20
6568,Cliente_411,Facturación,Media,Fernanda P.,5,5,Resuelto,2024-03-26
6569,Cliente_356,Cuenta,Baja,Ana L.,67,5,Escalado,2025-05-02
6570,Cliente_391,Entrega,Media,Fernanda P.,51,4,Abierto,2025-01-29
6571,Cliente_278,Técnico,Baja,Carlos M.,32,2,Resuelto,2024-12-18
6572,Cliente_74,Producto,Baja,Fernanda P.,21,3,Abierto,2025-02-27
6573,Cliente_487,Cuenta,Alta,Carlos M.,17,2,Resuelto,2024-04-17
6574,Cliente_437,Cuenta,Crítica,Ana L.,26,3,Escalado,2024-06-27
6575,Cliente_463,Facturación,Baja,Fernanda P.,22,5,Resuelto,2025-08-04
6576,Cliente_207,Facturación,Media,Ana L.,41,5,Resuelto,2025-02-17
6577,Cliente_388,Técnico,Baja,Ana L.,59,2,Resuelto,2024-07-24
6578,Cliente_480,Facturación,Media,Carlos M.,10,5,Resuelto,2024-03-07
6579,Cliente_279,Producto,Media,Ana L.,5,4,Resuelto,2025-04-23
6580,Cliente_375,Producto,Baja,Fernanda P.,55,1,Resuelto,2024-05-17
6581,Cliente_326,Producto,Alta,Ana L.,26,3,Resuelto,2024-08-12
6582,Cliente_472,Entrega,Baja,Carlos M.,4,5,Resuelto,2024-03-01
6583,Cliente_340,Producto,Baja,Carlos M.,27,3,En espera,2024-10-19
6584,Cliente_357,Facturación,Alta,Ana L.,58,2,Resuelto,2024-01-15
6585,Cliente_340,Facturación,Media,Carlos M.,3,4,Escalado,2024-02-19
6586,Cliente_204,Producto,Media,Ana L.,50,3,Resuelto,2024-04-10
6587,Cliente_161,Cuenta,Media,Carlos M.,26,5,Resuelto,2025-03-01
6588,Cliente_28,Cuenta,Media,Ana L.,18,1,Resuelto,2024-01-10
6589,Cliente_392,Cuenta,Media,Ana L.,7,4,Resuelto,2024-05-02
6590,Cliente_257,Técnico,Media,Fernanda P.,45,2,Resuelto,2024-09-09
6591,Cliente_165,Entrega,Media,Fernanda P.,13,5,Escalado,2024-11-27
6592,Cliente_63,Producto,Media,Ana L.,6,4,Resuelto,2024-07-19
6593,Cliente_22,Técnico,Media,Fernanda P.,35,5,Resuelto,2024-04-07
6594,Cliente_70,Cuenta,Alta,Fernanda P.,53,2,Abierto,2024-08-09
6595,Cliente_381,Producto,Media,Carlos M.,68,2,Resuelto,2024-10-01
6596,Cliente_405,Técnico,Media,Fernanda P.,42,1,Resuelto,2025-05-18
6597,Cliente_96,Facturación,Media,Carlos M.,4,4,Resuelto,2025-07-12
6598,Cliente_163,Cuenta,Media,Fernanda P.,60,1,Resuelto,2025-01-04
6599,Cliente_79,Técnico,Media,Fernanda P.,45,1,Resuelto,2025-06-06
6600,Cliente_5,Facturación,Alta,Ana L.,72,1,Escalado,2025-08-11
6601,Cliente_316,Cuenta,Media,Fernanda P.,66,3,Resuelto,2024-11-25
6602,Cliente_120,Entrega,Alta,Ana L.,22,2,Resuelto,2024-08-08
6603,Cliente_302,Cuenta,Alta,Ana L.,12,1,Resuelto,2024-12-12
6604,Cliente_178,Entrega,Crítica,Ana L.,51,3,Resuelto,2025-07-19
6605,Cliente_176,Entrega,Media,Ana L.,17,3,Resuelto,2024-02-28
6606,Cliente_390,Entrega,Crítica,Fernanda P.,36,3,Resuelto,2024-02-01
6607,Cliente_217,Producto,Baja,Ana L.,49,1,Abierto,2024-07-26
6608,Cliente_56,Producto,Baja,Fernanda P.,16,3,Escalado,2024-12-03
6609,Cliente_366,Entrega,Media,Fernanda P.,44,1,Resuelto,2024-07-31
6610,Cliente_187,Facturación,Crítica,Carlos M.,22,4,Resuelto,2024-06-27
6611,Cliente_232,Entrega,Media,Carlos M.,8,2,En espera,2024-11-05
6612,Cliente_255,Técnico,Baja,Carlos M.,18,5,Escalado,2025-02-12
6613,Cliente_413,Entrega,Media,Ana L.,72,1,Resuelto,2024-05-17
6614,Cliente_455,Producto,Media,Fernanda P.,38,2,Resuelto,2025-01-25
6615,Cliente_104,Producto,Media,Fernanda P.,29,1,Resuelto,2025-01-16
6616,Cliente_77,Técnico,Alta,Ana L.,2,4,Resuelto,2025-05-25
6617,Cliente_230,Técnico,Crítica,Carlos M.,59,2,Resuelto,2024-10-01
6618,Cliente_402,Cuenta,Alta,Carlos M.,42,2,Escalado,2025-05-09
6619,Cliente_258,Facturación,Baja,Fernanda P.,21,3,Resuelto,2024-02-14
6620,Cliente_264,Facturación,Media,Fernanda P.,2,1,Resuelto,2025-04-06
6621,Cliente_331,Facturación,Media,Fernanda P.,5,1,Resuelto,2024-02-07
6622,Cliente_481,Producto,Media,Carlos M.,17,5,Resuelto,2024-03-07
6623,Cliente_182,Facturación,Baja,Fernanda P.,24,3,Resuelto,2025-08-09
6624,Cliente_381,Cuenta,Alta,Carlos M.,8,3,Escalado,2024-09-20
6625,Cliente_256,Cuenta,Media,Carlos M.,30,5,Resuelto,2025-05-29
6626,Cliente_38,Facturación,Alta,Carlos M.,50,3,Escalado,2024-01-12
6627,Cliente_176,Técnico,Crítica,Ana L.,22,3,Resuelto,2025-08-16
6628,Cliente_27,Cuenta,Baja,Ana L.,59,4,Resuelto,2024-06-19
6629,Cliente_276,Técnico,Crítica,Fernanda P.,24,2,Escalado,2024-12-15
6630,Cliente_140,Producto,Alta,Carlos M.,26,5,Resuelto,2024-08-21
6631,Cliente_299,Cuenta,Media,Fernanda P.,61,4,Abierto,2024-10-30
6632,Cliente_445,Técnico,Media,Carlos M.,8,4,Resuelto,2025-05-20
6633,Cliente_287,Facturación,Media,Fernanda P.,12,4,Resuelto,2025-05-09
6634,Cliente_91,Producto,Media,Fernanda P.,14,3,Resuelto,2025-07-10
6635,Cliente_480,Entrega,Media,Ana L.,30,5,Abierto,2025-06-20
6636,Cliente_61,Entrega,Baja,Ana L.,55,3,Escalado,2024-01-04
6637,Cliente_458,Facturación,Media,Ana L.,61,3,Resuelto,2025-01-22
6638,Cliente_451,Producto,Baja,Ana L.,62,4,Resuelto,2024-08-17
6639,Cliente_365,Producto,Baja,Carlos M.,31,1,Resuelto,2025-03-17
6640,Cliente_347,Producto,Media,Fernanda P.,27,5,Abierto,2025-03-24
6641,Cliente_163,Producto,Media,Fernanda P.,1,5,Resuelto,2024-07-13
6642,Cliente_351,Entrega,Media,Carlos M.,41,4,Resuelto,2024-06-04
6643,Cliente_143,Técnico,Baja,Carlos M.,14,4,Resuelto,2024-04-19
6644,Cliente_400,Producto,Alta,Fernanda P.,50,2,Resuelto,2025-04-03
6645,Cliente_253,Técnico,Media,Ana L.,42,4,Abierto,2024-11-24
6646,Cliente_269,Producto,Baja,Ana L.,71,3,Resuelto,2024-03-01
6647,Cliente_369,Cuenta,Media,Ana L.,40,4,Resuelto,2025-08-19
6648,Cliente_291,Cuenta,Media,Carlos M.,14,5,Resuelto,2025-04-09
6649,Cliente_500,Cuenta,Baja,Fernanda P.,11,1,Resuelto,2024-02-12
6650,Cliente_459,Producto,Media,Carlos M.,63,1,Resuelto,2024-10-10
6651,Cliente_187,Técnico,Alta,Fernanda P.,49,3,En espera,2024-06-15
6652,Cliente_405,Entrega,Alta,Ana L.,37,1,Escalado,2025-02-03
6653,Cliente_499,Facturación,Baja,Ana L.,10,4,Resuelto,2025-08-01
6654,Cliente_438,Entrega,Alta,Ana L.,54,1,Resuelto,2025-07-01
6655,Cliente_459,Producto,Media,Fernanda P.,7,4,Resuelto,2025-01-17
6656,Cliente_414,Cuenta,Crítica,Ana L.,12,2,Abierto,2024-12-14
6657,Cliente_304,Cuenta,Baja,Fernanda P.,55,5,Resuelto,2025-03-22
6658,Cliente_291,Técnico,Media,Carlos M.,36,3,Resuelto,2025-06-06
6659,Cliente_86,Producto,Media,Ana L.,7,2,Resuelto,2025-06-14
6660,Cliente_166,Entrega,Baja,Carlos M.,24,1,En espera,2024-07-08
6661,Cliente_415,Producto,Alta,Carlos M.,34,3,Resuelto,2024-03-12
6662,Cliente_462,Producto,Media,Fernanda P.,65,4,Abierto,2024-10-25
6663,Cliente_408,Cuenta,Baja,Carlos M.,29,2,Resuelto,2024-03-15
6664,Cliente_114,Entrega,Media,Fernanda P.,26,5,Abierto,2024-10-07
6665,Cliente_433,Facturación,Media,Fernanda P.,65,5,Resuelto,2025-04-06
6666,Cliente_480,Cuenta,Baja,Carlos M.,45,2,Resuelto,2024-10-13
6667,Cliente_356,Entrega,Crítica,Fernanda P.,17,2,Resuelto,2024-07-19
6668,Cliente_416,Técnico,Alta,Fernanda P.,36,2,Resuelto,2025-05-02
6669,Cliente_183,Cuenta,Baja,Fernanda P.,63,1,Resuelto,2025-06-24
6670,Cliente_207,Técnico,Media,Carlos M.,23,5,Resuelto,2024-04-04
6671,Cliente_256,Cuenta,Media,Fernanda P.,66,5,Escalado,2024-09-30
6672,Cliente_235,Producto,Alta,Ana L.,42,1,Escalado,2024-05-10
6673,Cliente_442,Entrega,Crítica,Carlos M.,71,3,Resuelto,2025-06-30
6674,Cliente_355,Técnico,Media,Carlos M.,71,5,Resuelto,2024-05-11
6675,Cliente_3,Cuenta,Alta,Fernanda P.,43,3,Resuelto,2024-10-23
6676,Cliente_208,Técnico,Media,Carlos M.,55,3,En espera,2024-11-30
6677,Cliente_197,Cuenta,Media,Ana L.,56,3,Escalado,2024-04-23
6678,Cliente_341,Cuenta,Crítica,Carlos M.,31,5,Resuelto,2025-04-09
6679,Cliente_125,Facturación,Media,Carlos M.,56,4,Abierto,2024-03-30
6680,Cliente_138,Facturación,Media,Carlos M.,48,3,Resuelto,2024-08-10
6681,Cliente_339,Facturación,Media,Fernanda P.,52,4,Resuelto,2025-08-21
6682,Cliente_25,Técnico,Baja,Ana L.,72,1,Resuelto,2024-08-09
6683,Cliente_68,Producto,Media,Ana L.,1,4,Resuelto,2024-09-23
6684,Cliente_61,Cuenta,Crítica,Ana L.,2,4,Resuelto,2025-06-28
6685,Cliente_29,Entrega,Media,Carlos M.,42,2,Resuelto,2024-10-20
6686,Cliente_383,Facturación,Alta,Ana L.,9,3,Resuelto,2024-08-25
6687,Cliente_19,Técnico,Baja,Fernanda P.,31,5,Escalado,2025-05-31
6688,Cliente_171,Técnico,Media,Carlos M.,2,2,Resuelto,2024-09-04
6689,Cliente_450,Técnico,Crítica,Fernanda P.,24,4,Resuelto,2025-07-16
6690,Cliente_74,Entrega,Media,Carlos M.,43,1,Abierto,2025-07-30
6691,Cliente_61,Entrega,Baja,Fernanda P.,70,5,Escalado,2024-07-14
6692,Cliente_427,Facturación,Media,Carlos M.,72,1,Resuelto,2025-07-23
6693,Cliente_153,Entrega,Media,Fernanda P.,43,4,Resuelto,2024-06-24
6694,Cliente_276,Facturación,Baja,Ana L.,51,1,Resuelto,2024-07-04
6695,Cliente_48,Entrega,Alta,Carlos M.,46,2,Escalado,2025-04-30
6696,Cliente_211,Entrega,Crítica,Carlos M.,1,1,Resuelto,2024-05-14
6697,Cliente_343,Entrega,Media,Fernanda P.,67,2,Abierto,2025-07-25
6698,Cliente_408,Facturación,Alta,Fernanda P.,1,3,Resuelto,2024-11-10
6699,Cliente_139,Cuenta,Alta,Fernanda P.,63,5,Resuelto,2025-01-28
6700,Cliente_110,Facturación,Alta,Carlos M.,62,1,Resuelto,2024-05-02
6701,Cliente_482,Cuenta,Baja,Fernanda P.,61,2,Resuelto,2025-01-01
6702,Cliente_183,Técnico,Baja,Ana L.,40,4,Resuelto,2024-08-31
6703,Cliente_28,Técnico,Baja,Fernanda P.,29,4,Resuelto,2025-02-17
6704,Cliente_197,Facturación,Baja,Fernanda P.,35,2,Abierto,2024-12-16
6705,Cliente_191,Cuenta,Media,Fernanda P.,11,5,Escalado,2025-03-06
6706,Cliente_315,Cuenta,Media,Ana L.,11,3,Resuelto,2025-08-11
6707,Cliente_389,Cuenta,Baja,Fernanda P.,63,3,Abierto,2024-03-27
6708,Cliente_51,Técnico,Baja,Fernanda P.,69,5,En espera,2025-08-14
6709,Cliente_149,Facturación,Media,Carlos M.,56,1,Resuelto,2025-02-12
6710,Cliente_268,Producto,Baja,Carlos M.,7,2,Resuelto,2025-01-15
6711,Cliente_50,Cuenta,Alta,Fernanda P.,51,3,Resuelto,2025-04-18
6712,Cliente_388,Cuenta,Baja,Carlos M.,39,5,Resuelto,2024-03-25
6713,Cliente_246,Producto,Alta,Fernanda P.,42,3,Resuelto,2025-04-16
6714,Cliente_113,Facturación,Crítica,Fernanda P.,72,3,Resuelto,2024-12-25
6715,Cliente_170,Cuenta,Alta,Ana L.,53,1,Resuelto,2024-11-06
6716,Cliente_468,Facturación,Alta,Fernanda P.,21,3,Resuelto,2024-11-05
6717,Cliente_166,Cuenta,Crítica,Carlos M.,30,2,Resuelto,2024-04-14
6718,Cliente_409,Entrega,Baja,Carlos M.,1,5,Abierto,2025-02-27
6719,Cliente_14,Cuenta,Crítica,Carlos M.,24,1,Resuelto,2024-07-08
6720,Cliente_203,Entrega,Alta,Carlos M.,6,1,Resuelto,2024-09-08
6721,Cliente_288,Facturación,Alta,Fernanda P.,6,5,Resuelto,2024-08-01
6722,Cliente_395,Cuenta,Media,Ana L.,69,2,Escalado,2025-04-17
6723,Cliente_189,Técnico,Media,Ana L.,62,3,Resuelto,2024-05-01
6724,Cliente_402,Técnico,Media,Fernanda P.,35,3,Resuelto,2024-11-21
6725,Cliente_155,Producto,Media,Carlos M.,35,2,Resuelto,2024-08-05
6726,Cliente_55,Técnico,Alta,Ana L.,48,4,Resuelto,2024-06-18
6727,Cliente_182,Entrega,Baja,Ana L.,72,5,Resuelto,2024-09-14
6728,Cliente_210,Técnico,Media,Fernanda P.,43,2,Escalado,2024-03-16
6729,Cliente_376,Técnico,Media,Carlos M.,35,3,Resuelto,2024-12-22
6730,Cliente_471,Técnico,Baja,Ana L.,5,5,Resuelto,2024-08-27
6731,Cliente_75,Cuenta,Baja,Fernanda P.,31,5,Resuelto,2024-12-22
6732,Cliente_277,Producto,Baja,Ana L.,31,3,Resuelto,2025-07-30
6733,Cliente_428,Facturación,Media,Ana L.,8,2,Resuelto,2024-11-13
6734,Cliente_133,Producto,Media,Carlos M.,6,4,Abierto,2024-04-07
6735,Cliente_343,Entrega,Baja,Carlos M.,53,5,Resuelto,2024-04-14
6736,Cliente_425,Cuenta,Crítica,Ana L.,44,5,Resuelto,2024-07-14
6737,Cliente_59,Cuenta,Alta,Carlos M.,49,5,Resuelto,2024-12-13
6738,Cliente_345,Técnico,Alta,Ana L.,8,2,Resuelto,2024-02-16
6739,Cliente_489,Técnico,Baja,Ana L.,64,5,Abierto,2025-06-06
6740,Cliente_182,Entrega,Media,Ana L.,4,3,Resuelto,2024-06-10
6741,Cliente_458,Cuenta,Media,Fernanda P.,32,3,Abierto,2025-04-07
6742,Cliente_406,Facturación,Crítica,Carlos M.,53,1,Resuelto,2025-07-16
6743,Cliente_339,Producto,Alta,Carlos M.,67,5,Resuelto,2025-05-31
6744,Cliente_321,Cuenta,Media,Ana L.,63,4,Escalado,2024-10-30
6745,Cliente_64,Facturación,Alta,Carlos M.,60,1,Resuelto,2025-02-27
6746,Cliente_327,Facturación,Baja,Ana L.,33,5,Resuelto,2025-01-25
6747,Cliente_260,Producto,Baja,Carlos M.,22,5,En espera,2024-03-25
6748,Cliente_193,Facturación,Media,Carlos M.,31,2,Resuelto,2024-10-22
6749,Cliente_143,Entrega,Baja,Ana L.,24,2,Resuelto,2025-02-01
6750,Cliente_104,Facturación,Baja,Carlos M.,3,3,En espera,2025-04-26
6751,Cliente_460,Entrega,Alta,Ana L.,33,1,Resuelto,2025-04-09
6752,Cliente_406,Facturación,Baja,Fernanda P.,26,1,Resuelto,2024-08-17
6753,Cliente_214,Técnico,Media,Ana L.,51,1,Resuelto,2024-05-24
6754,Cliente_242,Facturación,Crítica,Carlos M.,30,3,En espera,2024-07-26
6755,Cliente_431,Entrega,Media,Fernanda P.,35,4,Resuelto,2025-03-21
6756,Cliente_209,Facturación,Baja,Fernanda P.,25,4,Resuelto,2025-02-17
6757,Cliente_93,Facturación,Baja,Ana L.,28,4,Escalado,2024-08-23
6758,Cliente_430,Facturación,Baja,Fernanda P.,26,1,Escalado,2025-06-28
6759,Cliente_142,Entrega,Baja,Ana L.,8,5,Resuelto,2024-04-13
6760,Cliente_434,Facturación,Baja,Carlos M.,15,1,Resuelto,2024-02-11
6761,Cliente_404,Producto,Media,Ana L.,49,5,Abierto,2024-05-10
6762,Cliente_434,Producto,Media,Fernanda P.,8,2,Resuelto,2025-01-26
6763,Cliente_112,Entrega,Alta,Ana L.,55,3,Resuelto,2024-03-01
6764,Cliente_417,Técnico,Alta,Ana L.,58,4,Resuelto,2024-03-09
6765,Cliente_375,Producto,Alta,Carlos M.,3,1,Abierto,2024-10-20
6766,Cliente_59,Cuenta,Media,Ana L.,9,1,Resuelto,2025-03-18
6767,Cliente_43,Producto,Baja,Carlos M.,14,2,Escalado,2024-04-04
6768,Cliente_207,Cuenta,Alta,Fernanda P.,20,5,Resuelto,2024-09-14
6769,Cliente_268,Entrega,Media,Fernanda P.,4,4,Resuelto,2025-07-22
6770,Cliente_296,Técnico,Baja,Ana L.,24,3,Abierto,2024-09-19
6771,Cliente_118,Cuenta,Alta,Ana L.,28,5,Resuelto,2024-07-26
6772,Cliente_20,Cuenta,Media,Fernanda P.,31,5,Resuelto,2025-01-28
6773,Cliente_222,Producto,Baja,Fernanda P.,67,4,Escalado,2025-06-24
6774,Cliente_166,Cuenta,Alta,Fernanda P.,64,3,Resuelto,2025-05-04
6775,Cliente_131,Entrega,Crítica,Ana L.,17,4,Resuelto,2024-06-10
6776,Cliente_156,Entrega,Media,Fernanda P.,6,4,Resuelto,2025-03-31
6777,Cliente_184,Entrega,Media,Ana L.,60,1,Resuelto,2024-04-07
6778,Cliente_90,Producto,Media,Fernanda P.,11,3,Resuelto,2024-06-21
6779,Cliente_94,Técnico,Alta,Fernanda P.,38,5,Resuelto,2025-05-19
6780,Cliente_13,Producto,Baja,Ana L.,34,4,En espera,2025-08-05
6781,Cliente_461,Entrega,Media,Carlos M.,47,2,Resuelto,2024-11-29
6782,Cliente_322,Producto,Crítica,Ana L.,32,3,Escalado,2025-08-18
6783,Cliente_293,Entrega,Baja,Carlos M.,57,2,Abierto,2024-08-16
6784,Cliente_433,Facturación,Crítica,Ana L.,46,5,Abierto,2024-09-06
6785,Cliente_230,Facturación,Crítica,Carlos M.,35,3,Resuelto,2024-12-11
6786,Cliente_322,Cuenta,Baja,Carlos M.,22,1,Resuelto,2025-01-16
6787,Cliente_292,Técnico,Alta,Carlos M.,16,3,Resuelto,2024-07-10
6788,Cliente_438,Facturación,Baja,Ana L.,5,5,Resuelto,2024-06-14
6789,Cliente_26,Entrega,Alta,Ana L.,26,1,Resuelto,2024-01-12
6790,Cliente_75,Producto,Alta,Ana L.,24,5,Escalado,2024-07-09
6791,Cliente_456,Producto,Baja,Carlos M.,67,3,Resuelto,2025-03-24
6792,Cliente_364,Cuenta,Alta,Carlos M.,32,5,Abierto,2024-07-06
6793,Cliente_424,Producto,Alta,Ana L.,23,3,Resuelto,2024-10-02
6794,Cliente_299,Facturación,Media,Ana L.,49,1,Resuelto,2025-05-19
6795,Cliente_150,Producto,Baja,Fernanda P.,62,3,Resuelto,2024-08-29
6796,Cliente_148,Facturación,Baja,Fernanda P.,66,5,Resuelto,2024-11-17
6797,Cliente_8,Facturación,Media,Fernanda P.,11,5,En espera,2025-06-13
6798,Cliente_29,Técnico,Crítica,Fernanda P.,18,5,Escalado,2025-04-02
6799,Cliente_296,Cuenta,Alta,Fernanda P.,10,2,Resuelto,2025-01-09
6800,Cliente_474,Entrega,Media,Ana L.,60,2,En espera,2025-05-17
6801,Cliente_414,Facturación,Media,Carlos M.,8,2,Resuelto,2024-03-06
6802,Cliente_209,Cuenta,Baja,Carlos M.,71,4,Resuelto,2025-04-08
6803,Cliente_128,Entrega,Baja,Ana L.,48,3,Resuelto,2024-03-09
6804,Cliente_340,Producto,Media,Ana L.,41,2,En espera,2024-05-04
6805,Cliente_116,Cuenta,Media,Ana L.,8,5,Resuelto,2024-04-11
6806,Cliente_439,Cuenta,Media,Fernanda P.,37,5,Resuelto,2025-01-12
6807,Cliente_144,Cuenta,Crítica,Fernanda P.,37,2,Resuelto,2024-05-29
6808,Cliente_430,Producto,Media,Fernanda P.,64,2,Escalado,2025-05-25
6809,Cliente_318,Producto,Media,Ana L.,59,5,Abierto,2025-02-09
6810,Cliente_235,Cuenta,Baja,Ana L.,45,2,Resuelto,2025-07-30
6811,Cliente_7,Técnico,Crítica,Carlos M.,16,4,Escalado,2024-08-15
6812,Cliente_464,Facturación,Alta,Ana L.,26,4,Resuelto,2025-08-11
6813,Cliente_45,Producto,Alta,Fernanda P.,31,4,Resuelto,2025-01-30
6814,Cliente_443,Técnico,Media,Carlos M.,27,1,Resuelto,2025-05-22
6815,Cliente_239,Producto,Media,Ana L.,43,4,Resuelto,2024-08-27
6816,Cliente_440,Cuenta,Media,Carlos M.,15,5,Resuelto,2025-03-21
6817,Cliente_432,Técnico,Baja,Carlos M.,58,1,Resuelto,2024-02-28
6818,Cliente_155,Entrega,Media,Ana L.,49,5,Escalado,2025-08-16
6819,Cliente_181,Facturación,Crítica,Fernanda P.,25,5,Resuelto,2024-11-19
6820,Cliente_215,Facturación,Baja,Fernanda P.,68,2,Resuelto,2024-01-09
6821,Cliente_88,Producto,Baja,Carlos M.,36,3,Resuelto,2025-05-29
6822,Cliente_256,Facturación,Alta,Ana L.,47,4,Resuelto,2025-03-31
6823,Cliente_73,Entrega,Baja,Ana L.,59,3,Escalado,2024-12-03
6824,Cliente_419,Técnico,Media,Fernanda P.,52,3,Resuelto,2024-11-20
6825,Cliente_179,Técnico,Media,Ana L.,40,2,Abierto,2024-04-27
6826,Cliente_212,Cuenta,Media,Ana L.,43,3,Resuelto,2025-03-28
6827,Cliente_293,Técnico,Alta,Carlos M.,56,4,Resuelto,2025-02-10
6828,Cliente_234,Producto,Media,Ana L.,3,1,Resuelto,2025-08-14
6829,Cliente_465,Entrega,Alta,Ana L.,71,5,Resuelto,2024-05-12
6830,Cliente_239,Cuenta,Alta,Ana L.,12,4,Resuelto,2025-04-29
6831,Cliente_223,Producto,Alta,Fernanda P.,65,2,Resuelto,2025-05-06
6832,Cliente_119,Producto,Baja,Fernanda P.,43,1,Resuelto,2025-07-04
6833,Cliente_313,Producto,Baja,Carlos M.,70,2,Escalado,2025-05-29
6834,Cliente_264,Facturación,Baja,Fernanda P.,46,4,Escalado,2025-06-21
6835,Cliente_207,Producto,Media,Fernanda P.,60,5,Resuelto,2024-09-20
6836,Cliente_95,Facturación,Alta,Fernanda P.,61,3,Resuelto,2025-04-13
6837,Cliente_373,Técnico,Media,Fernanda P.,49,3,Resuelto,2024-02-21
6838,Cliente_222,Facturación,Alta,Carlos M.,25,2,Resuelto,2025-01-24
6839,Cliente_366,Producto,Media,Ana L.,3,1,Escalado,2024-06-03
6840,Cliente_276,Entrega,Media,Ana L.,68,5,Resuelto,2025-01-11
6841,Cliente_380,Entrega,Alta,Ana L.,63,2,Resuelto,2024-08-01
6842,Cliente_231,Técnico,Media,Carlos M.,30,5,Resuelto,2025-02-09
6843,Cliente_309,Producto,Alta,Fernanda P.,4,2,Abierto,2025-04-30
6844,Cliente_119,Facturación,Baja,Carlos M.,71,1,Resuelto,2025-07-21
6845,Cliente_268,Entrega,Crítica,Carlos M.,21,4,En espera,2025-04-30
6846,Cliente_433,Cuenta,Media,Carlos M.,71,3,Resuelto,2025-07-08
6847,Cliente_273,Producto,Alta,Ana L.,1,5,Escalado,2024-01-27
6848,Cliente_64,Producto,Baja,Fernanda P.,60,5,Escalado,2025-07-10
6849,Cliente_298,Cuenta,Media,Ana L.,34,1,Abierto,2024-10-28
6850,Cliente_350,Entrega,Crítica,Carlos M.,3,5,Resuelto,2024-02-02
6851,Cliente_413,Cuenta,Alta,Carlos M.,18,4,Resuelto,2024-05-06
6852,Cliente_403,Técnico,Baja,Ana L.,43,4,Escalado,2025-05-04
6853,Cliente_494,Facturación,Media,Ana L.,41,1,Abierto,2024-12-15
6854,Cliente_11,Facturación,Media,Ana L.,24,2,Resuelto,2024-03-21
6855,Cliente_98,Entrega,Baja,Fernanda P.,24,2,Resuelto,2025-06-30
6856,Cliente_434,Cuenta,Alta,Ana L.,3,5,Resuelto,2025-02-23
6857,Cliente_71,Producto,Baja,Fernanda P.,59,5,Resuelto,2024-09-18
6858,Cliente_364,Producto,Media,Fernanda P.,58,1,Resuelto,2025-05-07
6859,Cliente_58,Producto,Media,Ana L.,24,4,Resuelto,2024-07-04
6860,Cliente_290,Técnico,Media,Carlos M.,66,1,Resuelto,2024-05-07
6861,Cliente_251,Técnico,Alta,Carlos M.,40,2,Resuelto,2024-09-26
6862,Cliente_276,Producto,Crítica,Fernanda P.,71,4,Escalado,2024-07-19
6863,Cliente_50,Entrega,Baja,Fernanda P.,9,5,Abierto,2025-08-13
6864,Cliente_358,Técnico,Alta,Fernanda P.,60,2,Resuelto,2024-08-17
6865,Cliente_216,Técnico,Baja,Carlos M.,39,3,Escalado,2024-05-27
6866,Cliente_394,Facturación,Media,Fernanda P.,33,2,En espera,2025-05-05
6867,Cliente_416,Facturación,Baja,Fernanda P.,34,4,Resuelto,2024-08-01
6868,Cliente_52,Entrega,Baja,Carlos M.,62,4,Resuelto,2024-05-21
6869,Cliente_271,Técnico,Media,Ana L.,61,1,Resuelto,2025-06-21
6870,Cliente_485,Técnico,Media,Carlos M.,27,4,En espera,2024-12-14
6871,Cliente_84,Cuenta,Alta,Ana L.,17,3,Resuelto,2024-08-19
6872,Cliente_387,Entrega,Alta,Ana L.,60,3,Resuelto,2025-03-18
6873,Cliente_293,Entrega,Crítica,Fernanda P.,42,4,Escalado,2025-08-05
6874,Cliente_126,Cuenta,Media,Fernanda P.,47,5,Resuelto,2024-11-08
6875,Cliente_296,Cuenta,Baja,Ana L.,53,4,Resuelto,2024-07-19
6876,Cliente_72,Facturación,Media,Fernanda P.,21,5,En espera,2024-09-24
6877,Cliente_296,Entrega,Media,Ana L.,8,4,Resuelto,2024-01-03
6878,Cliente_236,Entrega,Media,Fernanda P.,58,2,Resuelto,2024-12-18
6879,Cliente_56,Cuenta,Media,Carlos M.,68,4,Escalado,2024-05-22
6880,Cliente_407,Producto,Media,Ana L.,63,2,Resuelto,2024-05-16
6881,Cliente_360,Producto,Media,Ana L.,59,5,Resuelto,2024-02-18
6882,Cliente_395,Facturación,Baja,Fernanda P.,30,4,Resuelto,2024-06-20
6883,Cliente_110,Producto,Baja,Carlos M.,25,5,Resuelto,2025-08-15
6884,Cliente_192,Producto,Baja,Fernanda P.,56,3,Resuelto,2024-06-04
6885,Cliente_392,Producto,Baja,Carlos M.,34,1,Resuelto,2024-01-21
6886,Cliente_93,Técnico,Alta,Fernanda P.,50,5,Resuelto,2024-02-19
6887,Cliente_350,Facturación,Baja,Ana L.,2,2,Abierto,2024-06-23
6888,Cliente_56,Cuenta,Alta,Carlos M.,53,1,Resuelto,2024-09-17
6889,Cliente_60,Producto,Media,Carlos M.,41,4,Resuelto,2025-02-25
6890,Cliente_138,Técnico,Baja,Fernanda P.,23,2,Resuelto,2024-12-04
6891,Cliente_39,Producto,Alta,Carlos M.,61,1,Resuelto,2025-05-03
6892,Cliente_28,Técnico,Media,Fernanda P.,31,1,Escalado,2025-02-19
6893,Cliente_49,Facturación,Baja,Carlos M.,66,5,Resuelto,2025-03-15
6894,Cliente_420,Producto,Alta,Fernanda P.,2,4,Resuelto,2024-09-10
6895,Cliente_125,Técnico,Baja,Fernanda P.,69,4,Resuelto,2025-03-02
6896,Cliente_13,Entrega,Baja,Fernanda P.,60,4,Resuelto,2025-08-01
6897,Cliente_480,Entrega,Alta,Ana L.,23,5,Resuelto,2025-07-16
6898,Cliente_36,Técnico,Alta,Carlos M.,57,5,Resuelto,2024-08-30
6899,Cliente_101,Producto,Baja,Ana L.,35,4,Abierto,2024-06-29
6900,Cliente_282,Producto,Baja,Ana L.,1,1,Abierto,2024-12-15
6901,Cliente_86,Facturación,Alta,Ana L.,48,4,En espera,2024-02-17
6902,Cliente_4,Facturación,Media,Ana L.,49,5,En espera,2024-08-19
6903,Cliente_223,Cuenta,Baja,Carlos M.,40,4,Resuelto,2025-01-27
6904,Cliente_338,Facturación,Media,Carlos M.,62,5,Abierto,2024-09-11
6905,Cliente_448,Producto,Crítica,Ana L.,15,4,Resuelto,2024-03-26
6906,Cliente_166,Cuenta,Baja,Carlos M.,30,1,Resuelto,2024-04-04
6907,Cliente_383,Facturación,Alta,Carlos M.,21,1,Resuelto,2024-02-15
6908,Cliente_344,Técnico,Media,Fernanda P.,8,5,Resuelto,2024-02-05
6909,Cliente_383,Entrega,Media,Carlos M.,7,5,Resuelto,2024-01-10
6910,Cliente_376,Facturación,Alta,Ana L.,34,2,Resuelto,2024-08-31
6911,Cliente_471,Facturación,Crítica,Carlos M.,64,3,Escalado,2024-01-27
6912,Cliente_278,Técnico,Baja,Ana L.,42,2,En espera,2025-08-13
6913,Cliente_130,Producto,Baja,Carlos M.,53,5,Resuelto,2025-02-06
6914,Cliente_31,Técnico,Crítica,Ana L.,70,5,Resuelto,2024-02-01
6915,Cliente_375,Facturación,Media,Carlos M.,10,4,Resuelto,2024-02-15
6916,Cliente_11,Producto,Media,Carlos M.,58,2,Resuelto,2025-07-25
6917,Cliente_476,Cuenta,Media,Carlos M.,4,3,Resuelto,2025-04-07
6918,Cliente_302,Facturación,Alta,Ana L.,8,2,Abierto,2024-03-08
6919,Cliente_96,Técnico,Alta,Fernanda P.,12,1,Resuelto,2024-01-17
6920,Cliente_190,Cuenta,Crítica,Ana L.,25,1,Resuelto,2025-07-30
6921,Cliente_453,Entrega,Media,Carlos M.,27,2,Escalado,2024-07-03
6922,Cliente_192,Cuenta,Baja,Ana L.,2,2,Resuelto,2025-05-31
6923,Cliente_486,Técnico,Media,Carlos M.,55,5,Resuelto,2025-08-16
6924,Cliente_266,Cuenta,Media,Carlos M.,58,4,Resuelto,2024-02-24
6925,Cliente_424,Técnico,Media,Fernanda P.,33,1,Resuelto,2024-12-27
6926,Cliente_128,Facturación,Media,Carlos M.,49,3,En espera,2025-05-03
6927,Cliente_238,Producto,Baja,Carlos M.,5,4,Resuelto,2024-01-04
6928,Cliente_408,Entrega,Media,Carlos M.,47,2,Resuelto,2024-06-28
6929,Cliente_355,Producto,Media,Fernanda P.,24,1,Resuelto,2024-01-19
6930,Cliente_428,Producto,Alta,Ana L.,44,2,En espera,2024-05-10
6931,Cliente_112,Producto,Media,Fernanda P.,68,1,Resuelto,2025-05-12
6932,Cliente_316,Técnico,Baja,Ana L.,14,3,Resuelto,2025-08-01
6933,Cliente_446,Técnico,Media,Carlos M.,36,4,Escalado,2024-10-11
6934,Cliente_343,Entrega,Alta,Ana L.,51,3,En espera,2024-06-29
6935,Cliente_145,Técnico,Media,Ana L.,6,3,Abierto,2025-01-10
6936,Cliente_65,Técnico,Media,Ana L.,17,4,Resuelto,2024-03-04
6937,Cliente_247,Técnico,Media,Ana L.,72,4,Resuelto,2025-04-23
6938,Cliente_223,Técnico,Baja,Carlos M.,51,3,Escalado,2025-06-22
6939,Cliente_479,Facturación,Alta,Fernanda P.,52,2,Resuelto,2024-11-09
6940,Cliente_490,Entrega,Baja,Ana L.,12,4,Resuelto,2024-11-13
6941,Cliente_313,Técnico,Media,Carlos M.,1,3,Resuelto,2025-04-16
6942,Cliente_439,Entrega,Baja,Carlos M.,11,3,Resuelto,2024-09-26
6943,Cliente_106,Cuenta,Baja,Carlos M.,16,3,Resuelto,2025-04-17
6944,Cliente_181,Facturación,Media,Carlos M.,9,2,Resuelto,2025-06-27
6945,Cliente_184,Técnico,Media,Ana L.,8,5,Resuelto,2025-05-01
6946,Cliente_226,Facturación,Alta,Fernanda P.,25,5,Resuelto,2024-02-17
6947,Cliente_265,Facturación,Alta,Carlos M.,40,4,Resuelto,2024-12-12
6948,Cliente_278,Cuenta,Alta,Fernanda P.,67,5,Resuelto,2025-04-14
6949,Cliente_397,Entrega,Media,Fernanda P.,23,1,Resuelto,2024-10-20
6950,Cliente_89,Facturación,Media,Fernanda P.,62,4,Resuelto,2024-02-02
6951,Cliente_176,Producto,Media,Carlos M.,23,4,Resuelto,2024-12-28
6952,Cliente_18,Cuenta,Media,Carlos M.,44,3,Resuelto,2025-05-03
6953,Cliente_371,Producto,Media,Carlos M.,56,1,Resuelto,2024-01-24
6954,Cliente_460,Cuenta,Crítica,Fernanda P.,68,5,Resuelto,2025-06-21
6955,Cliente_424,Producto,Baja,Carlos M.,23,4,Resuelto,2024-02-19
6956,Cliente_401,Producto,Crítica,Carlos M.,9,1,Escalado,2024-04-04
6957,Cliente_399,Facturación,Baja,Fernanda P.,4,2,Resuelto,2024-08-06
6958,Cliente_106,Facturación,Media,Carlos M.,34,2,Abierto,2025-01-15
6959,Cliente_271,Cuenta,Baja,Ana L.,34,3,Resuelto,2024-10-05
6960,Cliente_463,Entrega,Media,Ana L.,42,1,Resuelto,2024-06-13
6961,Cliente_319,Facturación,Baja,Ana L.,3,4,Resuelto,2024-02-28
6962,Cliente_167,Facturación,Alta,Ana L.,34,2,Resuelto,2025-03-17
6963,Cliente_13,Técnico,Alta,Fernanda P.,43,2,Resuelto,2025-08-16
6964,Cliente_337,Facturación,Media,Carlos M.,67,5,Resuelto,2024-09-06
6965,Cliente_32,Entrega,Media,Ana L.,37,5,Abierto,2025-03-23
6966,Cliente_393,Técnico,Crítica,Ana L.,12,1,Resuelto,2024-04-01
6967,Cliente_40,Producto,Alta,Carlos M.,16,5,Resuelto,2024-10-04
6968,Cliente_148,Producto,Media,Fernanda P.,62,1,Resuelto,2025-08-09
6969,Cliente_218,Técnico,Alta,Ana L.,17,4,Resuelto,2024-01-14
6970,Cliente_219,Técnico,Media,Carlos M.,15,4,Resuelto,2024-03-19
6971,Cliente_469,Técnico,Media,Carlos M.,26,4,Resuelto,2025-03-09
6972,Cliente_82,Cuenta,Media,Ana L.,45,5,Resuelto,2025-04-21
6973,Cliente_333,Entrega,Media,Ana L.,2,5,Escalado,2025-05-16
6974,Cliente_208,Entrega,Baja,Carlos M.,17,3,Resuelto,2024-08-27
6975,Cliente_201,Producto,Media,Carlos M.,65,2,Resuelto,2024-12-29
6976,Cliente_447,Producto,Media,Ana L.,30,4,Resuelto,2025-02-04
6977,Cliente_332,Producto,Crítica,Ana L.,68,5,Resuelto,2024-05-21
6978,Cliente_428,Facturación,Crítica,Ana L.,44,2,Abierto,2024-08-26
6979,Cliente_38,Producto,Media,Ana L.,60,4,Resuelto,2025-07-20
6980,Cliente_211,Técnico,Media,Fernanda P.,1,4,Resuelto,2025-05-06
6981,Cliente_444,Producto,Baja,Carlos M.,19,2,En espera,2025-06-12
6982,Cliente_327,Técnico,Media,Ana L.,33,2,Resuelto,2024-01-09
6983,Cliente_249,Cuenta,Baja,Carlos M.,36,5,Resuelto,2025-01-18
6984,Cliente_227,Facturación,Baja,Ana L.,24,2,Escalado,2024-09-24
6985,Cliente_48,Facturación,Media,Fernanda P.,25,2,Resuelto,2024-11-17
6986,Cliente_18,Entrega,Media,Carlos M.,11,5,Abierto,2025-02-02
6987,Cliente_400,Cuenta,Baja,Fernanda P.,9,4,Escalado,2025-02-21
6988,Cliente_439,Técnico,Alta,Carlos M.,6,2,Resuelto,2025-07-02
6989,Cliente_295,Cuenta,Media,Fernanda P.,58,3,En espera,2025-01-14
6990,Cliente_196,Facturación,Baja,Ana L.,29,1,Resuelto,2025-05-07
6991,Cliente_187,Técnico,Baja,Ana L.,11,2,En espera,2024-09-16
6992,Cliente_345,Cuenta,Baja,Fernanda P.,23,2,Resuelto,2024-12-08
6993,Cliente_224,Facturación,Baja,Ana L.,26,1,Escalado,2025-08-05
6994,Cliente_318,Técnico,Alta,Fernanda P.,1,3,Resuelto,2025-06-12
6995,Cliente_488,Técnico,Media,Fernanda P.,47,4,Resuelto,2024-04-11
6996,Cliente_397,Facturación,Alta,Carlos M.,41,3,En espera,2024-08-05
6997,Cliente_365,Técnico,Baja,Fernanda P.,23,1,Resuelto,2024-10-22
6998,Cliente_337,Facturación,Media,Carlos M.,5,2,Resuelto,2024-04-13
6999,Cliente_497,Producto,Media,Fernanda P.,50,4,Resuelto,2024-05-12
7000,Cliente_229,Producto,Media,Carlos M.,9,3,Resuelto,2025-06-04
7001,Cliente_390,Técnico,Media,Carlos M.,4,3,Resuelto,2024-02-29
7002,Cliente_467,Técnico,Crítica,Ana L.,71,4,En espera,2024-10-02
7003,Cliente_77,Facturación,Baja,Carlos M.,65,3,Resuelto,2024-05-02
7004,Cliente_188,Técnico,Media,Carlos M.,57,1,Resuelto,2025-04-11
7005,Cliente_346,Entrega,Alta,Fernanda P.,25,4,Abierto,2024-12-13
7006,Cliente_270,Producto,Baja,Carlos M.,58,1,Resuelto,2025-08-05
7007,Cliente_95,Técnico,Baja,Ana L.,6,4,Resuelto,2025-05-03
7008,Cliente_310,Técnico,Baja,Fernanda P.,14,1,Resuelto,2024-02-01
7009,Cliente_132,Cuenta,Media,Carlos M.,63,2,Resuelto,2024-06-22
7010,Cliente_39,Técnico,Baja,Fernanda P.,65,2,Resuelto,2024-12-30
7011,Cliente_72,Entrega,Baja,Fernanda P.,52,3,Resuelto,2025-05-07
7012,Cliente_281,Producto,Media,Fernanda P.,65,4,Resuelto,2025-06-20
7013,Cliente_333,Cuenta,Media,Fernanda P.,8,4,Resuelto,2024-06-09
7014,Cliente_160,Facturación,Baja,Fernanda P.,8,1,Resuelto,2024-11-20
7015,Cliente_187,Facturación,Media,Carlos M.,14,3,Resuelto,2024-10-11
7016,Cliente_486,Producto,Media,Fernanda P.,24,3,Escalado,2024-07-05
7017,Cliente_191,Facturación,Crítica,Fernanda P.,64,4,Resuelto,2024-06-07
7018,Cliente_422,Entrega,Media,Ana L.,25,2,Resuelto,2025-06-21
7019,Cliente_120,Técnico,Alta,Ana L.,6,4,Resuelto,2025-07-28
7020,Cliente_220,Producto,Media,Fernanda P.,1,4,Resuelto,2025-03-17
7021,Cliente_53,Cuenta,Baja,Carlos M.,33,5,Resuelto,2024-03-25
7022,Cliente_222,Técnico,Media,Ana L.,14,1,Resuelto,2024-11-10
7023,Cliente_451,Facturación,Alta,Ana L.,63,1,Resuelto,2025-03-21
7024,Cliente_412,Facturación,Media,Fernanda P.,56,5,Resuelto,2024-08-26
7025,Cliente_131,Cuenta,Alta,Carlos M.,62,3,Resuelto,2024-02-16
7026,Cliente_237,Entrega,Crítica,Carlos M.,28,1,Resuelto,2024-10-04
7027,Cliente_246,Cuenta,Baja,Ana L.,29,3,Resuelto,2025-04-08
7028,Cliente_226,Producto,Baja,Ana L.,23,2,Resuelto,2024-12-30
7029,Cliente_208,Cuenta,Baja,Ana L.,44,3,Resuelto,2024-06-22
7030,Cliente_406,Facturación,Media,Ana L.,38,1,Abierto,2024-03-31
7031,Cliente_96,Entrega,Baja,Ana L.,49,3,Resuelto,2024-11-18
7032,Cliente_422,Entrega,Alta,Fernanda P.,43,2,Resuelto,2024-06-28
7033,Cliente_200,Cuenta,Baja,Fernanda P.,10,5,Resuelto,2025-03-02
7034,Cliente_247,Producto,Media,Fernanda P.,27,1,Resuelto,2024-04-18
7035,Cliente_72,Facturación,Baja,Ana L.,8,2,Resuelto,2025-06-29
7036,Cliente_318,Técnico,Crítica,Fernanda P.,68,4,Resuelto,2024-11-22
7037,Cliente_185,Entrega,Media,Ana L.,30,5,Resuelto,2025-03-26
7038,Cliente_6,Cuenta,Crítica,Carlos M.,13,5,Escalado,2025-07-31
7039,Cliente_206,Producto,Crítica,Carlos M.,58,1,Resuelto,2024-09-24
7040,Cliente_32,Producto,Media,Fernanda P.,3,2,Abierto,2024-09-27
7041,Cliente_99,Facturación,Baja,Carlos M.,5,4,Resuelto,2025-05-18
7042,Cliente_394,Entrega,Baja,Carlos M.,22,2,En espera,2024-09-28
7043,Cliente_387,Facturación,Baja,Carlos M.,58,3,Resuelto,2024-09-15
7044,Cliente_256,Técnico,Alta,Fernanda P.,66,1,Resuelto,2024-08-25
7045,Cliente_187,Técnico,Baja,Carlos M.,40,3,Resuelto,2025-02-10
7046,Cliente_76,Técnico,Baja,Fernanda P.,5,3,En espera,2024-10-30
7047,Cliente_177,Producto,Media,Ana L.,16,5,Resuelto,2025-03-14
7048,Cliente_315,Entrega,Media,Ana L.,15,5,Resuelto,2024-08-17
7049,Cliente_287,Facturación,Media,Fernanda P.,18,3,Escalado,2024-10-29
7050,Cliente_349,Facturación,Media,Fernanda P.,47,2,Resuelto,2025-02-22
7051,Cliente_255,Técnico,Alta,Carlos M.,4,1,Resuelto,2024-06-12
7052,Cliente_325,Entrega,Media,Ana L.,53,1,Resuelto,2024-05-24
7053,Cliente_190,Entrega,Baja,Carlos M.,58,2,Resuelto,2024-12-19
7054,Cliente_308,Cuenta,Alta,Ana L.,58,3,En espera,2024-05-08
7055,Cliente_345,Entrega,Crítica,Carlos M.,59,1,Resuelto,2024-09-11
7056,Cliente_127,Entrega,Baja,Carlos M.,34,5,Resuelto,2025-07-18
7057,Cliente_425,Facturación,Media,Ana L.,30,4,Resuelto,2025-04-25
7058,Cliente_287,Entrega,Media,Carlos M.,54,5,Resuelto,2025-02-25
7059,Cliente_254,Entrega,Baja,Ana L.,68,2,Resuelto,2024-04-17
7060,Cliente_213,Facturación,Alta,Fernanda P.,68,4,Resuelto,2024-10-07
7061,Cliente_250,Entrega,Baja,Carlos M.,26,1,Escalado,2024-01-29
7062,Cliente_84,Facturación,Alta,Ana L.,3,1,Resuelto,2024-04-24
7063,Cliente_487,Cuenta,Media,Ana L.,57,4,Resuelto,2025-06-30
7064,Cliente_383,Producto,Media,Carlos M.,37,1,Escalado,2025-07-01
7065,Cliente_406,Facturación,Baja,Ana L.,38,4,Resuelto,2024-03-11
7066,Cliente_388,Facturación,Baja,Carlos M.,41,3,Resuelto,2025-01-28
7067,Cliente_13,Entrega,Baja,Carlos M.,4,2,Resuelto,2025-06-21
7068,Cliente_45,Facturación,Baja,Fernanda P.,26,5,Resuelto,2024-06-24
7069,Cliente_127,Técnico,Media,Fernanda P.,39,4,Abierto,2024-06-24
7070,Cliente_426,Técnico,Alta,Fernanda P.,42,4,Resuelto,2024-01-13
7071,Cliente_114,Cuenta,Media,Carlos M.,11,3,Escalado,2024-08-11
7072,Cliente_433,Facturación,Alta,Carlos M.,11,5,En espera,2024-08-12
7073,Cliente_276,Entrega,Media,Ana L.,54,3,En espera,2025-03-29
7074,Cliente_500,Entrega,Alta,Fernanda P.,38,3,Resuelto,2025-04-28
7075,Cliente_205,Producto,Crítica,Fernanda P.,20,2,Resuelto,2024-07-12
7076,Cliente_337,Cuenta,Baja,Ana L.,26,1,Resuelto,2024-05-04
7077,Cliente_438,Entrega,Alta,Fernanda P.,14,5,Resuelto,2025-06-02
7078,Cliente_420,Producto,Media,Fernanda P.,50,3,Resuelto,2024-11-07
7079,Cliente_481,Entrega,Alta,Fernanda P.,25,1,En espera,2024-10-12
7080,Cliente_385,Producto,Media,Ana L.,55,1,Resuelto,2025-07-20
7081,Cliente_399,Técnico,Media,Fernanda P.,51,1,Resuelto,2024-08-04
7082,Cliente_461,Técnico,Baja,Carlos M.,10,1,Resuelto,2025-02-20
7083,Cliente_273,Entrega,Baja,Fernanda P.,14,2,Resuelto,2024-06-18
7084,Cliente_408,Cuenta,Media,Carlos M.,5,2,Resuelto,2025-06-01
7085,Cliente_58,Facturación,Crítica,Fernanda P.,57,3,Resuelto,2024-09-20
7086,Cliente_328,Cuenta,Alta,Carlos M.,22,1,Resuelto,2025-08-09
7087,Cliente_498,Cuenta,Media,Fernanda P.,29,3,Resuelto,2024-08-03
7088,Cliente_219,Facturación,Alta,Carlos M.,7,4,Resuelto,2024-11-21
7089,Cliente_109,Técnico,Alta,Carlos M.,18,2,En espera,2025-07-05
7090,Cliente_279,Técnico,Baja,Fernanda P.,31,2,En espera,2025-08-14
7091,Cliente_174,Facturación,Baja,Ana L.,43,5,Resuelto,2024-12-09
7092,Cliente_328,Producto,Baja,Fernanda P.,35,4,Resuelto,2024-04-13
7093,Cliente_264,Cuenta,Alta,Ana L.,71,2,Resuelto,2025-05-22
7094,Cliente_315,Entrega,Alta,Ana L.,4,1,Resuelto,2024-11-09
7095,Cliente_474,Técnico,Baja,Ana L.,51,1,En espera,2024-12-12
7096,Cliente_111,Entrega,Baja,Ana L.,30,1,Escalado,2024-01-09
7097,Cliente_187,Facturación,Alta,Ana L.,53,3,Resuelto,2025-07-14
7098,Cliente_269,Entrega,Crítica,Ana L.,14,2,Escalado,2024-09-21
7099,Cliente_423,Entrega,Alta,Fernanda P.,36,3,Resuelto,2024-06-22
7100,Cliente_229,Cuenta,Media,Carlos M.,12,2,Resuelto,2025-01-12
7101,Cliente_497,Facturación,Baja,Carlos M.,34,5,Resuelto,2024-06-10
7102,Cliente_156,Entrega,Media,Fernanda P.,26,3,Resuelto,2024-05-07
7103,Cliente_473,Técnico,Baja,Fernanda P.,6,2,Resuelto,2024-01-27
7104,Cliente_189,Facturación,Alta,Fernanda P.,53,5,Resuelto,2024-03-24
7105,Cliente_272,Técnico,Media,Ana L.,15,2,Resuelto,2024-08-03
7106,Cliente_375,Producto,Alta,Ana L.,19,4,Resuelto,2024-06-17
7107,Cliente_2,Entrega,Media,Carlos M.,47,3,Resuelto,2025-08-17
7108,Cliente_246,Facturación,Alta,Fernanda P.,61,1,Resuelto,2024-01-18
7109,Cliente_210,Técnico,Media,Carlos M.,52,5,Resuelto,2024-11-01
7110,Cliente_401,Entrega,Media,Carlos M.,18,5,Resuelto,2024-02-10
7111,Cliente_286,Cuenta,Media,Ana L.,60,1,Resuelto,2024-01-18
7112,Cliente_359,Técnico,Baja,Ana L.,47,5,Escalado,2024-07-07
7113,Cliente_13,Técnico,Crítica,Carlos M.,57,1,Resuelto,2024-07-18
7114,Cliente_96,Producto,Media,Ana L.,33,1,Resuelto,2024-12-21
7115,Cliente_498,Cuenta,Media,Ana L.,32,2,Abierto,2025-04-30
7116,Cliente_221,Producto,Alta,Ana L.,4,3,Resuelto,2024-02-22
7117,Cliente_238,Cuenta,Alta,Carlos M.,41,4,Resuelto,2024-03-20
7118,Cliente_94,Técnico,Media,Carlos M.,19,5,Escalado,2024-11-04
7119,Cliente_338,Producto,Crítica,Carlos M.,7,2,Resuelto,2024-09-25
7120,Cliente_269,Entrega,Baja,Fernanda P.,26,4,En espera,2024-09-03
7121,Cliente_171,Cuenta,Baja,Carlos M.,51,4,Escalado,2024-02-25
7122,Cliente_469,Técnico,Media,Ana L.,56,5,Resuelto,2024-07-07
7123,Cliente_94,Facturación,Media,Carlos M.,71,5,Resuelto,2025-05-14
7124,Cliente_149,Cuenta,Media,Fernanda P.,51,2,Resuelto,2025-03-09
7125,Cliente_112,Cuenta,Media,Ana L.,8,5,Abierto,2024-05-28
7126,Cliente_55,Entrega,Media,Carlos M.,13,4,En espera,2024-09-20
7127,Cliente_337,Cuenta,Alta,Carlos M.,32,5,Abierto,2025-03-09
7128,Cliente_424,Cuenta,Media,Ana L.,34,2,Resuelto,2025-01-20
7129,Cliente_467,Entrega,Crítica,Carlos M.,18,2,Abierto,2025-08-04
7130,Cliente_116,Entrega,Alta,Fernanda P.,55,2,Abierto,2025-06-01
7131,Cliente_143,Producto,Baja,Ana L.,43,5,Resuelto,2025-06-17
7132,Cliente_201,Técnico,Baja,Carlos M.,24,3,Resuelto,2025-04-17
7133,Cliente_180,Técnico,Media,Ana L.,21,2,Resuelto,2024-11-13
7134,Cliente_202,Producto,Alta,Carlos M.,18,3,Resuelto,2025-08-03
7135,Cliente_364,Técnico,Baja,Carlos M.,14,1,Resuelto,2025-08-20
7136,Cliente_479,Cuenta,Baja,Ana L.,53,2,Resuelto,2025-07-22
7137,Cliente_53,Producto,Crítica,Carlos M.,19,3,Resuelto,2025-04-10
7138,Cliente_471,Producto,Media,Carlos M.,57,3,Abierto,2024-06-01
7139,Cliente_384,Técnico,Baja,Ana L.,64,4,Escalado,2024-12-28
7140,Cliente_180,Facturación,Baja,Carlos M.,2,3,Escalado,2024-01-08
7141,Cliente_414,Técnico,Alta,Carlos M.,57,4,Resuelto,2024-12-25
7142,Cliente_417,Facturación,Alta,Ana L.,34,3,En espera,2024-05-20
7143,Cliente_313,Producto,Baja,Fernanda P.,49,3,Resuelto,2024-11-12
7144,Cliente_308,Facturación,Media,Fernanda P.,54,1,En espera,2025-01-26
7145,Cliente_137,Cuenta,Alta,Fernanda P.,22,3,Resuelto,2024-08-27
7146,Cliente_182,Entrega,Alta,Fernanda P.,44,5,Abierto,2025-05-20
7147,Cliente_367,Facturación,Alta,Fernanda P.,35,5,Resuelto,2024-01-27
7148,Cliente_1,Entrega,Media,Fernanda P.,29,5,En espera,2024-11-05
7149,Cliente_44,Cuenta,Crítica,Ana L.,6,1,Resuelto,2024-06-04
7150,Cliente_227,Entrega,Media,Ana L.,37,3,Resuelto,2024-07-31
7151,Cliente_331,Cuenta,Baja,Ana L.,58,1,Resuelto,2024-06-28
7152,Cliente_98,Entrega,Alta,Carlos M.,64,3,Resuelto,2024-04-02
7153,Cliente_208,Entrega,Media,Fernanda P.,31,4,Resuelto,2024-07-07
7154,Cliente_265,Técnico,Alta,Fernanda P.,50,1,Resuelto,2024-08-31
7155,Cliente_288,Facturación,Baja,Ana L.,60,5,Resuelto,2024-02-14
7156,Cliente_271,Entrega,Alta,Carlos M.,14,5,En espera,2025-08-15
7157,Cliente_140,Producto,Baja,Carlos M.,70,5,Escalado,2025-06-25
7158,Cliente_481,Técnico,Media,Ana L.,11,3,Resuelto,2024-05-21
7159,Cliente_237,Facturación,Baja,Fernanda P.,27,3,Resuelto,2024-12-01
7160,Cliente_462,Técnico,Media,Carlos M.,69,1,Resuelto,2024-05-25
7161,Cliente_441,Facturación,Alta,Fernanda P.,38,2,Resuelto,2024-06-14
7162,Cliente_392,Cuenta,Media,Carlos M.,62,3,En espera,2024-02-22
7163,Cliente_72,Entrega,Baja,Fernanda P.,53,2,Resuelto,2024-05-22
7164,Cliente_155,Producto,Media,Carlos M.,18,2,Resuelto,2024-02-02
7165,Cliente_190,Técnico,Alta,Fernanda P.,52,3,Resuelto,2024-05-26
7166,Cliente_268,Técnico,Media,Fernanda P.,24,1,Abierto,2025-08-19
7167,Cliente_321,Técnico,Baja,Fernanda P.,7,2,Escalado,2025-07-21
7168,Cliente_107,Técnico,Baja,Ana L.,14,1,Resuelto,2024-10-19
7169,Cliente_232,Entrega,Crítica,Fernanda P.,50,1,Escalado,2025-07-23
7170,Cliente_42,Facturación,Media,Fernanda P.,24,3,Resuelto,2024-01-09
7171,Cliente_190,Entrega,Baja,Carlos M.,13,2,Resuelto,2024-05-11
7172,Cliente_371,Cuenta,Alta,Carlos M.,19,1,Escalado,2025-08-05
7173,Cliente_139,Entrega,Media,Ana L.,29,2,Abierto,2024-07-09
7174,Cliente_103,Entrega,Baja,Carlos M.,22,1,Resuelto,2024-04-13
7175,Cliente_171,Cuenta,Crítica,Fernanda P.,2,3,Resuelto,2024-09-03
7176,Cliente_351,Entrega,Media,Ana L.,36,1,Resuelto,2024-03-01
7177,Cliente_273,Facturación,Media,Ana L.,38,3,Abierto,2025-02-23
7178,Cliente_481,Producto,Media,Ana L.,18,3,En espera,2024-09-20
7179,Cliente_416,Cuenta,Alta,Fernanda P.,51,2,Resuelto,2025-05-10
7180,Cliente_221,Técnico,Baja,Fernanda P.,15,2,Resuelto,2024-02-14
7181,Cliente_213,Facturación,Baja,Carlos M.,52,2,Resuelto,2024-09-26
7182,Cliente_341,Producto,Baja,Carlos M.,17,4,Resuelto,2025-04-12
7183,Cliente_424,Facturación,Alta,Carlos M.,22,2,Resuelto,2025-05-07
7184,Cliente_407,Facturación,Media,Ana L.,54,2,Resuelto,2025-08-06
7185,Cliente_56,Técnico,Media,Fernanda P.,52,1,Resuelto,2025-01-10
7186,Cliente_390,Producto,Baja,Carlos M.,46,4,Resuelto,2025-07-17
7187,Cliente_342,Facturación,Media,Fernanda P.,4,4,Resuelto,2025-05-15
7188,Cliente_434,Técnico,Alta,Ana L.,7,1,Resuelto,2024-05-09
7189,Cliente_102,Cuenta,Media,Fernanda P.,10,2,Resuelto,2025-07-13
7190,Cliente_421,Técnico,Alta,Fernanda P.,15,5,Resuelto,2025-04-06
7191,Cliente_493,Entrega,Media,Ana L.,26,3,Resuelto,2024-03-20
7192,Cliente_192,Técnico,Alta,Carlos M.,40,4,Resuelto,2024-05-16
7193,Cliente_499,Técnico,Baja,Fernanda P.,61,1,Resuelto,2024-01-02
7194,Cliente_310,Técnico,Media,Fernanda P.,16,5,Escalado,2024-03-15
7195,Cliente_200,Facturación,Crítica,Ana L.,18,3,Resuelto,2024-08-08
7196,Cliente_233,Producto,Crítica,Fernanda P.,2,5,Resuelto,2024-09-08
7197,Cliente_433,Técnico,Baja,Fernanda P.,54,2,Resuelto,2025-04-14
7198,Cliente_227,Técnico,Media,Fernanda P.,18,1,Resuelto,2024-10-29
7199,Cliente_371,Entrega,Baja,Ana L.,54,3,Resuelto,2025-01-02
7200,Cliente_139,Entrega,Alta,Fernanda P.,38,3,Resuelto,2025-01-17
7201,Cliente_344,Cuenta,Media,Ana L.,15,2,Resuelto,2024-06-12
7202,Cliente_305,Cuenta,Media,Carlos M.,64,2,En espera,2024-02-02
7203,Cliente_149,Entrega,Baja,Fernanda P.,8,2,Resuelto,2024-12-24
7204,Cliente_115,Producto,Crítica,Ana L.,46,1,Resuelto,2024-07-09
7205,Cliente_450,Cuenta,Media,Ana L.,39,4,Resuelto,2024-01-18
7206,Cliente_63,Producto,Baja,Fernanda P.,52,5,Resuelto,2025-02-09
7207,Cliente_104,Entrega,Media,Ana L.,8,1,Resuelto,2024-08-04
7208,Cliente_339,Cuenta,Baja,Carlos M.,50,1,Resuelto,2024-12-22
7209,Cliente_359,Técnico,Media,Carlos M.,50,5,Resuelto,2024-01-05
7210,Cliente_156,Entrega,Crítica,Carlos M.,68,3,Abierto,2024-10-14
7211,Cliente_273,Cuenta,Alta,Carlos M.,27,5,Resuelto,2025-01-06
7212,Cliente_6,Producto,Media,Ana L.,38,2,Resuelto,2025-08-07
7213,Cliente_147,Producto,Alta,Ana L.,21,3,En espera,2024-09-26
7214,Cliente_184,Cuenta,Media,Carlos M.,45,1,Escalado,2025-06-27
7215,Cliente_486,Producto,Baja,Carlos M.,58,5,Resuelto,2024-04-18
7216,Cliente_28,Cuenta,Crítica,Carlos M.,23,1,Escalado,2024-04-17
7217,Cliente_450,Cuenta,Media,Carlos M.,54,1,Resuelto,2025-06-27
7218,Cliente_38,Producto,Media,Carlos M.,30,5,Abierto,2024-05-17
7219,Cliente_119,Facturación,Crítica,Ana L.,16,1,Resuelto,2025-04-26
7220,Cliente_293,Técnico,Baja,Carlos M.,52,4,En espera,2024-03-09
7221,Cliente_371,Entrega,Alta,Carlos M.,41,4,Resuelto,2024-10-10
7222,Cliente_244,Técnico,Crítica,Fernanda P.,71,1,Resuelto,2024-12-09
7223,Cliente_68,Entrega,Media,Ana L.,24,3,Resuelto,2024-06-10
7224,Cliente_214,Entrega,Baja,Carlos M.,20,3,En espera,2025-03-12
7225,Cliente_218,Técnico,Media,Ana L.,27,3,Escalado,2024-10-08
7226,Cliente_177,Cuenta,Baja,Fernanda P.,2,3,Resuelto,2025-07-08
7227,Cliente_299,Producto,Media,Fernanda P.,60,4,Resuelto,2024-11-22
7228,Cliente_164,Facturación,Alta,Carlos M.,51,3,Resuelto,2025-03-16
7229,Cliente_58,Facturación,Media,Carlos M.,1,5,Resuelto,2025-01-05
7230,Cliente_269,Facturación,Media,Carlos M.,6,3,Escalado,2025-03-07
7231,Cliente_308,Técnico,Media,Carlos M.,38,5,Resuelto,2025-07-27
7232,Cliente_58,Técnico,Media,Fernanda P.,54,4,Resuelto,2024-12-31
7233,Cliente_288,Cuenta,Alta,Ana L.,60,5,Resuelto,2024-08-24
7234,Cliente_465,Facturación,Media,Carlos M.,27,5,Resuelto,2025-03-20
7235,Cliente_105,Cuenta,Alta,Ana L.,62,1,Resuelto,2024-08-05
7236,Cliente_228,Facturación,Media,Carlos M.,63,5,Resuelto,2024-07-17
7237,Cliente_247,Técnico,Media,Carlos M.,35,1,Resuelto,2025-01-20
7238,Cliente_188,Producto,Baja,Fernanda P.,58,3,Resuelto,2024-07-20
7239,Cliente_494,Producto,Media,Carlos M.,61,5,Resuelto,2024-02-16
7240,Cliente_83,Producto,Media,Carlos M.,36,5,Resuelto,2024-09-11
7241,Cliente_186,Producto,Baja,Carlos M.,56,2,En espera,2024-10-11
7242,Cliente_252,Entrega,Crítica,Fernanda P.,67,3,Resuelto,2024-07-09
7243,Cliente_355,Facturación,Media,Ana L.,57,5,En espera,2024-01-25
7244,Cliente_238,Producto,Crítica,Fernanda P.,41,5,Resuelto,2025-03-06
7245,Cliente_360,Entrega,Baja,Carlos M.,31,2,Resuelto,2025-08-03
7246,Cliente_184,Entrega,Media,Carlos M.,3,1,Resuelto,2024-03-03
7247,Cliente_284,Entrega,Baja,Carlos M.,38,3,Resuelto,2025-06-13
7248,Cliente_385,Cuenta,Baja,Ana L.,53,2,En espera,2025-01-06
7249,Cliente_426,Cuenta,Alta,Ana L.,52,3,Escalado,2024-12-23
7250,Cliente_210,Entrega,Baja,Carlos M.,24,3,Resuelto,2025-07-01
7251,Cliente_304,Producto,Media,Carlos M.,26,1,Abierto,2024-11-27
7252,Cliente_296,Facturación,Baja,Ana L.,37,1,Resuelto,2025-08-22
7253,Cliente_97,Técnico,Media,Fernanda P.,48,4,Resuelto,2024-06-06
7254,Cliente_447,Cuenta,Alta,Fernanda P.,67,2,Resuelto,2025-01-12
7255,Cliente_460,Producto,Media,Ana L.,41,2,Resuelto,2025-07-23
7256,Cliente_456,Producto,Alta,Ana L.,49,3,Resuelto,2025-01-07
7257,Cliente_472,Técnico,Media,Carlos M.,28,4,Resuelto,2024-07-30
7258,Cliente_208,Técnico,Crítica,Ana L.,32,4,En espera,2024-12-21
7259,Cliente_370,Producto,Alta,Ana L.,71,3,Abierto,2025-01-06
7260,Cliente_388,Técnico,Media,Carlos M.,71,1,En espera,2025-02-22
7261,Cliente_422,Producto,Media,Ana L.,32,4,Resuelto,2024-10-16
7262,Cliente_492,Técnico,Crítica,Carlos M.,38,2,Resuelto,2025-04-13
7263,Cliente_411,Técnico,Media,Fernanda P.,20,1,Escalado,2025-01-15
7264,Cliente_137,Producto,Alta,Fernanda P.,8,5,Resuelto,2025-05-08
7265,Cliente_367,Entrega,Media,Fernanda P.,68,4,Abierto,2024-05-15
7266,Cliente_400,Producto,Baja,Carlos M.,26,3,Resuelto,2024-11-14
7267,Cliente_184,Facturación,Alta,Fernanda P.,70,2,Resuelto,2025-01-05
7268,Cliente_76,Técnico,Media,Fernanda P.,48,4,Abierto,2024-07-08
7269,Cliente_287,Cuenta,Media,Carlos M.,69,3,Escalado,2024-04-20
7270,Cliente_472,Técnico,Media,Carlos M.,46,2,Resuelto,2024-06-28
7271,Cliente_375,Facturación,Baja,Fernanda P.,58,4,En espera,2025-08-18
7272,Cliente_142,Cuenta,Alta,Fernanda P.,70,2,Resuelto,2024-03-24
7273,Cliente_237,Cuenta,Crítica,Fernanda P.,67,5,Resuelto,2025-01-22
7274,Cliente_25,Producto,Alta,Ana L.,29,2,Resuelto,2025-07-27
7275,Cliente_290,Entrega,Media,Carlos M.,10,3,Resuelto,2025-01-17
7276,Cliente_67,Producto,Media,Carlos M.,71,4,Resuelto,2024-05-12
7277,Cliente_250,Cuenta,Alta,Carlos M.,65,3,Escalado,2025-03-16
7278,Cliente_408,Cuenta,Media,Carlos M.,65,5,Resuelto,2024-11-14
7279,Cliente_118,Entrega,Media,Fernanda P.,17,1,Resuelto,2024-03-29
7280,Cliente_490,Técnico,Crítica,Carlos M.,22,2,Escalado,2024-07-27
7281,Cliente_73,Entrega,Media,Ana L.,14,3,Resuelto,2024-09-17
7282,Cliente_282,Producto,Media,Ana L.,6,4,Resuelto,2024-12-20
7283,Cliente_404,Técnico,Baja,Fernanda P.,30,4,Resuelto,2025-05-04
7284,Cliente_448,Producto,Baja,Fernanda P.,47,1,Resuelto,2024-09-07
7285,Cliente_360,Entrega,Baja,Carlos M.,20,4,Resuelto,2025-06-16
7286,Cliente_10,Técnico,Crítica,Fernanda P.,16,5,Resuelto,2024-10-01
7287,Cliente_211,Entrega,Media,Fernanda P.,68,1,Resuelto,2024-11-20
7288,Cliente_323,Facturación,Media,Fernanda P.,34,5,Abierto,2024-08-26
7289,Cliente_152,Cuenta,Alta,Ana L.,1,2,En espera,2024-02-04
7290,Cliente_5,Técnico,Media,Carlos M.,48,5,Resuelto,2024-11-10
7291,Cliente_195,Cuenta,Media,Fernanda P.,8,2,Resuelto,2025-07-07
7292,Cliente_442,Facturación,Baja,Carlos M.,22,5,Resuelto,2024-12-22
7293,Cliente_283,Técnico,Alta,Carlos M.,68,1,Resuelto,2024-03-26
7294,Cliente_464,Cuenta,Baja,Carlos M.,34,2,En espera,2024-02-18
7295,Cliente_113,Cuenta,Baja,Ana L.,60,5,Resuelto,2025-04-18
7296,Cliente_271,Técnico,Baja,Carlos M.,45,5,Escalado,2024-10-23
7297,Cliente_163,Cuenta,Baja,Carlos M.,37,4,Resuelto,2024-04-14
7298,Cliente_460,Cuenta,Baja,Fernanda P.,23,5,Resuelto,2025-07-14
7299,Cliente_105,Técnico,Media,Fernanda P.,24,4,Resuelto,2024-03-11
7300,Cliente_181,Cuenta,Baja,Ana L.,13,5,Resuelto,2025-04-08
7301,Cliente_44,Cuenta,Media,Carlos M.,69,3,Resuelto,2025-08-18
7302,Cliente_282,Producto,Baja,Ana L.,60,4,Escalado,2024-06-22
7303,Cliente_175,Producto,Baja,Carlos M.,38,1,Resuelto,2024-11-15
7304,Cliente_162,Facturación,Media,Ana L.,48,1,Resuelto,2025-03-09
7305,Cliente_471,Producto,Crítica,Carlos M.,26,2,Resuelto,2024-10-16
7306,Cliente_351,Producto,Alta,Fernanda P.,1,1,Resuelto,2024-08-01
7307,Cliente_434,Facturación,Crítica,Ana L.,4,2,Resuelto,2024-06-03
7308,Cliente_340,Cuenta,Media,Fernanda P.,67,1,Abierto,2024-01-07
7309,Cliente_140,Cuenta,Media,Carlos M.,13,4,Abierto,2025-04-27
7310,Cliente_471,Producto,Media,Ana L.,39,3,Resuelto,2024-05-02
7311,Cliente_132,Facturación,Media,Fernanda P.,31,2,Resuelto,2025-03-25
7312,Cliente_87,Cuenta,Baja,Fernanda P.,24,3,En espera,2024-05-06
7313,Cliente_176,Entrega,Media,Fernanda P.,5,5,Resuelto,2025-01-20
7314,Cliente_183,Técnico,Media,Carlos M.,49,5,Resuelto,2024-08-29
7315,Cliente_368,Técnico,Media,Ana L.,11,3,Resuelto,2025-06-06
7316,Cliente_129,Técnico,Media,Fernanda P.,24,4,Resuelto,2024-10-13
7317,Cliente_246,Producto,Baja,Carlos M.,45,3,Resuelto,2025-07-11
7318,Cliente_89,Técnico,Media,Carlos M.,34,3,Resuelto,2024-11-21
7319,Cliente_66,Técnico,Baja,Carlos M.,11,3,Resuelto,2024-08-16
7320,Cliente_158,Entrega,Crítica,Ana L.,57,2,Abierto,2024-03-08
7321,Cliente_387,Cuenta,Baja,Carlos M.,29,2,Resuelto,2025-07-11
7322,Cliente_378,Entrega,Baja,Carlos M.,22,3,Resuelto,2024-11-27
7323,Cliente_149,Producto,Alta,Ana L.,33,4,Abierto,2024-06-03
7324,Cliente_473,Técnico,Media,Ana L.,72,5,Resuelto,2025-05-23
7325,Cliente_340,Cuenta,Baja,Carlos M.,49,5,Resuelto,2024-01-12
7326,Cliente_433,Técnico,Media,Carlos M.,23,5,Escalado,2024-07-06
7327,Cliente_116,Técnico,Baja,Fernanda P.,69,1,Resuelto,2024-01-17
7328,Cliente_214,Producto,Baja,Ana L.,29,4,Abierto,2024-12-16
7329,Cliente_469,Técnico,Baja,Ana L.,6,2,Escalado,2024-01-09
7330,Cliente_446,Facturación,Media,Fernanda P.,52,5,Abierto,2024-07-29
7331,Cliente_481,Cuenta,Alta,Carlos M.,14,2,Resuelto,2024-01-29
7332,Cliente_372,Cuenta,Media,Carlos M.,17,2,Escalado,2025-02-12
7333,Cliente_294,Facturación,Media,Carlos M.,28,2,Resuelto,2024-05-20
7334,Cliente_253,Producto,Baja,Carlos M.,9,2,Resuelto,2025-03-03
7335,Cliente_143,Técnico,Media,Fernanda P.,66,3,Resuelto,2024-05-10
7336,Cliente_250,Técnico,Alta,Ana L.,4,2,En espera,2025-01-12
7337,Cliente_366,Cuenta,Baja,Ana L.,20,1,Resuelto,2025-05-23
7338,Cliente_436,Producto,Alta,Carlos M.,41,2,Escalado,2025-01-28
7339,Cliente_463,Producto,Media,Fernanda P.,36,5,Resuelto,2024-06-12
7340,Cliente_302,Producto,Alta,Carlos M.,6,2,En espera,2024-07-03
7341,Cliente_25,Técnico,Media,Carlos M.,65,5,Escalado,2024-09-15
7342,Cliente_277,Producto,Media,Fernanda P.,50,2,Resuelto,2025-02-05
7343,Cliente_472,Facturación,Alta,Fernanda P.,64,4,Escalado,2025-03-08
7344,Cliente_377,Entrega,Alta,Ana L.,3,3,Resuelto,2025-06-15
7345,Cliente_378,Producto,Baja,Ana L.,37,5,Escalado,2024-11-25
7346,Cliente_389,Entrega,Crítica,Carlos M.,3,1,Escalado,2025-03-23
7347,Cliente_70,Técnico,Baja,Carlos M.,33,2,Resuelto,2024-08-12
7348,Cliente_113,Producto,Baja,Ana L.,59,5,Resuelto,2024-12-01
7349,Cliente_363,Cuenta,Media,Fernanda P.,15,3,Resuelto,2025-05-04
7350,Cliente_112,Técnico,Alta,Carlos M.,56,2,Resuelto,2025-02-22
7351,Cliente_364,Facturación,Crítica,Carlos M.,61,3,Resuelto,2025-01-14
7352,Cliente_303,Facturación,Media,Fernanda P.,68,1,Resuelto,2025-01-30
7353,Cliente_471,Entrega,Baja,Carlos M.,71,5,Resuelto,2024-01-13
7354,Cliente_452,Entrega,Media,Fernanda P.,68,1,Resuelto,2024-01-08
7355,Cliente_91,Cuenta,Baja,Ana L.,62,3,Escalado,2024-06-07
7356,Cliente_18,Cuenta,Media,Ana L.,67,4,Resuelto,2024-05-07
7357,Cliente_149,Facturación,Media,Ana L.,23,4,Resuelto,2024-12-21
7358,Cliente_476,Producto,Baja,Ana L.,14,5,Resuelto,2024-06-01
7359,Cliente_227,Facturación,Media,Ana L.,6,2,Resuelto,2025-06-08
7360,Cliente_214,Facturación,Media,Carlos M.,33,1,Escalado,2025-06-27
7361,Cliente_360,Cuenta,Alta,Ana L.,9,4,Resuelto,2025-02-09
7362,Cliente_151,Entrega,Media,Carlos M.,12,4,Resuelto,2024-05-13
7363,Cliente_192,Cuenta,Baja,Carlos M.,51,2,Resuelto,2024-02-18
7364,Cliente_451,Cuenta,Baja,Fernanda P.,3,1,Resuelto,2025-08-05
7365,Cliente_40,Cuenta,Baja,Carlos M.,56,3,Resuelto,2024-03-08
7366,Cliente_242,Facturación,Baja,Carlos M.,46,4,Resuelto,2024-06-16
7367,Cliente_138,Producto,Media,Ana L.,36,5,Resuelto,2025-05-19
7368,Cliente_345,Facturación,Crítica,Ana L.,13,5,Resuelto,2024-04-13
7369,Cliente_180,Técnico,Media,Fernanda P.,13,3,Escalado,2024-06-06
7370,Cliente_497,Cuenta,Media,Fernanda P.,58,2,Resuelto,2024-04-10
7371,Cliente_200,Cuenta,Media,Carlos M.,34,2,Resuelto,2024-04-23
7372,Cliente_203,Técnico,Media,Fernanda P.,43,4,Resuelto,2025-03-21
7373,Cliente_61,Cuenta,Crítica,Ana L.,28,4,Escalado,2024-11-13
7374,Cliente_192,Cuenta,Crítica,Ana L.,56,4,Escalado,2025-06-25
7375,Cliente_5,Cuenta,Media,Ana L.,47,3,Resuelto,2024-02-01
7376,Cliente_378,Técnico,Baja,Carlos M.,35,3,Escalado,2024-12-04
7377,Cliente_237,Facturación,Alta,Carlos M.,19,4,Escalado,2024-04-25
7378,Cliente_181,Cuenta,Baja,Fernanda P.,51,2,Resuelto,2025-02-12
7379,Cliente_311,Producto,Alta,Ana L.,20,1,Abierto,2025-05-20
7380,Cliente_37,Técnico,Alta,Carlos M.,29,4,Resuelto,2025-08-21
7381,Cliente_56,Entrega,Baja,Carlos M.,72,2,Resuelto,2025-06-07
7382,Cliente_443,Técnico,Crítica,Fernanda P.,65,2,Resuelto,2024-09-21
7383,Cliente_237,Facturación,Crítica,Ana L.,38,5,Resuelto,2025-01-15
7384,Cliente_358,Técnico,Crítica,Ana L.,49,1,Escalado,2024-09-29
7385,Cliente_349,Entrega,Media,Fernanda P.,28,4,En espera,2025-05-12
7386,Cliente_197,Producto,Baja,Fernanda P.,33,1,Resuelto,2025-05-13
7387,Cliente_73,Entrega,Media,Fernanda P.,13,4,Resuelto,2025-01-03
7388,Cliente_59,Técnico,Media,Fernanda P.,44,1,Resuelto,2025-01-11
7389,Cliente_240,Entrega,Baja,Ana L.,52,1,Resuelto,2024-02-29
7390,Cliente_2,Técnico,Media,Ana L.,41,2,Abierto,2025-02-28
7391,Cliente_449,Producto,Media,Fernanda P.,49,1,Resuelto,2025-03-27
7392,Cliente_360,Producto,Baja,Carlos M.,7,1,Resuelto,2024-05-16
7393,Cliente_188,Facturación,Media,Carlos M.,36,4,Resuelto,2024-08-22
7394,Cliente_307,Producto,Baja,Ana L.,26,2,Resuelto,2025-05-14
7395,Cliente_30,Cuenta,Alta,Ana L.,27,1,Resuelto,2024-09-11
7396,Cliente_267,Entrega,Media,Fernanda P.,24,2,Resuelto,2025-05-02
7397,Cliente_476,Entrega,Baja,Carlos M.,71,2,Resuelto,2024-12-14
7398,Cliente_108,Técnico,Crítica,Ana L.,33,3,Abierto,2025-01-02
7399,Cliente_332,Producto,Baja,Carlos M.,18,4,Resuelto,2025-05-17
7400,Cliente_423,Facturación,Media,Fernanda P.,5,3,Escalado,2024-04-07
7401,Cliente_90,Facturación,Alta,Ana L.,1,2,Resuelto,2024-10-03
7402,Cliente_205,Facturación,Alta,Ana L.,71,1,Escalado,2024-01-25
7403,Cliente_379,Cuenta,Baja,Carlos M.,3,4,Resuelto,2025-04-13
7404,Cliente_456,Producto,Crítica,Carlos M.,36,5,Resuelto,2025-07-27
7405,Cliente_447,Facturación,Crítica,Ana L.,35,4,Resuelto,2025-08-18
7406,Cliente_448,Cuenta,Media,Carlos M.,51,3,Resuelto,2025-06-19
7407,Cliente_445,Entrega,Media,Carlos M.,12,4,Escalado,2025-02-28
7408,Cliente_381,Técnico,Baja,Fernanda P.,15,1,Resuelto,2025-07-31
7409,Cliente_438,Producto,Media,Carlos M.,4,4,Resuelto,2024-09-21
7410,Cliente_220,Producto,Media,Ana L.,56,5,En espera,2024-08-22
7411,Cliente_378,Entrega,Alta,Fernanda P.,16,3,Resuelto,2024-05-05
7412,Cliente_94,Producto,Media,Ana L.,6,3,Escalado,2025-07-03
7413,Cliente_457,Producto,Media,Fernanda P.,63,2,Resuelto,2024-05-27
7414,Cliente_103,Producto,Baja,Fernanda P.,23,3,Escalado,2025-05-21
7415,Cliente_223,Producto,Baja,Carlos M.,44,5,Resuelto,2025-07-12
7416,Cliente_186,Cuenta,Baja,Carlos M.,1,5,Resuelto,2024-03-19
7417,Cliente_469,Cuenta,Baja,Ana L.,57,3,Resuelto,2025-06-23
7418,Cliente_184,Técnico,Media,Carlos M.,27,4,Abierto,2025-04-23
7419,Cliente_495,Producto,Alta,Fernanda P.,25,5,Resuelto,2024-10-04
7420,Cliente_162,Entrega,Media,Carlos M.,62,3,Resuelto,2024-04-22
7421,Cliente_247,Facturación,Media,Ana L.,18,3,Resuelto,2024-08-13
7422,Cliente_31,Técnico,Media,Fernanda P.,30,4,Resuelto,2024-03-13
7423,Cliente_52,Facturación,Media,Ana L.,30,3,Resuelto,2024-03-01
7424,Cliente_345,Facturación,Media,Carlos M.,47,1,Escalado,2025-05-28
7425,Cliente_76,Producto,Media,Fernanda P.,22,2,Resuelto,2024-12-30
7426,Cliente_385,Entrega,Alta,Ana L.,42,5,Resuelto,2024-03-29
7427,Cliente_439,Facturación,Baja,Carlos M.,34,4,En espera,2025-04-04
7428,Cliente_278,Facturación,Baja,Carlos M.,63,4,Abierto,2025-03-14
7429,Cliente_40,Técnico,Media,Ana L.,4,2,Resuelto,2024-01-04
7430,Cliente_101,Entrega,Crítica,Fernanda P.,31,1,Resuelto,2025-05-13
7431,Cliente_111,Entrega,Media,Ana L.,51,2,Escalado,2024-02-27
7432,Cliente_385,Facturación,Alta,Carlos M.,50,3,Resuelto,2024-06-03
7433,Cliente_321,Entrega,Media,Ana L.,14,4,Resuelto,2025-06-25
7434,Cliente_249,Técnico,Media,Carlos M.,8,3,Resuelto,2024-04-19
7435,Cliente_191,Técnico,Alta,Fernanda P.,69,4,Resuelto,2024-12-24
7436,Cliente_490,Técnico,Alta,Ana L.,8,4,Escalado,2024-11-13
7437,Cliente_182,Producto,Baja,Fernanda P.,11,3,Resuelto,2024-07-11
7438,Cliente_426,Facturación,Media,Ana L.,29,2,Resuelto,2025-06-06
7439,Cliente_405,Entrega,Baja,Carlos M.,55,5,Escalado,2025-03-08
7440,Cliente_335,Técnico,Media,Fernanda P.,39,5,Abierto,2025-06-12
7441,Cliente_209,Facturación,Alta,Carlos M.,13,2,Resuelto,2025-02-02
7442,Cliente_22,Facturación,Media,Ana L.,64,1,Resuelto,2024-04-26
7443,Cliente_166,Producto,Media,Carlos M.,49,2,Escalado,2024-08-16
7444,Cliente_99,Entrega,Alta,Ana L.,19,2,Resuelto,2024-10-17
7445,Cliente_493,Entrega,Media,Fernanda P.,67,2,Resuelto,2025-02-02
7446,Cliente_208,Técnico,Media,Carlos M.,52,5,Resuelto,2024-07-05
7447,Cliente_8,Técnico,Alta,Carlos M.,71,4,Escalado,2025-04-03
7448,Cliente_190,Facturación,Media,Ana L.,20,1,Abierto,2024-06-09
7449,Cliente_175,Entrega,Media,Ana L.,54,1,Resuelto,2024-02-24
7450,Cliente_273,Entrega,Baja,Ana L.,5,1,Abierto,2025-07-17
7451,Cliente_17,Técnico,Baja,Fernanda P.,62,3,Escalado,2024-01-19
7452,Cliente_90,Cuenta,Media,Carlos M.,17,2,Escalado,2025-02-26
7453,Cliente_141,Facturación,Media,Ana L.,53,4,Abierto,2025-04-15
7454,Cliente_145,Entrega,Crítica,Ana L.,37,4,En espera,2024-01-10
7455,Cliente_166,Producto,Crítica,Carlos M.,19,3,Resuelto,2025-03-31
7456,Cliente_337,Producto,Alta,Fernanda P.,10,5,Resuelto,2024-11-17
7457,Cliente_496,Cuenta,Media,Carlos M.,44,3,En espera,2025-03-15
7458,Cliente_78,Técnico,Crítica,Ana L.,49,3,Abierto,2024-01-07
7459,Cliente_429,Técnico,Media,Carlos M.,37,2,Escalado,2024-03-30
7460,Cliente_262,Técnico,Media,Ana L.,58,5,Resuelto,2024-06-16
7461,Cliente_163,Producto,Alta,Ana L.,15,3,Resuelto,2025-02-06
7462,Cliente_366,Técnico,Baja,Carlos M.,20,4,Resuelto,2024-07-16
7463,Cliente_14,Producto,Baja,Carlos M.,55,2,Abierto,2025-01-18
7464,Cliente_239,Cuenta,Alta,Fernanda P.,13,5,Resuelto,2025-06-06
7465,Cliente_72,Facturación,Media,Ana L.,20,4,En espera,2025-07-17
7466,Cliente_445,Entrega,Media,Ana L.,43,1,Resuelto,2024-12-21
7467,Cliente_143,Cuenta,Media,Ana L.,41,2,Resuelto,2024-05-19
7468,Cliente_310,Producto,Crítica,Ana L.,48,4,Resuelto,2024-11-24
7469,Cliente_283,Cuenta,Media,Ana L.,56,3,Resuelto,2024-10-22
7470,Cliente_269,Entrega,Media,Carlos M.,68,3,Abierto,2024-11-01
7471,Cliente_241,Facturación,Baja,Ana L.,44,2,Escalado,2024-03-04
7472,Cliente_415,Entrega,Baja,Carlos M.,47,5,Resuelto,2024-07-30
7473,Cliente_245,Producto,Crítica,Fernanda P.,50,3,Abierto,2025-02-14
7474,Cliente_163,Entrega,Media,Ana L.,32,4,Resuelto,2024-04-02
7475,Cliente_60,Cuenta,Media,Fernanda P.,54,1,En espera,2025-05-07
7476,Cliente_6,Técnico,Media,Carlos M.,39,5,Resuelto,2024-11-09
7477,Cliente_197,Cuenta,Alta,Carlos M.,58,2,Resuelto,2024-03-02
7478,Cliente_470,Producto,Media,Fernanda P.,61,3,Abierto,2025-03-09
7479,Cliente_58,Facturación,Media,Ana L.,72,5,Resuelto,2024-12-24
7480,Cliente_305,Entrega,Media,Carlos M.,19,1,Resuelto,2025-07-26
7481,Cliente_407,Facturación,Baja,Carlos M.,69,5,Escalado,2025-04-03
7482,Cliente_217,Producto,Crítica,Carlos M.,22,5,Resuelto,2024-02-23
7483,Cliente_418,Entrega,Crítica,Carlos M.,35,2,Resuelto,2024-10-24
7484,Cliente_26,Cuenta,Crítica,Carlos M.,10,1,Resuelto,2024-09-20
7485,Cliente_303,Cuenta,Crítica,Carlos M.,15,1,En espera,2024-11-30
7486,Cliente_5,Producto,Alta,Fernanda P.,2,5,Resuelto,2024-12-23
7487,Cliente_474,Entrega,Media,Ana L.,22,3,Resuelto,2025-03-03
7488,Cliente_20,Cuenta,Alta,Ana L.,12,5,Resuelto,2024-10-25
7489,Cliente_390,Producto,Media,Ana L.,62,4,Resuelto,2024-09-04
7490,Cliente_198,Producto,Baja,Ana L.,45,3,Resuelto,2024-11-28
7491,Cliente_59,Facturación,Media,Fernanda P.,58,2,Resuelto,2024-04-03
7492,Cliente_448,Cuenta,Crítica,Fernanda P.,20,1,Resuelto,2024-07-01
7493,Cliente_242,Entrega,Media,Ana L.,51,3,Abierto,2024-01-19
7494,Cliente_146,Cuenta,Alta,Carlos M.,7,2,Abierto,2024-07-14
7495,Cliente_388,Cuenta,Baja,Ana L.,24,5,Resuelto,2024-03-05
7496,Cliente_273,Cuenta,Media,Carlos M.,67,2,Resuelto,2024-12-17
7497,Cliente_249,Producto,Media,Carlos M.,70,4,En espera,2024-07-22
7498,Cliente_14,Técnico,Baja,Fernanda P.,53,2,Abierto,2024-03-16
7499,Cliente_462,Técnico,Baja,Carlos M.,34,3,En espera,2025-01-07
7500,Cliente_13,Facturación,Baja,Fernanda P.,33,1,Resuelto,2024-04-22
7501,Cliente_391,Cuenta,Alta,Ana L.,23,3,Escalado,2025-06-25
7502,Cliente_384,Técnico,Baja,Fernanda P.,58,3,Abierto,2025-05-06
7503,Cliente_44,Facturación,Baja,Carlos M.,68,1,Resuelto,2025-05-26
7504,Cliente_375,Producto,Baja,Carlos M.,69,4,Resuelto,2025-02-15
7505,Cliente_399,Cuenta,Media,Carlos M.,40,3,Resuelto,2024-08-23
7506,Cliente_19,Entrega,Media,Ana L.,47,1,Resuelto,2024-06-17
7507,Cliente_63,Producto,Media,Fernanda P.,43,1,Escalado,2025-08-20
7508,Cliente_491,Facturación,Media,Ana L.,61,3,Abierto,2024-04-18
7509,Cliente_239,Producto,Baja,Fernanda P.,42,1,Resuelto,2024-10-31
7510,Cliente_492,Entrega,Alta,Ana L.,62,5,Escalado,2024-06-05
7511,Cliente_419,Producto,Alta,Ana L.,67,3,Resuelto,2024-10-13
7512,Cliente_337,Facturación,Baja,Carlos M.,55,4,Resuelto,2024-10-09
7513,Cliente_419,Entrega,Media,Ana L.,49,5,Abierto,2024-10-17
7514,Cliente_403,Entrega,Baja,Ana L.,49,4,Resuelto,2024-01-08
7515,Cliente_404,Producto,Baja,Fernanda P.,33,3,Resuelto,2024-02-09
7516,Cliente_100,Entrega,Alta,Ana L.,28,2,Resuelto,2024-05-13
7517,Cliente_163,Producto,Media,Carlos M.,57,1,Resuelto,2024-11-05
7518,Cliente_416,Cuenta,Baja,Ana L.,41,5,Resuelto,2025-02-16
7519,Cliente_122,Entrega,Media,Fernanda P.,4,3,Resuelto,2024-08-17
7520,Cliente_432,Producto,Crítica,Fernanda P.,20,1,Resuelto,2024-03-31
7521,Cliente_44,Cuenta,Alta,Ana L.,35,2,Resuelto,2024-03-27
7522,Cliente_360,Entrega,Alta,Ana L.,53,4,Resuelto,2024-10-01
7523,Cliente_408,Cuenta,Media,Fernanda P.,39,3,Resuelto,2025-06-29
7524,Cliente_317,Entrega,Media,Carlos M.,53,3,Resuelto,2025-07-23
7525,Cliente_381,Facturación,Media,Ana L.,10,2,Resuelto,2024-08-30
7526,Cliente_145,Facturación,Baja,Carlos M.,65,4,Resuelto,2025-01-31
7527,Cliente_327,Producto,Media,Carlos M.,1,3,Resuelto,2024-09-16
7528,Cliente_363,Técnico,Media,Ana L.,53,1,Resuelto,2024-06-26
7529,Cliente_50,Facturación,Baja,Carlos M.,46,2,Resuelto,2025-06-16
7530,Cliente_65,Técnico,Alta,Fernanda P.,26,3,Resuelto,2025-07-25
7531,Cliente_355,Cuenta,Baja,Carlos M.,2,4,Resuelto,2025-02-08
7532,Cliente_288,Cuenta,Media,Fernanda P.,28,5,Resuelto,2024-02-14
7533,Cliente_164,Técnico,Baja,Ana L.,27,3,Resuelto,2025-07-07
7534,Cliente_141,Producto,Media,Carlos M.,28,4,Resuelto,2025-02-13
7535,Cliente_454,Entrega,Baja,Fernanda P.,31,2,Resuelto,2024-06-25
7536,Cliente_314,Técnico,Baja,Fernanda P.,47,4,Resuelto,2025-01-17
7537,Cliente_128,Técnico,Media,Ana L.,7,4,Abierto,2025-05-29
7538,Cliente_398,Técnico,Media,Carlos M.,72,2,Resuelto,2024-02-17
7539,Cliente_421,Técnico,Media,Fernanda P.,48,5,Resuelto,2024-05-28
7540,Cliente_368,Técnico,Baja,Fernanda P.,26,1,Resuelto,2024-08-17
7541,Cliente_463,Producto,Media,Ana L.,55,5,Resuelto,2024-01-18
7542,Cliente_239,Facturación,Media,Carlos M.,7,1,Resuelto,2025-04-25
7543,Cliente_324,Entrega,Media,Carlos M.,57,1,Resuelto,2024-08-30
7544,Cliente_296,Facturación,Alta,Fernanda P.,58,1,Resuelto,2024-06-11
7545,Cliente_187,Técnico,Media,Carlos M.,1,3,Resuelto,2024-02-01
7546,Cliente_208,Facturación,Media,Carlos M.,72,5,Resuelto,2024-05-01
7547,Cliente_220,Producto,Crítica,Carlos M.,29,4,Abierto,2025-03-14
7548,Cliente_400,Cuenta,Alta,Carlos M.,22,3,Resuelto,2025-01-29
7549,Cliente_190,Facturación,Crítica,Carlos M.,40,2,Resuelto,2024-12-15
7550,Cliente_388,Entrega,Media,Carlos M.,62,2,En espera,2025-02-25
7551,Cliente_429,Producto,Media,Carlos M.,14,1,Resuelto,2025-07-11
7552,Cliente_346,Cuenta,Baja,Fernanda P.,2,3,Resuelto,2024-05-05
7553,Cliente_284,Producto,Media,Fernanda P.,35,3,Resuelto,2025-01-15
7554,Cliente_352,Técnico,Crítica,Carlos M.,71,2,Resuelto,2024-12-25
7555,Cliente_237,Cuenta,Media,Carlos M.,67,4,Resuelto,2024-01-26
7556,Cliente_194,Entrega,Alta,Ana L.,22,5,Escalado,2024-12-24
7557,Cliente_287,Cuenta,Media,Fernanda P.,18,5,En espera,2024-02-06
7558,Cliente_259,Entrega,Media,Ana L.,46,1,Resuelto,2025-01-24
7559,Cliente_246,Técnico,Crítica,Fernanda P.,63,1,Resuelto,2025-03-13
7560,Cliente_136,Entrega,Alta,Ana L.,36,1,Resuelto,2025-05-11
7561,Cliente_280,Producto,Crítica,Ana L.,46,2,Resuelto,2024-08-02
7562,Cliente_271,Facturación,Alta,Ana L.,37,2,Abierto,2024-06-23
7563,Cliente_171,Producto,Media,Fernanda P.,18,5,Resuelto,2025-04-27
7564,Cliente_159,Producto,Media,Fernanda P.,43,1,Resuelto,2024-04-23
7565,Cliente_201,Cuenta,Crítica,Carlos M.,29,3,Resuelto,2024-10-29
7566,Cliente_487,Técnico,Media,Fernanda P.,18,4,Escalado,2025-05-17
7567,Cliente_45,Facturación,Baja,Fernanda P.,15,2,Resuelto,2024-06-02
7568,Cliente_450,Entrega,Media,Fernanda P.,59,1,En espera,2024-10-07
7569,Cliente_264,Cuenta,Media,Fernanda P.,28,1,Resuelto,2025-02-23
7570,Cliente_71,Técnico,Baja,Carlos M.,53,2,Resuelto,2024-10-03
7571,Cliente_364,Facturación,Alta,Carlos M.,15,5,Resuelto,2024-10-05
7572,Cliente_371,Producto,Baja,Fernanda P.,43,5,Resuelto,2024-03-05
7573,Cliente_103,Técnico,Media,Ana L.,33,5,Resuelto,2024-11-12
7574,Cliente_490,Técnico,Alta,Ana L.,2,5,Resuelto,2024-11-25
7575,Cliente_125,Técnico,Media,Fernanda P.,59,3,Resuelto,2024-03-26
7576,Cliente_313,Producto,Alta,Carlos M.,8,1,Resuelto,2024-08-26
7577,Cliente_464,Entrega,Media,Ana L.,33,5,Resuelto,2024-07-18
7578,Cliente_483,Cuenta,Crítica,Carlos M.,35,5,Abierto,2024-04-14
7579,Cliente_286,Entrega,Baja,Carlos M.,18,4,Escalado,2025-07-29
7580,Cliente_458,Facturación,Baja,Ana L.,21,4,Escalado,2025-02-20
7581,Cliente_230,Cuenta,Alta,Fernanda P.,64,1,Resuelto,2024-07-22
7582,Cliente_146,Facturación,Alta,Carlos M.,28,2,Resuelto,2024-06-24
7583,Cliente_370,Producto,Baja,Ana L.,45,5,Resuelto,2025-07-04
7584,Cliente_197,Entrega,Crítica,Carlos M.,20,3,Resuelto,2024-02-17
7585,Cliente_373,Técnico,Media,Ana L.,4,4,Abierto,2025-01-26
7586,Cliente_221,Cuenta,Crítica,Fernanda P.,36,5,Resuelto,2024-08-28
7587,Cliente_423,Técnico,Media,Fernanda P.,52,2,Resuelto,2024-07-26
7588,Cliente_60,Facturación,Media,Fernanda P.,39,3,En espera,2025-04-28
7589,Cliente_98,Técnico,Media,Carlos M.,71,4,Resuelto,2024-12-06
7590,Cliente_171,Técnico,Media,Fernanda P.,12,2,Escalado,2024-03-08
7591,Cliente_382,Producto,Media,Fernanda P.,55,2,Resuelto,2025-01-04
7592,Cliente_173,Producto,Media,Fernanda P.,48,3,Resuelto,2024-03-11
7593,Cliente_151,Entrega,Baja,Fernanda P.,9,3,En espera,2024-04-07
7594,Cliente_453,Facturación,Baja,Ana L.,12,4,Escalado,2024-06-12
7595,Cliente_350,Producto,Baja,Ana L.,69,3,Abierto,2025-01-30
7596,Cliente_390,Producto,Alta,Carlos M.,57,5,En espera,2024-03-15
7597,Cliente_440,Entrega,Media,Ana L.,28,3,En espera,2024-01-29
7598,Cliente_122,Cuenta,Alta,Ana L.,17,2,Resuelto,2025-05-29
7599,Cliente_494,Entrega,Crítica,Ana L.,22,3,Resuelto,2025-06-06
7600,Cliente_108,Técnico,Media,Ana L.,35,4,Resuelto,2024-03-13
7601,Cliente_4,Técnico,Crítica,Ana L.,59,5,Resuelto,2024-08-05
7602,Cliente_93,Producto,Media,Fernanda P.,19,3,Resuelto,2024-04-27
7603,Cliente_407,Producto,Baja,Carlos M.,50,5,Abierto,2024-07-05
7604,Cliente_6,Entrega,Media,Ana L.,26,3,Resuelto,2024-09-12
7605,Cliente_288,Entrega,Media,Ana L.,60,5,Resuelto,2024-03-12
7606,Cliente_106,Facturación,Alta,Carlos M.,44,3,Escalado,2024-07-31
7607,Cliente_146,Técnico,Media,Ana L.,56,3,Resuelto,2024-03-12
7608,Cliente_271,Entrega,Baja,Ana L.,43,1,Escalado,2024-09-18
7609,Cliente_424,Cuenta,Alta,Carlos M.,23,2,En espera,2024-10-03
7610,Cliente_378,Facturación,Media,Fernanda P.,22,4,Resuelto,2025-03-03
7611,Cliente_96,Entrega,Baja,Fernanda P.,47,4,Resuelto,2025-03-07
7612,Cliente_457,Producto,Media,Carlos M.,55,1,Resuelto,2024-03-27
7613,Cliente_229,Entrega,Crítica,Fernanda P.,11,3,Resuelto,2024-07-28
7614,Cliente_202,Producto,Alta,Fernanda P.,55,2,Resuelto,2024-08-06
7615,Cliente_212,Producto,Media,Fernanda P.,26,5,Resuelto,2024-09-06
7616,Cliente_6,Técnico,Media,Fernanda P.,1,1,En espera,2024-03-24
7617,Cliente_112,Técnico,Baja,Ana L.,62,4,Resuelto,2024-01-19
7618,Cliente_376,Entrega,Media,Carlos M.,21,4,Resuelto,2025-06-18
7619,Cliente_379,Entrega,Alta,Fernanda P.,8,4,Abierto,2025-01-14
7620,Cliente_447,Cuenta,Media,Fernanda P.,20,3,Resuelto,2025-01-23
7621,Cliente_323,Facturación,Baja,Carlos M.,45,5,Resuelto,2025-07-16
7622,Cliente_106,Facturación,Crítica,Ana L.,65,5,Resuelto,2025-05-23
7623,Cliente_139,Entrega,Alta,Fernanda P.,60,5,Resuelto,2024-09-24
7624,Cliente_299,Técnico,Media,Fernanda P.,67,3,En espera,2024-04-01
7625,Cliente_401,Cuenta,Baja,Ana L.,56,4,Resuelto,2025-02-24
7626,Cliente_96,Facturación,Baja,Carlos M.,31,4,Resuelto,2024-10-16
7627,Cliente_388,Entrega,Baja,Fernanda P.,22,3,Resuelto,2024-03-20
7628,Cliente_447,Técnico,Media,Fernanda P.,62,2,Resuelto,2024-11-14
7629,Cliente_452,Técnico,Baja,Carlos M.,56,3,Resuelto,2025-03-13
7630,Cliente_337,Técnico,Alta,Ana L.,72,3,En espera,2024-08-21
7631,Cliente_297,Producto,Crítica,Carlos M.,8,4,Resuelto,2024-11-05
7632,Cliente_467,Técnico,Media,Fernanda P.,62,5,En espera,2024-01-06
7633,Cliente_389,Entrega,Media,Ana L.,24,4,Abierto,2025-01-25
7634,Cliente_416,Cuenta,Alta,Ana L.,22,2,Resuelto,2024-03-08
7635,Cliente_214,Entrega,Crítica,Ana L.,15,1,Resuelto,2025-06-08
7636,Cliente_454,Técnico,Alta,Carlos M.,28,1,En espera,2025-02-25
7637,Cliente_291,Cuenta,Baja,Carlos M.,22,3,En espera,2024-08-16
7638,Cliente_22,Facturación,Baja,Carlos M.,31,1,Resuelto,2024-12-31
7639,Cliente_193,Facturación,Alta,Fernanda P.,62,5,Resuelto,2025-04-11
7640,Cliente_468,Entrega,Media,Carlos M.,69,4,Resuelto,2024-09-25
7641,Cliente_150,Cuenta,Baja,Ana L.,39,2,Resuelto,2024-04-04
7642,Cliente_368,Entrega,Media,Fernanda P.,40,2,Resuelto,2024-06-20
7643,Cliente_247,Cuenta,Alta,Fernanda P.,69,2,Resuelto,2025-01-28
7644,Cliente_267,Cuenta,Baja,Fernanda P.,55,4,Resuelto,2025-06-03
7645,Cliente_461,Entrega,Alta,Ana L.,71,5,Resuelto,2025-04-11
7646,Cliente_251,Cuenta,Baja,Carlos M.,64,2,En espera,2024-11-18
7647,Cliente_490,Técnico,Alta,Ana L.,8,1,Resuelto,2024-09-06
7648,Cliente_3,Cuenta,Media,Carlos M.,71,5,Resuelto,2024-03-07
7649,Cliente_393,Cuenta,Media,Fernanda P.,44,5,Resuelto,2024-02-04
7650,Cliente_316,Entrega,Alta,Fernanda P.,38,5,En espera,2025-01-15
7651,Cliente_76,Facturación,Alta,Ana L.,21,2,Resuelto,2024-03-25
7652,Cliente_87,Producto,Crítica,Carlos M.,4,5,Resuelto,2025-03-05
7653,Cliente_270,Cuenta,Media,Fernanda P.,32,2,En espera,2025-07-08
7654,Cliente_225,Producto,Media,Ana L.,55,1,En espera,2024-08-27
7655,Cliente_18,Cuenta,Media,Ana L.,60,1,Resuelto,2024-10-28
7656,Cliente_113,Entrega,Media,Carlos M.,59,1,Resuelto,2024-02-09
7657,Cliente_251,Entrega,Alta,Carlos M.,67,1,Resuelto,2024-06-03
7658,Cliente_233,Cuenta,Baja,Carlos M.,5,5,Resuelto,2024-05-27
7659,Cliente_329,Entrega,Baja,Fernanda P.,72,5,Resuelto,2024-01-12
7660,Cliente_279,Entrega,Media,Ana L.,37,2,Resuelto,2025-06-18
7661,Cliente_202,Cuenta,Baja,Carlos M.,27,1,Resuelto,2024-01-12
7662,Cliente_83,Facturación,Crítica,Ana L.,13,3,Resuelto,2024-04-26
7663,Cliente_125,Cuenta,Media,Fernanda P.,6,1,Abierto,2024-04-17
7664,Cliente_175,Facturación,Media,Fernanda P.,65,4,Abierto,2024-02-08
7665,Cliente_69,Entrega,Alta,Carlos M.,30,3,Resuelto,2025-07-07
7666,Cliente_47,Facturación,Media,Fernanda P.,52,4,Escalado,2024-02-17
7667,Cliente_372,Entrega,Media,Ana L.,41,3,Abierto,2024-12-12
7668,Cliente_256,Facturación,Baja,Ana L.,15,2,Resuelto,2025-04-22
7669,Cliente_215,Facturación,Media,Fernanda P.,5,5,Resuelto,2025-06-30
7670,Cliente_30,Cuenta,Baja,Fernanda P.,15,2,Resuelto,2024-01-18
7671,Cliente_281,Facturación,Media,Fernanda P.,1,3,Abierto,2024-05-06
7672,Cliente_412,Entrega,Media,Ana L.,15,1,Resuelto,2024-11-27
7673,Cliente_482,Cuenta,Media,Fernanda P.,60,2,Resuelto,2024-01-02
7674,Cliente_237,Facturación,Media,Carlos M.,48,3,Resuelto,2024-02-22
7675,Cliente_248,Cuenta,Baja,Carlos M.,54,1,Abierto,2024-02-29
7676,Cliente_368,Producto,Crítica,Ana L.,55,5,Resuelto,2025-06-30
7677,Cliente_495,Cuenta,Baja,Fernanda P.,72,3,Resuelto,2024-10-23
7678,Cliente_25,Producto,Alta,Fernanda P.,27,4,Resuelto,2024-10-03
7679,Cliente_74,Producto,Media,Fernanda P.,30,4,Resuelto,2025-04-07
7680,Cliente_206,Cuenta,Media,Carlos M.,60,4,Resuelto,2024-09-16
7681,Cliente_490,Entrega,Media,Carlos M.,66,1,Resuelto,2024-05-11
7682,Cliente_494,Entrega,Crítica,Carlos M.,46,1,Resuelto,2024-08-23
7683,Cliente_314,Entrega,Baja,Carlos M.,52,2,Resuelto,2024-02-24
7684,Cliente_94,Técnico,Media,Carlos M.,35,1,Resuelto,2024-03-23
7685,Cliente_375,Producto,Crítica,Ana L.,42,3,Resuelto,2025-05-24
7686,Cliente_127,Cuenta,Alta,Ana L.,56,4,Resuelto,2024-10-14
7687,Cliente_425,Entrega,Media,Fernanda P.,45,5,Resuelto,2025-01-14
7688,Cliente_25,Entrega,Crítica,Fernanda P.,52,4,Resuelto,2024-11-09
7689,Cliente_334,Cuenta,Alta,Carlos M.,23,3,Resuelto,2025-04-01
7690,Cliente_355,Producto,Baja,Fernanda P.,29,5,Resuelto,2024-07-09
7691,Cliente_116,Cuenta,Media,Ana L.,29,2,En espera,2024-08-04
7692,Cliente_48,Técnico,Media,Ana L.,57,1,En espera,2024-09-01
7693,Cliente_226,Técnico,Media,Fernanda P.,19,3,Resuelto,2024-02-01
7694,Cliente_266,Cuenta,Alta,Carlos M.,8,1,Resuelto,2024-09-17
7695,Cliente_99,Producto,Media,Ana L.,50,2,Escalado,2024-06-05
7696,Cliente_459,Entrega,Baja,Fernanda P.,7,5,Resuelto,2024-05-14
7697,Cliente_11,Técnico,Alta,Carlos M.,11,3,En espera,2024-09-22
7698,Cliente_85,Técnico,Baja,Fernanda P.,67,5,En espera,2025-01-29
7699,Cliente_405,Producto,Crítica,Carlos M.,66,3,Escalado,2024-02-22
7700,Cliente_214,Técnico,Crítica,Carlos M.,28,2,Resuelto,2024-11-07
7701,Cliente_173,Técnico,Crítica,Ana L.,56,2,Resuelto,2024-02-09
7702,Cliente_391,Producto,Alta,Ana L.,28,2,Resuelto,2024-07-04
7703,Cliente_209,Cuenta,Baja,Fernanda P.,40,1,Resuelto,2024-09-03
7704,Cliente_448,Entrega,Media,Fernanda P.,2,4,Resuelto,2025-08-10
7705,Cliente_382,Entrega,Baja,Carlos M.,61,5,Resuelto,2025-08-16
7706,Cliente_64,Técnico,Baja,Ana L.,25,3,Resuelto,2025-02-14
7707,Cliente_258,Entrega,Media,Carlos M.,54,5,Abierto,2025-01-21
7708,Cliente_332,Cuenta,Baja,Carlos M.,17,4,Resuelto,2024-08-14
7709,Cliente_121,Técnico,Crítica,Carlos M.,48,1,Resuelto,2025-02-26
7710,Cliente_298,Entrega,Crítica,Carlos M.,12,1,Abierto,2025-06-17
7711,Cliente_466,Facturación,Media,Carlos M.,61,4,Resuelto,2024-07-27
7712,Cliente_54,Facturación,Media,Carlos M.,2,3,Resuelto,2025-04-20
7713,Cliente_331,Facturación,Media,Fernanda P.,65,4,En espera,2025-03-20
7714,Cliente_272,Facturación,Alta,Ana L.,52,1,Resuelto,2025-02-25
7715,Cliente_241,Facturación,Media,Ana L.,34,1,En espera,2024-11-20
7716,Cliente_243,Técnico,Baja,Carlos M.,45,5,En espera,2024-12-07
7717,Cliente_18,Producto,Media,Carlos M.,1,3,Resuelto,2024-09-29
7718,Cliente_483,Producto,Media,Carlos M.,52,3,Resuelto,2024-11-26
7719,Cliente_187,Técnico,Crítica,Ana L.,67,1,Resuelto,2025-04-14
7720,Cliente_346,Técnico,Baja,Ana L.,56,4,En espera,2025-03-03
7721,Cliente_144,Cuenta,Baja,Carlos M.,58,1,Resuelto,2024-10-26
7722,Cliente_262,Producto,Alta,Ana L.,50,5,Resuelto,2025-05-08
7723,Cliente_441,Facturación,Alta,Carlos M.,25,4,Resuelto,2024-08-21
7724,Cliente_364,Técnico,Alta,Carlos M.,12,1,Escalado,2024-07-01
7725,Cliente_491,Facturación,Media,Carlos M.,65,3,Escalado,2024-03-31
7726,Cliente_431,Producto,Media,Fernanda P.,56,5,Abierto,2024-04-18
7727,Cliente_239,Entrega,Media,Ana L.,50,1,Resuelto,2025-05-19
7728,Cliente_304,Entrega,Baja,Ana L.,28,1,Resuelto,2024-01-13
7729,Cliente_298,Técnico,Media,Ana L.,3,2,Resuelto,2025-04-05
7730,Cliente_76,Cuenta,Baja,Carlos M.,38,4,Abierto,2024-06-27
7731,Cliente_188,Facturación,Media,Fernanda P.,64,2,Resuelto,2024-06-30
7732,Cliente_333,Técnico,Crítica,Carlos M.,54,3,Resuelto,2025-04-22
7733,Cliente_388,Cuenta,Media,Carlos M.,36,4,En espera,2024-04-06
7734,Cliente_487,Facturación,Crítica,Carlos M.,44,5,Resuelto,2024-07-27
7735,Cliente_246,Producto,Baja,Fernanda P.,44,4,En espera,2025-02-28
7736,Cliente_130,Entrega,Media,Carlos M.,69,1,Resuelto,2024-02-13
7737,Cliente_474,Cuenta,Media,Carlos M.,53,1,Resuelto,2025-04-16
7738,Cliente_315,Facturación,Alta,Fernanda P.,13,1,Abierto,2024-05-15
7739,Cliente_411,Técnico,Media,Carlos M.,44,4,En espera,2025-06-24
7740,Cliente_283,Facturación,Alta,Carlos M.,4,1,Resuelto,2025-06-25
7741,Cliente_79,Técnico,Baja,Ana L.,70,1,Resuelto,2024-09-04
7742,Cliente_72,Entrega,Crítica,Fernanda P.,51,2,En espera,2024-08-07
7743,Cliente_263,Entrega,Baja,Ana L.,70,1,En espera,2025-07-12
7744,Cliente_191,Facturación,Alta,Carlos M.,11,2,Escalado,2025-03-21
7745,Cliente_367,Facturación,Media,Fernanda P.,54,3,Resuelto,2024-05-23
7746,Cliente_375,Técnico,Alta,Fernanda P.,62,4,Resuelto,2024-03-14
7747,Cliente_430,Técnico,Media,Carlos M.,59,2,En espera,2024-01-29
7748,Cliente_63,Cuenta,Baja,Ana L.,61,4,Resuelto,2024-04-30
7749,Cliente_488,Cuenta,Crítica,Carlos M.,40,4,Resuelto,2024-01-15
7750,Cliente_380,Cuenta,Baja,Fernanda P.,4,5,Resuelto,2024-08-07
7751,Cliente_12,Facturación,Baja,Fernanda P.,27,2,Resuelto,2024-11-02
7752,Cliente_141,Cuenta,Alta,Carlos M.,16,1,Resuelto,2025-04-16
7753,Cliente_254,Facturación,Baja,Carlos M.,7,5,Resuelto,2024-12-14
7754,Cliente_43,Entrega,Baja,Carlos M.,11,2,Resuelto,2024-01-02
7755,Cliente_17,Producto,Media,Carlos M.,72,2,Resuelto,2024-02-01
7756,Cliente_63,Entrega,Alta,Ana L.,64,3,En espera,2024-11-05
7757,Cliente_253,Facturación,Baja,Ana L.,52,1,Resuelto,2024-09-21
7758,Cliente_465,Facturación,Media,Ana L.,6,3,Resuelto,2024-10-01
7759,Cliente_376,Producto,Alta,Ana L.,48,4,Escalado,2024-12-19
7760,Cliente_292,Técnico,Alta,Fernanda P.,69,1,Resuelto,2025-03-17
7761,Cliente_469,Técnico,Crítica,Fernanda P.,6,3,Resuelto,2025-01-31
7762,Cliente_8,Técnico,Alta,Ana L.,61,3,En espera,2024-06-05
7763,Cliente_325,Cuenta,Media,Carlos M.,66,1,Abierto,2024-07-12
7764,Cliente_90,Técnico,Media,Fernanda P.,53,2,Resuelto,2025-05-21
7765,Cliente_208,Cuenta,Baja,Carlos M.,28,4,En espera,2024-03-14
7766,Cliente_292,Cuenta,Alta,Ana L.,5,5,Resuelto,2024-10-13
7767,Cliente_284,Técnico,Crítica,Fernanda P.,58,5,Resuelto,2025-08-06
7768,Cliente_118,Técnico,Alta,Fernanda P.,24,5,En espera,2025-02-28
7769,Cliente_349,Producto,Baja,Fernanda P.,31,4,Resuelto,2025-01-18
7770,Cliente_175,Producto,Media,Fernanda P.,41,1,Escalado,2025-06-26
7771,Cliente_76,Cuenta,Media,Ana L.,68,1,Resuelto,2024-01-13
7772,Cliente_101,Producto,Media,Fernanda P.,46,1,Resuelto,2024-03-11
7773,Cliente_414,Cuenta,Alta,Ana L.,10,5,Resuelto,2024-02-20
7774,Cliente_151,Facturación,Media,Fernanda P.,37,2,Resuelto,2025-07-30
7775,Cliente_400,Cuenta,Baja,Ana L.,21,3,Resuelto,2025-07-10
7776,Cliente_270,Cuenta,Crítica,Ana L.,21,5,Resuelto,2025-07-18
7777,Cliente_458,Producto,Media,Carlos M.,10,4,Escalado,2025-03-16
7778,Cliente_71,Facturación,Baja,Ana L.,24,1,En espera,2024-10-08
7779,Cliente_493,Entrega,Media,Carlos M.,12,3,Resuelto,2024-05-23
7780,Cliente_180,Entrega,Crítica,Fernanda P.,20,1,Resuelto,2024-09-28
7781,Cliente_124,Entrega,Alta,Carlos M.,70,1,Resuelto,2025-04-26
7782,Cliente_381,Facturación,Media,Ana L.,8,1,En espera,2025-03-13
7783,Cliente_293,Técnico,Baja,Carlos M.,5,2,Resuelto,2024-12-12
7784,Cliente_285,Facturación,Baja,Fernanda P.,54,3,En espera,2024-02-21
7785,Cliente_195,Producto,Baja,Carlos M.,36,5,Escalado,2025-08-17
7786,Cliente_399,Cuenta,Media,Ana L.,38,2,Resuelto,2025-03-30
7787,Cliente_228,Cuenta,Media,Ana L.,3,4,Resuelto,2025-05-20
7788,Cliente_431,Producto,Media,Fernanda P.,36,4,Resuelto,2025-08-10
7789,Cliente_430,Producto,Alta,Fernanda P.,22,5,En espera,2024-12-31
7790,Cliente_436,Cuenta,Baja,Carlos M.,8,3,Resuelto,2024-04-23
7791,Cliente_275,Técnico,Baja,Fernanda P.,61,5,En espera,2025-07-23
7792,Cliente_461,Técnico,Media,Ana L.,7,2,En espera,2025-03-28
7793,Cliente_106,Técnico,Baja,Carlos M.,68,3,Resuelto,2025-03-30
7794,Cliente_21,Producto,Baja,Carlos M.,62,4,Resuelto,2025-05-10
7795,Cliente_64,Cuenta,Media,Carlos M.,19,3,Resuelto,2024-12-11
7796,Cliente_165,Cuenta,Alta,Carlos M.,47,3,Resuelto,2025-08-22
7797,Cliente_27,Cuenta,Alta,Fernanda P.,24,3,Resuelto,2024-07-07
7798,Cliente_311,Facturación,Alta,Carlos M.,6,5,Resuelto,2025-07-13
7799,Cliente_500,Facturación,Media,Carlos M.,8,1,En espera,2025-07-27
7800,Cliente_285,Entrega,Alta,Carlos M.,25,2,Escalado,2024-07-26
7801,Cliente_148,Facturación,Baja,Ana L.,41,3,Resuelto,2025-04-28
7802,Cliente_281,Técnico,Crítica,Ana L.,58,3,Resuelto,2024-03-09
7803,Cliente_326,Técnico,Baja,Fernanda P.,60,5,Resuelto,2024-03-09
7804,Cliente_319,Técnico,Baja,Ana L.,3,2,Abierto,2024-02-21
7805,Cliente_164,Técnico,Baja,Ana L.,9,2,Resuelto,2025-07-11
7806,Cliente_386,Entrega,Crítica,Fernanda P.,52,4,Resuelto,2024-05-24
7807,Cliente_406,Técnico,Crítica,Fernanda P.,58,2,Resuelto,2025-05-03
7808,Cliente_224,Producto,Alta,Carlos M.,60,2,Resuelto,2025-08-19
7809,Cliente_272,Producto,Media,Carlos M.,49,3,Escalado,2024-01-30
7810,Cliente_146,Producto,Media,Fernanda P.,5,1,Resuelto,2025-03-10
7811,Cliente_453,Facturación,Crítica,Carlos M.,62,3,Escalado,2025-06-28
7812,Cliente_438,Cuenta,Media,Carlos M.,32,5,Resuelto,2024-12-27
7813,Cliente_356,Entrega,Crítica,Carlos M.,27,2,Resuelto,2024-09-05
7814,Cliente_30,Producto,Media,Fernanda P.,24,1,Abierto,2024-02-06
7815,Cliente_45,Producto,Media,Ana L.,38,3,Abierto,2024-01-15
7816,Cliente_275,Técnico,Alta,Ana L.,67,4,Resuelto,2025-03-20
7817,Cliente_471,Producto,Baja,Fernanda P.,16,5,Resuelto,2024-04-02
7818,Cliente_34,Técnico,Crítica,Fernanda P.,15,5,Resuelto,2024-08-24
7819,Cliente_141,Técnico,Media,Carlos M.,25,5,En espera,2025-07-29
7820,Cliente_427,Cuenta,Crítica,Fernanda P.,72,3,Abierto,2024-03-04
7821,Cliente_318,Facturación,Media,Fernanda P.,4,1,Resuelto,2024-10-30
7822,Cliente_374,Técnico,Alta,Fernanda P.,32,1,Resuelto,2024-08-13
7823,Cliente_221,Técnico,Media,Fernanda P.,45,2,Resuelto,2024-10-29
7824,Cliente_356,Cuenta,Media,Carlos M.,56,1,Resuelto,2024-07-10
7825,Cliente_22,Técnico,Media,Carlos M.,35,4,Resuelto,2024-11-18
7826,Cliente_180,Entrega,Crítica,Fernanda P.,53,5,Escalado,2024-09-29
7827,Cliente_436,Facturación,Media,Fernanda P.,30,3,Abierto,2025-03-10
7828,Cliente_367,Entrega,Baja,Ana L.,49,5,Resuelto,2025-03-02
7829,Cliente_420,Producto,Crítica,Ana L.,52,5,Resuelto,2024-05-05
7830,Cliente_329,Facturación,Baja,Fernanda P.,2,4,Resuelto,2024-07-22
7831,Cliente_231,Producto,Media,Ana L.,59,5,Resuelto,2025-04-28
7832,Cliente_499,Técnico,Baja,Ana L.,37,5,Abierto,2025-06-22
7833,Cliente_403,Cuenta,Alta,Carlos M.,29,4,Resuelto,2024-03-30
7834,Cliente_38,Entrega,Baja,Carlos M.,30,4,Resuelto,2025-07-12
7835,Cliente_70,Producto,Baja,Carlos M.,22,1,Resuelto,2024-02-09
7836,Cliente_116,Técnico,Crítica,Ana L.,19,5,Resuelto,2025-08-03
7837,Cliente_239,Entrega,Alta,Fernanda P.,67,2,Resuelto,2024-06-08
7838,Cliente_335,Entrega,Baja,Carlos M.,18,2,Abierto,2024-04-09
7839,Cliente_441,Producto,Alta,Ana L.,65,2,En espera,2025-05-22
7840,Cliente_148,Técnico,Crítica,Fernanda P.,5,4,Resuelto,2024-10-27
7841,Cliente_9,Cuenta,Baja,Carlos M.,11,5,Resuelto,2024-08-31
7842,Cliente_288,Producto,Alta,Ana L.,58,1,Resuelto,2024-12-01
7843,Cliente_388,Entrega,Media,Carlos M.,18,5,Abierto,2025-05-20
7844,Cliente_50,Entrega,Media,Ana L.,72,2,Resuelto,2025-01-14
7845,Cliente_338,Facturación,Media,Carlos M.,56,3,En espera,2025-07-02
7846,Cliente_5,Técnico,Media,Ana L.,22,2,Resuelto,2024-05-22
7847,Cliente_404,Facturación,Baja,Fernanda P.,56,4,Resuelto,2024-11-26
7848,Cliente_343,Cuenta,Alta,Carlos M.,66,5,Abierto,2025-05-14
7849,Cliente_126,Producto,Baja,Carlos M.,23,4,En espera,2024-09-21
7850,Cliente_75,Entrega,Media,Ana L.,16,1,Resuelto,2024-03-22
7851,Cliente_165,Técnico,Baja,Fernanda P.,44,5,Resuelto,2024-05-16
7852,Cliente_278,Entrega,Alta,Fernanda P.,72,5,Resuelto,2024-02-10
7853,Cliente_442,Facturación,Media,Carlos M.,68,5,En espera,2024-02-05
7854,Cliente_324,Facturación,Media,Ana L.,14,3,Abierto,2025-07-30
7855,Cliente_477,Producto,Media,Carlos M.,9,5,Resuelto,2024-02-02
7856,Cliente_300,Técnico,Alta,Ana L.,16,3,Resuelto,2025-07-30
7857,Cliente_290,Técnico,Media,Fernanda P.,13,5,Resuelto,2025-03-13
7858,Cliente_77,Producto,Alta,Carlos M.,36,2,Resuelto,2024-05-02
7859,Cliente_298,Facturación,Baja,Ana L.,44,1,En espera,2025-01-17
7860,Cliente_137,Facturación,Baja,Fernanda P.,14,5,Resuelto,2024-11-26
7861,Cliente_106,Facturación,Media,Ana L.,17,4,Resuelto,2024-06-24
7862,Cliente_95,Entrega,Crítica,Carlos M.,65,2,Resuelto,2025-03-28
7863,Cliente_135,Cuenta,Baja,Ana L.,54,4,En espera,2024-03-14
7864,Cliente_68,Facturación,Baja,Carlos M.,2,4,Resuelto,2024-06-04
7865,Cliente_147,Cuenta,Baja,Fernanda P.,17,3,Resuelto,2025-06-11
7866,Cliente_490,Cuenta,Media,Ana L.,23,1,Resuelto,2024-01-26
7867,Cliente_478,Técnico,Media,Fernanda P.,1,4,En espera,2024-02-23
7868,Cliente_159,Producto,Alta,Fernanda P.,12,2,Resuelto,2024-07-24
7869,Cliente_384,Entrega,Baja,Carlos M.,13,1,Abierto,2024-07-11
7870,Cliente_163,Cuenta,Baja,Carlos M.,12,2,Resuelto,2024-01-29
7871,Cliente_441,Entrega,Media,Fernanda P.,57,4,Resuelto,2024-09-24
7872,Cliente_341,Técnico,Media,Carlos M.,18,1,Resuelto,2024-03-09
7873,Cliente_189,Facturación,Media,Fernanda P.,15,5,Resuelto,2024-02-01
7874,Cliente_415,Cuenta,Baja,Carlos M.,39,4,En espera,2024-09-22
7875,Cliente_339,Producto,Crítica,Carlos M.,69,4,Resuelto,2024-05-12
7876,Cliente_95,Técnico,Media,Ana L.,33,3,Escalado,2024-10-09
7877,Cliente_181,Entrega,Alta,Ana L.,48,2,Resuelto,2024-06-15
7878,Cliente_288,Facturación,Media,Carlos M.,5,5,Resuelto,2024-01-16
7879,Cliente_322,Entrega,Baja,Fernanda P.,8,1,Escalado,2024-09-06
7880,Cliente_187,Producto,Alta,Fernanda P.,19,4,Abierto,2025-04-07
7881,Cliente_372,Cuenta,Alta,Fernanda P.,52,4,Abierto,2025-08-05
7882,Cliente_138,Producto,Media,Carlos M.,12,5,Escalado,2024-07-28
7883,Cliente_130,Entrega,Media,Carlos M.,72,4,Escalado,2025-05-13
7884,Cliente_194,Entrega,Baja,Fernanda P.,8,2,Resuelto,2025-08-17
7885,Cliente_316,Producto,Media,Ana L.,55,1,Resuelto,2024-07-27
7886,Cliente_472,Producto,Media,Ana L.,34,5,Resuelto,2025-06-09
7887,Cliente_273,Producto,Alta,Fernanda P.,65,5,En espera,2024-10-23
7888,Cliente_352,Facturación,Baja,Carlos M.,47,3,Resuelto,2025-08-08
7889,Cliente_144,Entrega,Baja,Carlos M.,35,1,Resuelto,2025-04-17
7890,Cliente_16,Técnico,Baja,Fernanda P.,32,5,En espera,2024-06-20
7891,Cliente_302,Facturación,Baja,Ana L.,51,4,Resuelto,2024-09-28
7892,Cliente_423,Facturación,Media,Fernanda P.,6,1,Resuelto,2024-05-05
7893,Cliente_245,Facturación,Baja,Fernanda P.,9,2,Resuelto,2025-06-19
7894,Cliente_415,Técnico,Alta,Fernanda P.,40,5,Resuelto,2024-10-03
7895,Cliente_107,Producto,Baja,Ana L.,48,2,Resuelto,2025-05-19
7896,Cliente_88,Entrega,Alta,Fernanda P.,72,5,Resuelto,2025-04-26
7897,Cliente_129,Cuenta,Media,Ana L.,26,4,Resuelto,2025-02-15
7898,Cliente_395,Cuenta,Crítica,Carlos M.,37,3,En espera,2025-03-10
7899,Cliente_375,Entrega,Crítica,Ana L.,52,4,Escalado,2024-06-11
7900,Cliente_341,Técnico,Alta,Ana L.,12,2,Escalado,2024-09-22
7901,Cliente_4,Cuenta,Alta,Fernanda P.,38,1,Resuelto,2024-11-13
7902,Cliente_327,Facturación,Media,Carlos M.,68,2,En espera,2024-04-07
7903,Cliente_410,Cuenta,Alta,Fernanda P.,16,3,Resuelto,2025-08-22
7904,Cliente_367,Entrega,Crítica,Ana L.,61,5,En espera,2024-04-29
7905,Cliente_306,Facturación,Baja,Ana L.,24,5,En espera,2025-07-15
7906,Cliente_396,Cuenta,Media,Fernanda P.,17,2,Escalado,2024-02-10
7907,Cliente_95,Entrega,Baja,Carlos M.,4,1,Resuelto,2024-02-16
7908,Cliente_209,Técnico,Media,Ana L.,50,5,Abierto,2025-05-03
7909,Cliente_225,Entrega,Media,Ana L.,3,5,Abierto,2025-05-30
7910,Cliente_459,Técnico,Media,Ana L.,8,3,Resuelto,2025-05-27
7911,Cliente_348,Facturación,Media,Carlos M.,12,3,Resuelto,2024-09-23
7912,Cliente_480,Entrega,Crítica,Fernanda P.,35,1,Resuelto,2024-04-21
7913,Cliente_321,Producto,Media,Carlos M.,66,5,Escalado,2024-01-11
7914,Cliente_47,Producto,Alta,Carlos M.,53,4,En espera,2024-01-14
7915,Cliente_476,Producto,Media,Ana L.,33,2,Resuelto,2025-04-25
7916,Cliente_181,Producto,Media,Carlos M.,18,5,Resuelto,2024-12-08
7917,Cliente_106,Producto,Media,Ana L.,58,2,Resuelto,2024-03-13
7918,Cliente_199,Técnico,Baja,Carlos M.,45,5,Abierto,2024-03-01
7919,Cliente_386,Entrega,Media,Carlos M.,15,3,Resuelto,2024-10-06
7920,Cliente_106,Facturación,Media,Fernanda P.,15,1,Resuelto,2024-01-27
7921,Cliente_280,Producto,Media,Carlos M.,45,4,En espera,2024-10-17
7922,Cliente_260,Producto,Media,Fernanda P.,68,3,Resuelto,2024-01-22
7923,Cliente_108,Facturación,Media,Ana L.,69,1,Resuelto,2025-06-06
7924,Cliente_19,Facturación,Media,Ana L.,67,3,Resuelto,2025-03-30
7925,Cliente_410,Producto,Media,Fernanda P.,62,2,Resuelto,2024-07-04
7926,Cliente_459,Técnico,Baja,Ana L.,44,5,Resuelto,2025-04-29
7927,Cliente_296,Facturación,Baja,Ana L.,20,3,Resuelto,2024-03-16
7928,Cliente_306,Entrega,Baja,Carlos M.,39,1,Resuelto,2024-05-11
7929,Cliente_171,Entrega,Baja,Fernanda P.,39,5,Resuelto,2025-05-07
7930,Cliente_331,Técnico,Baja,Ana L.,1,2,Resuelto,2024-07-12
7931,Cliente_493,Cuenta,Baja,Fernanda P.,67,2,Resuelto,2025-01-01
7932,Cliente_195,Técnico,Baja,Carlos M.,47,4,Resuelto,2024-11-16
7933,Cliente_12,Producto,Media,Ana L.,54,5,Resuelto,2024-05-25
7934,Cliente_195,Cuenta,Baja,Ana L.,20,2,Resuelto,2024-12-19
7935,Cliente_490,Producto,Media,Fernanda P.,9,3,Resuelto,2025-05-13
7936,Cliente_283,Entrega,Crítica,Ana L.,28,2,En espera,2024-12-30
7937,Cliente_369,Facturación,Alta,Fernanda P.,64,2,Resuelto,2024-10-22
7938,Cliente_182,Producto,Media,Ana L.,35,2,Resuelto,2024-06-16
7939,Cliente_450,Entrega,Crítica,Carlos M.,40,4,Resuelto,2024-06-27
7940,Cliente_305,Técnico,Media,Carlos M.,2,1,Resuelto,2024-08-20
7941,Cliente_144,Producto,Baja,Fernanda P.,3,2,Resuelto,2025-01-27
7942,Cliente_386,Entrega,Crítica,Ana L.,14,1,Resuelto,2024-09-13
7943,Cliente_316,Facturación,Alta,Ana L.,68,5,Resuelto,2024-11-27
7944,Cliente_182,Producto,Media,Fernanda P.,47,1,Resuelto,2024-05-17
7945,Cliente_30,Entrega,Media,Carlos M.,54,5,Resuelto,2025-02-14
7946,Cliente_84,Producto,Media,Carlos M.,58,4,Resuelto,2025-02-06
7947,Cliente_166,Facturación,Baja,Carlos M.,62,5,Resuelto,2024-08-11
7948,Cliente_284,Producto,Baja,Fernanda P.,51,5,Resuelto,2024-01-22
7949,Cliente_281,Producto,Media,Carlos M.,48,3,En espera,2025-08-09
7950,Cliente_96,Entrega,Crítica,Fernanda P.,27,4,Resuelto,2024-09-28
7951,Cliente_381,Cuenta,Baja,Carlos M.,55,2,Escalado,2024-06-06
7952,Cliente_266,Producto,Alta,Carlos M.,49,4,Escalado,2025-01-29
7953,Cliente_444,Cuenta,Baja,Fernanda P.,24,3,Resuelto,2024-03-05
7954,Cliente_298,Técnico,Media,Ana L.,10,5,Abierto,2024-01-06
7955,Cliente_296,Producto,Media,Ana L.,7,4,Escalado,2025-08-11
7956,Cliente_225,Cuenta,Media,Ana L.,17,3,Resuelto,2024-03-31
7957,Cliente_333,Técnico,Baja,Carlos M.,22,2,Resuelto,2025-05-05
7958,Cliente_361,Entrega,Media,Carlos M.,59,5,Resuelto,2024-10-17
7959,Cliente_374,Producto,Media,Ana L.,44,4,Resuelto,2024-04-26
7960,Cliente_42,Entrega,Baja,Carlos M.,11,4,Resuelto,2024-08-12
7961,Cliente_303,Técnico,Baja,Carlos M.,42,5,Escalado,2024-11-10
7962,Cliente_421,Entrega,Media,Ana L.,23,4,Resuelto,2025-01-18
7963,Cliente_246,Entrega,Media,Fernanda P.,60,5,Escalado,2025-06-09
7964,Cliente_208,Facturación,Baja,Ana L.,62,3,Resuelto,2024-07-06
7965,Cliente_237,Técnico,Media,Ana L.,54,5,Resuelto,2025-05-04
7966,Cliente_22,Entrega,Crítica,Fernanda P.,13,2,Resuelto,2024-03-25
7967,Cliente_185,Cuenta,Baja,Carlos M.,68,5,Resuelto,2025-01-20
7968,Cliente_468,Técnico,Media,Ana L.,27,4,En espera,2024-04-29
7969,Cliente_242,Facturación,Baja,Ana L.,40,5,Resuelto,2024-11-20
7970,Cliente_363,Producto,Baja,Carlos M.,10,5,Resuelto,2024-05-22
7971,Cliente_283,Entrega,Baja,Carlos M.,15,5,Escalado,2024-11-01
7972,Cliente_41,Cuenta,Media,Fernanda P.,45,2,Resuelto,2025-04-18
7973,Cliente_336,Facturación,Alta,Carlos M.,53,2,Resuelto,2024-01-26
7974,Cliente_162,Técnico,Baja,Ana L.,7,4,Resuelto,2024-08-29
7975,Cliente_160,Entrega,Media,Carlos M.,30,4,Resuelto,2024-12-07
7976,Cliente_474,Facturación,Media,Carlos M.,30,5,Resuelto,2024-10-01
7977,Cliente_89,Facturación,Baja,Fernanda P.,27,1,Resuelto,2025-07-02
7978,Cliente_322,Cuenta,Media,Fernanda P.,49,3,Resuelto,2024-08-08
7979,Cliente_12,Producto,Alta,Ana L.,57,5,Resuelto,2024-05-07
7980,Cliente_424,Producto,Alta,Ana L.,64,3,Resuelto,2025-03-07
7981,Cliente_73,Producto,Alta,Carlos M.,63,2,Abierto,2025-04-07
7982,Cliente_76,Técnico,Media,Ana L.,48,4,Resuelto,2024-09-12
7983,Cliente_346,Facturación,Alta,Ana L.,41,1,Resuelto,2024-08-29
7984,Cliente_201,Técnico,Baja,Carlos M.,30,4,Resuelto,2024-04-29
7985,Cliente_10,Facturación,Alta,Carlos M.,3,2,Escalado,2024-01-06
7986,Cliente_352,Cuenta,Crítica,Carlos M.,37,5,En espera,2025-05-18
7987,Cliente_226,Cuenta,Baja,Fernanda P.,30,2,Resuelto,2025-05-06
7988,Cliente_176,Técnico,Media,Fernanda P.,54,1,Resuelto,2025-08-14
7989,Cliente_276,Técnico,Media,Carlos M.,7,5,Resuelto,2024-04-20
7990,Cliente_39,Cuenta,Alta,Fernanda P.,8,5,Resuelto,2024-09-24
7991,Cliente_60,Entrega,Baja,Fernanda P.,63,1,Resuelto,2025-01-30
7992,Cliente_66,Producto,Crítica,Fernanda P.,63,4,Abierto,2025-07-16
7993,Cliente_321,Producto,Media,Ana L.,64,5,Resuelto,2024-02-17
7994,Cliente_435,Cuenta,Baja,Carlos M.,30,4,Resuelto,2025-05-04
7995,Cliente_124,Producto,Baja,Carlos M.,10,3,Resuelto,2024-04-14
7996,Cliente_164,Entrega,Alta,Ana L.,69,1,En espera,2024-03-10
7997,Cliente_408,Entrega,Baja,Fernanda P.,49,3,Resuelto,2024-12-26
7998,Cliente_411,Facturación,Baja,Carlos M.,39,5,Abierto,2024-01-01
7999,Cliente_386,Técnico,Media,Fernanda P.,34,1,Resuelto,2025-07-28
8000,Cliente_159,Producto,Media,Ana L.,10,5,Abierto,2024-02-28
8001,Cliente_57,Entrega,Media,Fernanda P.,9,1,Resuelto,2024-02-15
8002,Cliente_78,Técnico,Media,Ana L.,60,4,Resuelto,2024-03-20
8003,Cliente_194,Técnico,Alta,Ana L.,5,2,Resuelto,2025-02-26
8004,Cliente_285,Facturación,Crítica,Fernanda P.,35,2,Resuelto,2025-04-21
8005,Cliente_15,Técnico,Baja,Fernanda P.,11,1,Resuelto,2025-07-15
8006,Cliente_12,Técnico,Alta,Carlos M.,42,3,Resuelto,2024-10-31
8007,Cliente_101,Cuenta,Crítica,Ana L.,20,1,Resuelto,2025-02-13
8008,Cliente_156,Facturación,Media,Fernanda P.,51,4,Escalado,2025-02-20
8009,Cliente_340,Facturación,Media,Fernanda P.,1,3,Resuelto,2024-12-28
8010,Cliente_125,Producto,Baja,Carlos M.,11,1,Resuelto,2024-10-02
8011,Cliente_359,Técnico,Media,Carlos M.,61,1,En espera,2024-08-16
8012,Cliente_280,Producto,Media,Carlos M.,39,5,Resuelto,2025-01-09
8013,Cliente_405,Entrega,Alta,Ana L.,48,4,Resuelto,2024-11-28
8014,Cliente_394,Técnico,Crítica,Carlos M.,28,4,Resuelto,2025-08-06
8015,Cliente_110,Entrega,Baja,Ana L.,36,2,Escalado,2025-04-24
8016,Cliente_334,Cuenta,Baja,Carlos M.,70,5,Resuelto,2025-04-10
8017,Cliente_357,Técnico,Baja,Ana L.,62,3,Abierto,2025-01-16
8018,Cliente_146,Producto,Alta,Carlos M.,70,2,Resuelto,2024-09-23
8019,Cliente_216,Producto,Baja,Ana L.,10,4,Resuelto,2025-07-20
8020,Cliente_398,Técnico,Media,Carlos M.,5,1,Resuelto,2024-08-17
8021,Cliente_162,Producto,Media,Carlos M.,28,5,Resuelto,2025-07-12
8022,Cliente_128,Técnico,Media,Fernanda P.,59,4,Escalado,2024-03-18
8023,Cliente_314,Facturación,Baja,Ana L.,9,4,En espera,2024-12-26
8024,Cliente_332,Producto,Alta,Fernanda P.,39,5,En espera,2024-03-01
8025,Cliente_150,Técnico,Media,Ana L.,62,4,Resuelto,2024-01-07
8026,Cliente_454,Técnico,Crítica,Fernanda P.,38,2,Resuelto,2024-09-27
8027,Cliente_36,Producto,Media,Carlos M.,24,5,Resuelto,2025-06-04
8028,Cliente_173,Facturación,Baja,Fernanda P.,64,4,Resuelto,2024-07-31
8029,Cliente_420,Producto,Baja,Carlos M.,43,4,Abierto,2024-06-13
8030,Cliente_22,Técnico,Crítica,Ana L.,16,5,En espera,2024-08-18
8031,Cliente_206,Facturación,Alta,Carlos M.,66,1,En espera,2024-12-29
8032,Cliente_127,Entrega,Baja,Fernanda P.,66,3,Resuelto,2024-01-15
8033,Cliente_336,Cuenta,Alta,Ana L.,69,5,Abierto,2024-04-27
8034,Cliente_445,Producto,Media,Fernanda P.,46,1,Resuelto,2024-03-28
8035,Cliente_356,Técnico,Media,Carlos M.,21,4,Resuelto,2025-05-30
8036,Cliente_440,Facturación,Baja,Carlos M.,60,2,Resuelto,2024-04-23
8037,Cliente_217,Facturación,Alta,Fernanda P.,10,4,En espera,2024-08-14
8038,Cliente_96,Entrega,Baja,Ana L.,18,4,Resuelto,2024-08-31
8039,Cliente_417,Producto,Baja,Fernanda P.,41,1,Resuelto,2025-02-24
8040,Cliente_429,Facturación,Media,Carlos M.,36,5,Resuelto,2024-01-02
8041,Cliente_164,Entrega,Baja,Ana L.,66,3,Escalado,2025-03-06
8042,Cliente_148,Técnico,Media,Fernanda P.,46,3,En espera,2024-12-25
8043,Cliente_18,Entrega,Baja,Carlos M.,23,5,Resuelto,2025-04-15
8044,Cliente_294,Producto,Media,Ana L.,39,5,Abierto,2025-08-05
8045,Cliente_195,Entrega,Crítica,Fernanda P.,4,2,Resuelto,2025-08-02
8046,Cliente_151,Facturación,Media,Ana L.,41,5,Resuelto,2024-05-26
8047,Cliente_480,Facturación,Media,Carlos M.,3,2,Resuelto,2024-09-20
8048,Cliente_365,Cuenta,Media,Fernanda P.,53,5,Resuelto,2024-01-29
8049,Cliente_123,Entrega,Media,Fernanda P.,36,2,Resuelto,2024-05-16
8050,Cliente_400,Técnico,Alta,Carlos M.,49,5,Abierto,2025-03-19
8051,Cliente_187,Producto,Baja,Carlos M.,27,5,En espera,2024-12-13
8052,Cliente_453,Cuenta,Alta,Carlos M.,53,3,Resuelto,2024-11-25
8053,Cliente_452,Entrega,Alta,Fernanda P.,49,4,Resuelto,2024-02-23
8054,Cliente_149,Técnico,Alta,Carlos M.,1,4,Resuelto,2024-03-16
8055,Cliente_104,Cuenta,Baja,Fernanda P.,46,2,Resuelto,2024-10-18
8056,Cliente_243,Facturación,Baja,Fernanda P.,62,1,Resuelto,2025-04-01
8057,Cliente_462,Producto,Media,Ana L.,66,3,En espera,2025-01-24
8058,Cliente_231,Entrega,Alta,Carlos M.,22,5,Resuelto,2024-02-10
8059,Cliente_479,Técnico,Media,Carlos M.,39,3,Resuelto,2025-03-21
8060,Cliente_206,Facturación,Baja,Ana L.,44,1,Resuelto,2024-04-16
8061,Cliente_198,Cuenta,Baja,Fernanda P.,2,3,Escalado,2025-01-27
8062,Cliente_396,Producto,Media,Fernanda P.,59,1,Resuelto,2024-12-05
8063,Cliente_400,Cuenta,Alta,Fernanda P.,28,1,Resuelto,2024-04-13
8064,Cliente_337,Cuenta,Baja,Carlos M.,67,1,Resuelto,2024-02-10
8065,Cliente_493,Técnico,Baja,Fernanda P.,14,1,Resuelto,2024-01-04
8066,Cliente_87,Facturación,Media,Ana L.,16,1,Escalado,2024-01-10
8067,Cliente_142,Entrega,Media,Fernanda P.,51,5,Resuelto,2025-07-14
8068,Cliente_317,Técnico,Alta,Carlos M.,28,3,Abierto,2024-03-14
8069,Cliente_199,Producto,Alta,Carlos M.,53,4,Resuelto,2024-02-17
8070,Cliente_46,Cuenta,Media,Fernanda P.,52,4,Resuelto,2024-05-03
8071,Cliente_288,Producto,Baja,Fernanda P.,25,5,En espera,2024-05-30
8072,Cliente_15,Técnico,Media,Carlos M.,57,2,Abierto,2025-05-03
8073,Cliente_44,Técnico,Crítica,Fernanda P.,9,1,Resuelto,2025-01-27
8074,Cliente_401,Entrega,Crítica,Ana L.,11,3,Resuelto,2025-03-25
8075,Cliente_169,Cuenta,Alta,Carlos M.,45,1,Resuelto,2024-08-15
8076,Cliente_310,Técnico,Media,Fernanda P.,2,1,Escalado,2024-09-23
8077,Cliente_495,Producto,Alta,Fernanda P.,54,4,Abierto,2024-09-15
8078,Cliente_44,Entrega,Alta,Fernanda P.,34,1,Resuelto,2025-03-20
8079,Cliente_98,Producto,Media,Ana L.,42,3,Resuelto,2025-04-22
8080,Cliente_261,Cuenta,Baja,Carlos M.,69,3,Resuelto,2024-05-24
8081,Cliente_109,Entrega,Crítica,Ana L.,11,4,Abierto,2025-08-07
8082,Cliente_283,Entrega,Media,Fernanda P.,29,5,Resuelto,2024-01-30
8083,Cliente_372,Entrega,Baja,Ana L.,5,4,Resuelto,2025-08-14
8084,Cliente_343,Facturación,Baja,Fernanda P.,20,4,Escalado,2024-01-08
8085,Cliente_104,Entrega,Media,Fernanda P.,39,1,Resuelto,2024-06-17
8086,Cliente_256,Producto,Media,Carlos M.,32,2,Resuelto,2024-01-05
8087,Cliente_379,Producto,Baja,Carlos M.,29,5,Resuelto,2024-11-20
8088,Cliente_206,Cuenta,Alta,Fernanda P.,66,5,Resuelto,2024-05-31
8089,Cliente_335,Técnico,Alta,Fernanda P.,1,5,Resuelto,2024-11-29
8090,Cliente_43,Técnico,Alta,Fernanda P.,1,1,Resuelto,2025-01-15
8091,Cliente_353,Facturación,Baja,Carlos M.,4,4,Resuelto,2025-08-03
8092,Cliente_245,Entrega,Media,Carlos M.,15,1,Resuelto,2025-02-23
8093,Cliente_287,Facturación,Baja,Fernanda P.,47,3,Resuelto,2025-03-29
8094,Cliente_355,Cuenta,Media,Carlos M.,30,2,Resuelto,2024-11-22
8095,Cliente_273,Cuenta,Media,Fernanda P.,6,2,Resuelto,2025-03-05
8096,Cliente_476,Técnico,Alta,Ana L.,1,1,Resuelto,2025-08-13
8097,Cliente_83,Cuenta,Media,Carlos M.,71,4,Resuelto,2025-08-04
8098,Cliente_110,Entrega,Baja,Fernanda P.,62,5,Abierto,2024-10-14
8099,Cliente_438,Producto,Media,Ana L.,64,3,Resuelto,2024-02-29
8100,Cliente_190,Cuenta,Media,Fernanda P.,5,3,Resuelto,2024-05-07
8101,Cliente_471,Facturación,Crítica,Ana L.,54,2,Resuelto,2025-01-17
8102,Cliente_288,Entrega,Crítica,Carlos M.,49,4,Resuelto,2024-06-18
8103,Cliente_424,Cuenta,Baja,Carlos M.,7,5,Abierto,2025-07-05
8104,Cliente_397,Cuenta,Baja,Fernanda P.,3,2,Resuelto,2024-01-27
8105,Cliente_251,Entrega,Baja,Carlos M.,61,4,Resuelto,2024-01-05
8106,Cliente_212,Cuenta,Alta,Carlos M.,41,5,Resuelto,2025-03-20
8107,Cliente_291,Producto,Baja,Ana L.,21,1,En espera,2025-05-22
8108,Cliente_133,Técnico,Baja,Carlos M.,32,4,Resuelto,2024-11-03
8109,Cliente_201,Entrega,Media,Ana L.,12,3,Resuelto,2024-03-15
8110,Cliente_285,Facturación,Baja,Ana L.,7,4,Escalado,2024-12-10
8111,Cliente_326,Cuenta,Baja,Ana L.,51,4,Resuelto,2025-01-18
8112,Cliente_409,Técnico,Media,Carlos M.,45,4,En espera,2024-09-09
8113,Cliente_95,Facturación,Baja,Fernanda P.,65,5,Resuelto,2024-06-27
8114,Cliente_278,Facturación,Media,Fernanda P.,60,5,Resuelto,2025-01-17
8115,Cliente_450,Producto,Crítica,Carlos M.,45,1,Resuelto,2024-09-13
8116,Cliente_429,Técnico,Baja,Ana L.,34,1,Resuelto,2025-04-10
8117,Cliente_325,Entrega,Media,Carlos M.,11,5,Resuelto,2025-03-31
8118,Cliente_219,Técnico,Crítica,Fernanda P.,33,5,Resuelto,2025-06-15
8119,Cliente_89,Técnico,Alta,Ana L.,8,2,Resuelto,2024-12-20
8120,Cliente_72,Facturación,Media,Carlos M.,45,4,Resuelto,2025-07-07
8121,Cliente_247,Producto,Media,Ana L.,72,4,Resuelto,2024-05-23
8122,Cliente_129,Producto,Baja,Ana L.,34,3,Resuelto,2025-06-28
8123,Cliente_212,Técnico,Alta,Fernanda P.,45,5,Resuelto,2025-08-17
8124,Cliente_428,Técnico,Crítica,Ana L.,65,5,Resuelto,2025-04-27
8125,Cliente_343,Cuenta,Media,Carlos M.,52,1,Resuelto,2024-11-06
8126,Cliente_96,Facturación,Media,Ana L.,10,1,Resuelto,2025-03-20
8127,Cliente_75,Entrega,Baja,Ana L.,43,4,En espera,2024-04-05
8128,Cliente_423,Entrega,Media,Carlos M.,70,4,Resuelto,2024-12-09
8129,Cliente_495,Producto,Media,Fernanda P.,11,5,Resuelto,2024-08-31
8130,Cliente_54,Facturación,Media,Fernanda P.,36,4,Escalado,2025-06-21
8131,Cliente_344,Producto,Baja,Carlos M.,18,5,Resuelto,2025-01-29
8132,Cliente_459,Entrega,Media,Ana L.,63,3,Resuelto,2024-10-02
8133,Cliente_413,Técnico,Media,Carlos M.,5,3,Resuelto,2024-04-09
8134,Cliente_54,Facturación,Baja,Carlos M.,31,2,Escalado,2025-05-30
8135,Cliente_218,Facturación,Baja,Carlos M.,16,1,Abierto,2024-03-30
8136,Cliente_16,Cuenta,Baja,Fernanda P.,66,2,Abierto,2025-01-31
8137,Cliente_99,Técnico,Alta,Ana L.,9,3,Resuelto,2024-02-10
8138,Cliente_20,Técnico,Media,Carlos M.,2,4,Resuelto,2025-03-16
8139,Cliente_46,Producto,Alta,Fernanda P.,37,1,Resuelto,2025-04-15
8140,Cliente_451,Facturación,Baja,Fernanda P.,59,1,Resuelto,2025-06-17
8141,Cliente_193,Producto,Crítica,Ana L.,58,2,Resuelto,2024-02-19
8142,Cliente_383,Técnico,Alta,Carlos M.,8,1,Resuelto,2024-09-28
8143,Cliente_58,Cuenta,Media,Ana L.,52,3,Resuelto,2025-04-27
8144,Cliente_437,Facturación,Baja,Carlos M.,69,4,En espera,2025-05-10
8145,Cliente_111,Técnico,Baja,Fernanda P.,52,2,Resuelto,2025-04-15
8146,Cliente_129,Cuenta,Crítica,Fernanda P.,34,4,Escalado,2024-11-18
8147,Cliente_337,Entrega,Media,Ana L.,48,2,Resuelto,2024-07-11
8148,Cliente_194,Técnico,Media,Carlos M.,24,5,Resuelto,2025-05-22
8149,Cliente_413,Entrega,Baja,Ana L.,13,1,En espera,2024-10-15
8150,Cliente_340,Producto,Alta,Carlos M.,50,5,Resuelto,2024-05-17
8151,Cliente_326,Entrega,Baja,Ana L.,65,1,Escalado,2025-03-26
8152,Cliente_8,Técnico,Media,Fernanda P.,71,5,Resuelto,2024-11-06
8153,Cliente_29,Entrega,Media,Ana L.,4,4,Escalado,2025-07-10
8154,Cliente_112,Facturación,Media,Carlos M.,64,3,Resuelto,2024-07-05
8155,Cliente_435,Técnico,Media,Ana L.,39,2,Resuelto,2024-10-13
8156,Cliente_161,Cuenta,Media,Carlos M.,63,1,Escalado,2025-04-13
8157,Cliente_131,Entrega,Alta,Ana L.,58,2,Resuelto,2025-04-16
8158,Cliente_188,Facturación,Alta,Carlos M.,16,3,Resuelto,2024-03-28
8159,Cliente_163,Producto,Alta,Carlos M.,62,5,Resuelto,2025-03-11
8160,Cliente_197,Producto,Baja,Carlos M.,10,4,En espera,2024-05-17
8161,Cliente_475,Entrega,Alta,Ana L.,62,2,Resuelto,2024-12-29
8162,Cliente_364,Producto,Baja,Ana L.,33,5,Resuelto,2024-04-26
8163,Cliente_204,Cuenta,Baja,Fernanda P.,71,1,Abierto,2025-04-06
8164,Cliente_212,Técnico,Crítica,Carlos M.,42,2,En espera,2024-03-03
8165,Cliente_109,Facturación,Alta,Fernanda P.,44,2,Resuelto,2024-03-14
8166,Cliente_276,Entrega,Media,Fernanda P.,46,1,En espera,2025-04-18
8167,Cliente_73,Producto,Alta,Carlos M.,31,3,Resuelto,2025-01-16
8168,Cliente_167,Técnico,Crítica,Fernanda P.,5,5,Resuelto,2024-01-20
8169,Cliente_260,Cuenta,Media,Ana L.,18,2,Resuelto,2024-01-29
8170,Cliente_243,Producto,Media,Fernanda P.,6,5,Resuelto,2024-06-10
8171,Cliente_275,Producto,Alta,Ana L.,50,4,En espera,2024-09-30
8172,Cliente_102,Facturación,Baja,Carlos M.,28,5,Resuelto,2024-10-12
8173,Cliente_475,Cuenta,Baja,Carlos M.,24,5,Resuelto,2024-09-20
8174,Cliente_173,Cuenta,Alta,Carlos M.,69,1,Resuelto,2024-02-20
8175,Cliente_171,Entrega,Media,Fernanda P.,28,5,Resuelto,2024-04-29
8176,Cliente_141,Facturación,Baja,Carlos M.,58,3,Resuelto,2025-02-11
8177,Cliente_397,Entrega,Media,Carlos M.,67,5,Abierto,2025-04-10
8178,Cliente_188,Facturación,Media,Ana L.,18,4,Resuelto,2025-07-15
8179,Cliente_441,Cuenta,Crítica,Fernanda P.,4,5,En espera,2025-07-06
8180,Cliente_86,Facturación,Media,Fernanda P.,49,1,Resuelto,2025-07-19
8181,Cliente_476,Facturación,Media,Carlos M.,32,4,Resuelto,2024-11-11
8182,Cliente_52,Facturación,Crítica,Fernanda P.,66,1,Resuelto,2024-11-20
8183,Cliente_111,Técnico,Crítica,Carlos M.,58,3,Resuelto,2024-01-23
8184,Cliente_437,Técnico,Media,Ana L.,11,3,Resuelto,2024-08-10
8185,Cliente_365,Cuenta,Crítica,Fernanda P.,65,1,Resuelto,2024-02-08
8186,Cliente_342,Facturación,Media,Fernanda P.,17,3,Escalado,2024-09-19
8187,Cliente_43,Cuenta,Baja,Ana L.,66,1,En espera,2025-01-19
8188,Cliente_211,Técnico,Baja,Fernanda P.,4,2,Resuelto,2025-02-14
8189,Cliente_456,Facturación,Media,Carlos M.,32,5,Resuelto,2025-08-04
8190,Cliente_500,Entrega,Media,Fernanda P.,71,2,Resuelto,2025-04-12
8191,Cliente_200,Técnico,Media,Fernanda P.,29,3,Resuelto,2024-04-17
8192,Cliente_298,Técnico,Media,Ana L.,61,1,Escalado,2024-07-05
8193,Cliente_346,Técnico,Baja,Ana L.,60,1,Resuelto,2024-09-14
8194,Cliente_240,Facturación,Baja,Carlos M.,58,1,En espera,2024-12-17
8195,Cliente_115,Producto,Media,Fernanda P.,53,1,Resuelto,2025-05-21
8196,Cliente_26,Entrega,Baja,Fernanda P.,5,5,Resuelto,2024-10-02
8197,Cliente_407,Entrega,Media,Ana L.,61,4,Resuelto,2025-04-28
8198,Cliente_299,Cuenta,Media,Carlos M.,21,2,Resuelto,2024-10-09
8199,Cliente_77,Facturación,Media,Fernanda P.,58,3,Resuelto,2025-08-18
8200,Cliente_412,Técnico,Media,Carlos M.,14,1,En espera,2024-11-14
8201,Cliente_137,Producto,Media,Fernanda P.,54,2,Resuelto,2025-07-08
8202,Cliente_20,Facturación,Alta,Ana L.,41,4,Resuelto,2025-04-12
8203,Cliente_440,Facturación,Crítica,Ana L.,16,2,Resuelto,2025-01-09
8204,Cliente_211,Producto,Alta,Ana L.,51,3,Resuelto,2024-07-07
8205,Cliente_240,Técnico,Media,Ana L.,1,1,Resuelto,2024-07-08
8206,Cliente_39,Facturación,Baja,Ana L.,40,3,Resuelto,2024-03-14
8207,Cliente_435,Entrega,Media,Ana L.,18,1,Escalado,2025-05-15
8208,Cliente_268,Entrega,Crítica,Carlos M.,34,4,Resuelto,2024-05-29
8209,Cliente_207,Producto,Baja,Ana L.,61,3,Resuelto,2024-04-01
8210,Cliente_479,Técnico,Baja,Carlos M.,21,2,Resuelto,2024-08-27
8211,Cliente_439,Producto,Baja,Ana L.,1,4,Resuelto,2024-03-01
8212,Cliente_462,Facturación,Alta,Fernanda P.,27,3,Resuelto,2024-08-23
8213,Cliente_267,Entrega,Media,Fernanda P.,51,1,Escalado,2024-08-19
8214,Cliente_154,Cuenta,Baja,Fernanda P.,11,4,Abierto,2024-08-16
8215,Cliente_42,Producto,Alta,Carlos M.,14,1,Resuelto,2024-11-03
8216,Cliente_411,Cuenta,Media,Ana L.,55,5,Resuelto,2025-07-11
8217,Cliente_11,Cuenta,Media,Carlos M.,27,2,Resuelto,2024-02-25
8218,Cliente_294,Entrega,Media,Ana L.,22,1,Resuelto,2024-10-11
8219,Cliente_98,Producto,Baja,Fernanda P.,21,3,Resuelto,2024-08-05
8220,Cliente_427,Cuenta,Media,Carlos M.,24,5,Abierto,2024-11-24
8221,Cliente_275,Facturación,Media,Ana L.,19,4,Resuelto,2024-06-27
8222,Cliente_448,Técnico,Media,Carlos M.,24,3,Resuelto,2024-05-06
8223,Cliente_390,Técnico,Alta,Carlos M.,26,4,En espera,2024-08-22
8224,Cliente_430,Entrega,Media,Fernanda P.,25,5,Escalado,2024-08-12
8225,Cliente_372,Producto,Baja,Fernanda P.,45,3,Resuelto,2024-11-26
8226,Cliente_230,Producto,Media,Fernanda P.,29,1,Resuelto,2024-01-29
8227,Cliente_369,Técnico,Alta,Fernanda P.,11,3,Abierto,2024-07-05
8228,Cliente_426,Facturación,Baja,Fernanda P.,24,2,Resuelto,2024-05-28
8229,Cliente_220,Técnico,Baja,Ana L.,24,1,Escalado,2024-01-04
8230,Cliente_65,Técnico,Media,Ana L.,12,2,Resuelto,2024-10-18
8231,Cliente_355,Producto,Media,Fernanda P.,7,3,Resuelto,2024-03-23
8232,Cliente_232,Cuenta,Baja,Fernanda P.,40,3,Resuelto,2024-06-02
8233,Cliente_328,Facturación,Alta,Fernanda P.,70,4,Resuelto,2025-04-20
8234,Cliente_443,Producto,Media,Carlos M.,23,3,Abierto,2024-11-26
8235,Cliente_52,Técnico,Crítica,Fernanda P.,71,1,Abierto,2024-12-14
8236,Cliente_374,Cuenta,Baja,Ana L.,38,2,Escalado,2024-11-01
8237,Cliente_431,Facturación,Alta,Ana L.,31,5,Resuelto,2025-04-12
8238,Cliente_376,Entrega,Baja,Carlos M.,29,2,Abierto,2024-04-22
8239,Cliente_263,Facturación,Media,Ana L.,44,4,En espera,2024-06-17
8240,Cliente_267,Facturación,Media,Fernanda P.,28,5,En espera,2024-09-25
8241,Cliente_359,Técnico,Media,Carlos M.,68,5,Resuelto,2024-12-02
8242,Cliente_317,Técnico,Alta,Carlos M.,21,3,Resuelto,2024-07-04
8243,Cliente_324,Entrega,Baja,Ana L.,9,4,Resuelto,2024-12-23
8244,Cliente_409,Entrega,Media,Fernanda P.,49,4,Resuelto,2024-11-17
8245,Cliente_396,Entrega,Baja,Fernanda P.,37,3,Resuelto,2024-09-10
8246,Cliente_154,Producto,Alta,Fernanda P.,21,1,Resuelto,2024-06-09
8247,Cliente_358,Producto,Baja,Carlos M.,60,3,Abierto,2025-03-28
8248,Cliente_366,Técnico,Alta,Ana L.,23,4,Resuelto,2024-01-27
8249,Cliente_140,Técnico,Alta,Ana L.,10,5,Resuelto,2024-11-01
8250,Cliente_427,Entrega,Alta,Ana L.,70,1,Resuelto,2025-07-24
8251,Cliente_51,Producto,Baja,Fernanda P.,21,4,Abierto,2024-12-21
8252,Cliente_117,Cuenta,Media,Carlos M.,29,4,Resuelto,2025-08-12
8253,Cliente_421,Producto,Baja,Carlos M.,59,3,Resuelto,2025-04-07
8254,Cliente_46,Técnico,Alta,Ana L.,40,2,Resuelto,2024-06-03
8255,Cliente_309,Producto,Alta,Ana L.,21,4,Resuelto,2025-05-16
8256,Cliente_88,Técnico,Media,Carlos M.,63,2,Resuelto,2024-11-23
8257,Cliente_208,Entrega,Alta,Ana L.,46,1,Resuelto,2025-04-13
8258,Cliente_377,Entrega,Baja,Carlos M.,5,5,Resuelto,2024-10-31
8259,Cliente_269,Entrega,Media,Carlos M.,15,2,Resuelto,2025-01-12
8260,Cliente_89,Cuenta,Baja,Ana L.,40,2,Escalado,2024-09-05
8261,Cliente_381,Cuenta,Crítica,Carlos M.,4,2,Resuelto,2025-01-06
8262,Cliente_118,Técnico,Alta,Carlos M.,24,2,Escalado,2024-11-21
8263,Cliente_54,Facturación,Alta,Ana L.,42,2,Resuelto,2025-04-11
8264,Cliente_441,Cuenta,Crítica,Ana L.,26,1,Resuelto,2024-01-01
8265,Cliente_116,Técnico,Media,Ana L.,66,4,Resuelto,2025-06-21
8266,Cliente_118,Producto,Crítica,Carlos M.,8,5,Abierto,2024-07-15
8267,Cliente_260,Entrega,Media,Ana L.,66,4,Resuelto,2024-10-07
8268,Cliente_75,Entrega,Alta,Ana L.,20,1,Resuelto,2025-05-11
8269,Cliente_480,Entrega,Alta,Carlos M.,66,1,Resuelto,2024-02-27
8270,Cliente_305,Técnico,Baja,Carlos M.,68,2,En espera,2025-03-04
8271,Cliente_7,Entrega,Media,Ana L.,55,1,Resuelto,2024-01-22
8272,Cliente_366,Cuenta,Baja,Ana L.,39,1,En espera,2025-03-07
8273,Cliente_122,Producto,Crítica,Carlos M.,50,2,Resuelto,2024-09-25
8274,Cliente_11,Entrega,Baja,Carlos M.,20,1,Resuelto,2025-02-12
8275,Cliente_348,Técnico,Media,Fernanda P.,70,1,Resuelto,2025-06-05
8276,Cliente_438,Producto,Alta,Carlos M.,28,1,Resuelto,2024-09-30
8277,Cliente_489,Entrega,Baja,Carlos M.,43,3,Resuelto,2024-02-24
8278,Cliente_215,Facturación,Media,Fernanda P.,66,4,Resuelto,2025-07-21
8279,Cliente_429,Entrega,Media,Ana L.,28,3,Abierto,2025-07-14
8280,Cliente_279,Cuenta,Baja,Fernanda P.,23,4,Resuelto,2025-02-13
8281,Cliente_498,Producto,Alta,Carlos M.,35,2,Resuelto,2025-01-03
8282,Cliente_28,Cuenta,Baja,Fernanda P.,22,2,En espera,2025-05-04
8283,Cliente_235,Facturación,Baja,Fernanda P.,5,4,En espera,2024-04-25
8284,Cliente_367,Facturación,Media,Fernanda P.,60,4,Resuelto,2024-11-25
8285,Cliente_313,Cuenta,Media,Fernanda P.,41,5,Resuelto,2024-03-24
8286,Cliente_26,Producto,Crítica,Fernanda P.,29,4,Resuelto,2024-10-20
8287,Cliente_409,Facturación,Alta,Fernanda P.,35,4,Resuelto,2024-05-10
8288,Cliente_54,Facturación,Media,Ana L.,68,2,Resuelto,2025-04-11
8289,Cliente_29,Entrega,Media,Fernanda P.,45,2,Resuelto,2025-04-09
8290,Cliente_467,Técnico,Media,Fernanda P.,9,1,Resuelto,2024-04-17
8291,Cliente_353,Facturación,Baja,Fernanda P.,51,1,En espera,2025-07-18
8292,Cliente_164,Producto,Media,Fernanda P.,14,2,En espera,2025-03-03
8293,Cliente_270,Producto,Alta,Carlos M.,69,1,Abierto,2025-01-17
8294,Cliente_334,Entrega,Media,Fernanda P.,56,3,Resuelto,2025-06-23
8295,Cliente_35,Producto,Baja,Fernanda P.,11,3,Escalado,2024-12-12
8296,Cliente_286,Entrega,Media,Fernanda P.,30,1,Resuelto,2024-06-08
8297,Cliente_348,Facturación,Baja,Ana L.,39,1,Resuelto,2024-08-17
8298,Cliente_273,Facturación,Alta,Fernanda P.,24,4,En espera,2024-07-22
8299,Cliente_451,Facturación,Media,Carlos M.,58,4,Resuelto,2025-06-15
8300,Cliente_208,Facturación,Media,Ana L.,30,3,Resuelto,2025-01-24
8301,Cliente_238,Técnico,Media,Carlos M.,24,3,Abierto,2024-01-03
8302,Cliente_414,Técnico,Crítica,Ana L.,67,4,En espera,2024-11-24
8303,Cliente_500,Facturación,Baja,Ana L.,29,4,Resuelto,2024-02-02
8304,Cliente_93,Producto,Alta,Fernanda P.,42,4,Abierto,2025-01-30
8305,Cliente_173,Entrega,Media,Fernanda P.,62,1,Resuelto,2024-10-08
8306,Cliente_79,Cuenta,Alta,Ana L.,27,2,Abierto,2025-01-04
8307,Cliente_110,Entrega,Alta,Fernanda P.,29,3,Resuelto,2024-06-24
8308,Cliente_217,Cuenta,Baja,Fernanda P.,66,5,Escalado,2025-08-08
8309,Cliente_435,Cuenta,Alta,Ana L.,57,4,En espera,2025-07-09
8310,Cliente_358,Facturación,Media,Ana L.,61,1,Resuelto,2024-05-18
8311,Cliente_106,Cuenta,Baja,Carlos M.,29,3,En espera,2025-03-28
8312,Cliente_47,Facturación,Baja,Ana L.,57,4,En espera,2024-10-06
8313,Cliente_181,Técnico,Media,Carlos M.,55,1,Resuelto,2024-08-14
8314,Cliente_64,Producto,Media,Carlos M.,44,3,Escalado,2024-12-15
8315,Cliente_246,Cuenta,Alta,Fernanda P.,28,3,Escalado,2025-06-14
8316,Cliente_244,Producto,Alta,Fernanda P.,37,5,Resuelto,2024-11-07
8317,Cliente_422,Facturación,Media,Ana L.,23,5,Resuelto,2024-10-31
8318,Cliente_320,Cuenta,Alta,Ana L.,69,3,Resuelto,2024-04-18
8319,Cliente_87,Entrega,Media,Carlos M.,58,1,Resuelto,2025-05-13
8320,Cliente_217,Técnico,Baja,Carlos M.,32,4,Resuelto,2024-02-26
8321,Cliente_490,Técnico,Crítica,Fernanda P.,69,4,Resuelto,2024-04-04
8322,Cliente_7,Cuenta,Baja,Ana L.,36,3,Escalado,2025-05-06
8323,Cliente_278,Técnico,Media,Ana L.,32,4,Abierto,2024-09-10
8324,Cliente_337,Entrega,Alta,Ana L.,59,5,En espera,2024-05-24
8325,Cliente_210,Producto,Media,Ana L.,60,4,Escalado,2025-03-21
8326,Cliente_497,Entrega,Baja,Fernanda P.,27,2,Resuelto,2024-06-16
8327,Cliente_169,Técnico,Baja,Fernanda P.,24,5,Resuelto,2024-05-18
8328,Cliente_330,Producto,Media,Carlos M.,67,5,Resuelto,2025-01-12
8329,Cliente_138,Entrega,Crítica,Fernanda P.,36,3,Resuelto,2024-09-25
8330,Cliente_441,Facturación,Media,Carlos M.,14,3,Resuelto,2024-12-02
8331,Cliente_391,Facturación,Media,Fernanda P.,68,4,Resuelto,2024-01-28
8332,Cliente_496,Producto,Media,Fernanda P.,44,4,Resuelto,2025-04-10
8333,Cliente_381,Producto,Baja,Ana L.,48,3,Resuelto,2024-06-04
8334,Cliente_306,Producto,Baja,Carlos M.,32,1,Escalado,2025-03-14
8335,Cliente_230,Facturación,Baja,Carlos M.,17,4,Resuelto,2024-01-16
8336,Cliente_475,Entrega,Media,Carlos M.,57,1,Resuelto,2024-06-16
8337,Cliente_308,Producto,Baja,Fernanda P.,39,5,Resuelto,2024-08-18
8338,Cliente_161,Facturación,Baja,Ana L.,32,2,Resuelto,2024-08-19
8339,Cliente_1,Producto,Alta,Fernanda P.,68,1,Escalado,2024-12-18
8340,Cliente_236,Producto,Alta,Ana L.,2,4,Resuelto,2025-05-28
8341,Cliente_437,Producto,Crítica,Fernanda P.,42,3,Resuelto,2024-07-23
8342,Cliente_188,Facturación,Media,Carlos M.,38,3,Resuelto,2024-09-14
8343,Cliente_418,Entrega,Baja,Fernanda P.,55,2,Resuelto,2025-01-18
8344,Cliente_4,Facturación,Alta,Carlos M.,55,2,Resuelto,2024-12-22
8345,Cliente_401,Facturación,Baja,Ana L.,34,5,Resuelto,2024-11-20
8346,Cliente_132,Producto,Media,Carlos M.,46,1,En espera,2024-03-10
8347,Cliente_427,Cuenta,Alta,Carlos M.,43,2,Resuelto,2025-07-15
8348,Cliente_218,Cuenta,Alta,Carlos M.,2,5,Resuelto,2024-06-24
8349,Cliente_260,Cuenta,Crítica,Carlos M.,36,5,Escalado,2025-05-25
8350,Cliente_1,Facturación,Alta,Ana L.,70,5,Resuelto,2024-05-31
8351,Cliente_71,Producto,Media,Fernanda P.,36,4,Resuelto,2025-01-27
8352,Cliente_478,Cuenta,Baja,Fernanda P.,22,2,Resuelto,2024-09-01
8353,Cliente_178,Técnico,Crítica,Fernanda P.,69,3,Resuelto,2024-05-01
8354,Cliente_457,Técnico,Baja,Fernanda P.,38,5,Abierto,2024-06-16
8355,Cliente_189,Técnico,Crítica,Carlos M.,54,3,En espera,2024-05-09
8356,Cliente_291,Entrega,Media,Ana L.,22,4,Resuelto,2025-08-07
8357,Cliente_8,Producto,Baja,Ana L.,31,1,Abierto,2024-01-19
8358,Cliente_253,Facturación,Alta,Fernanda P.,53,4,Resuelto,2025-05-18
8359,Cliente_408,Facturación,Baja,Fernanda P.,59,4,Resuelto,2025-06-25
8360,Cliente_467,Producto,Alta,Ana L.,49,2,Abierto,2024-04-26
8361,Cliente_292,Entrega,Baja,Ana L.,27,5,Resuelto,2024-07-08
8362,Cliente_434,Producto,Alta,Carlos M.,72,4,En espera,2024-01-03
8363,Cliente_244,Entrega,Media,Ana L.,57,5,Resuelto,2024-11-28
8364,Cliente_123,Cuenta,Media,Ana L.,6,3,Resuelto,2024-12-05
8365,Cliente_299,Cuenta,Media,Carlos M.,46,1,Abierto,2024-06-08
8366,Cliente_283,Entrega,Baja,Carlos M.,25,1,Abierto,2025-02-18
8367,Cliente_32,Producto,Alta,Carlos M.,9,3,Abierto,2025-07-26
8368,Cliente_334,Cuenta,Baja,Ana L.,64,2,Resuelto,2024-09-21
8369,Cliente_377,Producto,Media,Ana L.,31,3,Resuelto,2024-03-07
8370,Cliente_146,Cuenta,Media,Ana L.,19,3,Escalado,2024-04-04
8371,Cliente_156,Producto,Media,Carlos M.,65,2,En espera,2025-08-02
8372,Cliente_413,Producto,Baja,Ana L.,17,2,Resuelto,2024-08-28
8373,Cliente_16,Técnico,Baja,Ana L.,34,4,En espera,2024-01-17
8374,Cliente_355,Entrega,Baja,Carlos M.,36,5,En espera,2025-02-18
8375,Cliente_47,Facturación,Alta,Fernanda P.,13,1,Resuelto,2024-08-08
8376,Cliente_251,Entrega,Baja,Fernanda P.,59,2,Resuelto,2024-02-09
8377,Cliente_187,Producto,Crítica,Ana L.,21,2,Resuelto,2024-05-10
8378,Cliente_31,Producto,Baja,Carlos M.,65,4,Resuelto,2024-05-08
8379,Cliente_260,Entrega,Baja,Carlos M.,6,4,Resuelto,2025-06-03
8380,Cliente_421,Producto,Media,Ana L.,11,5,En espera,2024-07-10
8381,Cliente_17,Cuenta,Baja,Ana L.,22,2,Resuelto,2025-02-28
8382,Cliente_39,Producto,Media,Fernanda P.,11,2,Resuelto,2025-03-31
8383,Cliente_304,Entrega,Alta,Carlos M.,37,4,Resuelto,2024-08-12
8384,Cliente_430,Entrega,Baja,Ana L.,26,3,Resuelto,2025-05-28
8385,Cliente_474,Entrega,Alta,Carlos M.,57,5,En espera,2024-06-23
8386,Cliente_432,Técnico,Media,Ana L.,26,2,Resuelto,2024-11-11
8387,Cliente_39,Técnico,Baja,Fernanda P.,21,1,Resuelto,2024-06-25
8388,Cliente_489,Técnico,Baja,Ana L.,57,1,Resuelto,2024-04-02
8389,Cliente_132,Técnico,Crítica,Fernanda P.,26,4,Abierto,2024-09-27
8390,Cliente_30,Técnico,Baja,Fernanda P.,15,1,Escalado,2025-03-09
8391,Cliente_158,Técnico,Alta,Ana L.,63,4,Abierto,2025-04-04
8392,Cliente_278,Técnico,Media,Ana L.,35,3,Resuelto,2025-05-28
8393,Cliente_203,Entrega,Baja,Fernanda P.,11,4,En espera,2024-05-03
8394,Cliente_66,Facturación,Media,Carlos M.,68,2,Resuelto,2024-03-20
8395,Cliente_108,Técnico,Alta,Carlos M.,50,1,Resuelto,2025-01-05
8396,Cliente_268,Entrega,Alta,Fernanda P.,29,2,Resuelto,2024-04-04
8397,Cliente_222,Facturación,Media,Fernanda P.,64,1,Resuelto,2024-07-07
8398,Cliente_292,Técnico,Alta,Ana L.,41,1,Resuelto,2024-05-01
8399,Cliente_18,Facturación,Baja,Ana L.,26,4,Resuelto,2024-02-13
8400,Cliente_90,Facturación,Crítica,Fernanda P.,28,5,Resuelto,2024-09-16
8401,Cliente_181,Cuenta,Alta,Fernanda P.,48,1,En espera,2024-07-06
8402,Cliente_255,Producto,Alta,Carlos M.,66,1,Resuelto,2024-09-17
8403,Cliente_455,Cuenta,Alta,Carlos M.,23,5,Escalado,2025-07-10
8404,Cliente_253,Facturación,Media,Carlos M.,39,2,Resuelto,2024-02-29
8405,Cliente_257,Entrega,Media,Fernanda P.,69,1,Resuelto,2024-09-20
8406,Cliente_383,Técnico,Media,Fernanda P.,21,4,Resuelto,2025-07-01
8407,Cliente_442,Producto,Media,Carlos M.,49,5,Resuelto,2024-01-10
8408,Cliente_346,Técnico,Media,Carlos M.,36,5,Escalado,2024-04-12
8409,Cliente_87,Entrega,Baja,Ana L.,37,1,Abierto,2024-04-20
8410,Cliente_90,Producto,Media,Ana L.,42,2,Resuelto,2025-06-16
8411,Cliente_237,Cuenta,Baja,Fernanda P.,62,2,Resuelto,2025-05-15
8412,Cliente_390,Facturación,Baja,Ana L.,6,3,Resuelto,2024-07-23
8413,Cliente_70,Entrega,Media,Fernanda P.,8,3,Resuelto,2024-04-06
8414,Cliente_44,Facturación,Alta,Fernanda P.,69,4,En espera,2025-01-31
8415,Cliente_200,Facturación,Media,Fernanda P.,40,1,Resuelto,2025-07-20
8416,Cliente_152,Técnico,Alta,Carlos M.,10,2,Resuelto,2025-07-15
8417,Cliente_86,Entrega,Baja,Ana L.,31,3,Resuelto,2025-05-10
8418,Cliente_19,Facturación,Media,Ana L.,30,1,Resuelto,2025-06-15
8419,Cliente_101,Cuenta,Baja,Ana L.,51,1,Escalado,2024-12-29
8420,Cliente_402,Producto,Baja,Ana L.,36,2,Resuelto,2024-09-13
8421,Cliente_95,Entrega,Media,Carlos M.,61,1,Resuelto,2024-07-23
8422,Cliente_254,Técnico,Media,Ana L.,27,5,Abierto,2024-12-07
8423,Cliente_357,Entrega,Baja,Ana L.,35,3,Resuelto,2025-05-13
8424,Cliente_30,Técnico,Media,Carlos M.,60,4,Resuelto,2024-07-10
8425,Cliente_249,Producto,Alta,Ana L.,32,3,Resuelto,2024-05-03
8426,Cliente_426,Cuenta,Baja,Ana L.,4,1,Escalado,2024-05-05
8427,Cliente_33,Facturación,Baja,Carlos M.,27,5,Abierto,2024-07-11
8428,Cliente_458,Entrega,Media,Carlos M.,47,3,Escalado,2024-08-25
8429,Cliente_229,Técnico,Baja,Carlos M.,6,2,Resuelto,2024-09-04
8430,Cliente_12,Producto,Crítica,Carlos M.,26,5,Resuelto,2024-08-12
8431,Cliente_118,Facturación,Media,Fernanda P.,24,3,Resuelto,2024-07-07
8432,Cliente_350,Producto,Media,Carlos M.,71,1,En espera,2024-08-09
8433,Cliente_155,Cuenta,Media,Ana L.,44,2,Resuelto,2024-03-30
8434,Cliente_423,Facturación,Media,Ana L.,14,1,Resuelto,2025-02-06
8435,Cliente_393,Facturación,Baja,Ana L.,13,1,Escalado,2024-02-26
8436,Cliente_246,Facturación,Crítica,Ana L.,26,2,Resuelto,2025-06-03
8437,Cliente_405,Técnico,Media,Fernanda P.,43,5,Resuelto,2025-04-02
8438,Cliente_332,Facturación,Baja,Fernanda P.,43,3,Abierto,2025-02-05
8439,Cliente_247,Producto,Media,Fernanda P.,66,5,Abierto,2025-01-29
8440,Cliente_29,Técnico,Baja,Ana L.,28,2,Resuelto,2024-06-06
8441,Cliente_161,Facturación,Baja,Ana L.,1,3,Resuelto,2024-05-06
8442,Cliente_235,Producto,Media,Carlos M.,12,2,Resuelto,2025-05-31
8443,Cliente_190,Producto,Media,Carlos M.,50,4,Resuelto,2024-08-24
8444,Cliente_117,Entrega,Media,Ana L.,53,4,Resuelto,2024-11-28
8445,Cliente_271,Producto,Baja,Carlos M.,60,5,En espera,2024-02-05
8446,Cliente_258,Cuenta,Media,Carlos M.,55,2,Resuelto,2024-06-03
8447,Cliente_180,Facturación,Baja,Ana L.,35,3,En espera,2025-06-27
8448,Cliente_487,Facturación,Media,Fernanda P.,61,5,Abierto,2024-04-27
8449,Cliente_373,Facturación,Media,Ana L.,26,4,Resuelto,2024-11-17
8450,Cliente_172,Producto,Media,Ana L.,31,4,Resuelto,2025-05-30
8451,Cliente_438,Producto,Alta,Carlos M.,57,4,Resuelto,2024-09-23
8452,Cliente_274,Facturación,Alta,Carlos M.,12,5,Abierto,2024-12-27
8453,Cliente_259,Técnico,Crítica,Ana L.,5,3,Escalado,2025-04-29
8454,Cliente_135,Técnico,Crítica,Fernanda P.,7,4,Resuelto,2024-08-17
8455,Cliente_171,Cuenta,Alta,Ana L.,16,5,Escalado,2025-02-24
8456,Cliente_210,Entrega,Crítica,Fernanda P.,52,5,Resuelto,2025-01-31
8457,Cliente_236,Cuenta,Alta,Fernanda P.,21,1,En espera,2025-02-14
8458,Cliente_422,Facturación,Alta,Ana L.,27,1,Resuelto,2024-11-17
8459,Cliente_421,Facturación,Baja,Ana L.,23,3,Abierto,2024-10-29
8460,Cliente_186,Facturación,Baja,Ana L.,72,4,En espera,2025-04-19
8461,Cliente_417,Entrega,Alta,Fernanda P.,25,1,En espera,2025-06-07
8462,Cliente_364,Producto,Media,Carlos M.,11,3,Abierto,2025-03-26
8463,Cliente_443,Entrega,Alta,Fernanda P.,63,1,Resuelto,2025-06-21
8464,Cliente_95,Cuenta,Media,Fernanda P.,57,4,Resuelto,2025-02-14
8465,Cliente_378,Producto,Media,Fernanda P.,54,5,Resuelto,2025-05-13
8466,Cliente_11,Producto,Alta,Carlos M.,10,4,Resuelto,2024-04-18
8467,Cliente_68,Cuenta,Crítica,Fernanda P.,50,1,Resuelto,2024-06-11
8468,Cliente_379,Producto,Baja,Fernanda P.,1,4,Resuelto,2024-01-13
8469,Cliente_210,Técnico,Alta,Fernanda P.,70,5,Resuelto,2024-05-06
8470,Cliente_196,Cuenta,Alta,Carlos M.,30,2,Resuelto,2025-03-28
8471,Cliente_369,Cuenta,Media,Fernanda P.,55,5,Resuelto,2024-06-19
8472,Cliente_98,Técnico,Media,Carlos M.,6,1,Resuelto,2024-07-27
8473,Cliente_93,Entrega,Baja,Carlos M.,24,5,Resuelto,2024-12-04
8474,Cliente_472,Entrega,Baja,Ana L.,5,3,Resuelto,2024-02-28
8475,Cliente_22,Entrega,Media,Ana L.,7,4,Abierto,2025-05-21
8476,Cliente_450,Producto,Baja,Ana L.,3,2,Resuelto,2024-09-24
8477,Cliente_172,Técnico,Baja,Carlos M.,13,2,Resuelto,2025-04-24
8478,Cliente_383,Cuenta,Alta,Ana L.,54,4,Resuelto,2025-05-31
8479,Cliente_134,Cuenta,Media,Ana L.,63,4,Resuelto,2025-03-23
8480,Cliente_426,Cuenta,Media,Ana L.,6,3,Resuelto,2025-07-08
8481,Cliente_25,Producto,Baja,Carlos M.,47,5,Resuelto,2025-07-31
8482,Cliente_185,Producto,Alta,Fernanda P.,55,2,Resuelto,2024-05-13
8483,Cliente_85,Entrega,Alta,Ana L.,49,1,Abierto,2024-07-31
8484,Cliente_55,Producto,Media,Ana L.,57,4,Resuelto,2024-04-08
8485,Cliente_251,Entrega,Crítica,Ana L.,3,4,Resuelto,2024-09-27
8486,Cliente_144,Entrega,Alta,Ana L.,22,2,Resuelto,2024-02-18
8487,Cliente_351,Cuenta,Alta,Carlos M.,35,4,Resuelto,2024-06-23
8488,Cliente_398,Producto,Alta,Fernanda P.,28,2,Resuelto,2025-05-28
8489,Cliente_167,Entrega,Baja,Fernanda P.,42,1,Resuelto,2025-05-03
8490,Cliente_412,Técnico,Baja,Ana L.,12,1,Escalado,2024-01-06
8491,Cliente_224,Técnico,Baja,Fernanda P.,1,2,Resuelto,2025-07-07
8492,Cliente_220,Producto,Baja,Ana L.,23,4,Resuelto,2024-11-02
8493,Cliente_179,Cuenta,Baja,Ana L.,28,3,Escalado,2025-04-11
8494,Cliente_119,Cuenta,Alta,Fernanda P.,69,3,Resuelto,2025-06-11
8495,Cliente_433,Entrega,Baja,Fernanda P.,36,5,Resuelto,2024-03-13
8496,Cliente_265,Producto,Crítica,Carlos M.,54,3,Resuelto,2024-03-07
8497,Cliente_442,Técnico,Media,Ana L.,47,4,Escalado,2025-08-15
8498,Cliente_429,Entrega,Baja,Fernanda P.,56,3,Escalado,2025-06-25
8499,Cliente_150,Entrega,Media,Carlos M.,10,5,Resuelto,2024-01-27
8500,Cliente_416,Facturación,Baja,Fernanda P.,5,1,Resuelto,2025-08-22
8501,Cliente_453,Producto,Crítica,Fernanda P.,14,2,Resuelto,2025-03-01
8502,Cliente_215,Entrega,Alta,Ana L.,24,3,Escalado,2025-07-29
8503,Cliente_197,Técnico,Baja,Carlos M.,63,2,Resuelto,2025-03-09
8504,Cliente_42,Facturación,Crítica,Ana L.,28,2,Escalado,2025-01-25
8505,Cliente_53,Técnico,Alta,Fernanda P.,21,1,En espera,2024-11-24
8506,Cliente_480,Cuenta,Baja,Carlos M.,20,5,Resuelto,2024-02-25
8507,Cliente_443,Facturación,Media,Ana L.,62,4,Abierto,2024-09-23
8508,Cliente_330,Facturación,Media,Carlos M.,51,4,Resuelto,2025-01-27
8509,Cliente_251,Entrega,Baja,Fernanda P.,40,4,Resuelto,2025-06-30
8510,Cliente_295,Cuenta,Alta,Carlos M.,65,5,Resuelto,2025-08-18
8511,Cliente_378,Entrega,Baja,Fernanda P.,28,5,Resuelto,2024-06-27
8512,Cliente_271,Producto,Media,Ana L.,54,5,Resuelto,2025-08-05
8513,Cliente_455,Técnico,Baja,Fernanda P.,2,3,Resuelto,2025-07-02
8514,Cliente_413,Técnico,Crítica,Fernanda P.,14,2,Resuelto,2024-04-10
8515,Cliente_123,Entrega,Alta,Carlos M.,14,5,Resuelto,2025-04-12
8516,Cliente_367,Técnico,Baja,Carlos M.,44,5,Escalado,2024-07-22
8517,Cliente_387,Técnico,Media,Ana L.,40,3,Abierto,2024-10-03
8518,Cliente_339,Producto,Baja,Carlos M.,34,2,Resuelto,2025-04-12
8519,Cliente_266,Cuenta,Alta,Ana L.,65,4,Resuelto,2025-05-31
8520,Cliente_348,Facturación,Baja,Fernanda P.,18,1,Resuelto,2024-01-23
8521,Cliente_29,Entrega,Alta,Fernanda P.,34,5,Resuelto,2024-11-22
8522,Cliente_463,Entrega,Crítica,Carlos M.,49,5,Resuelto,2025-07-30
8523,Cliente_35,Producto,Media,Fernanda P.,55,1,Resuelto,2025-06-20
8524,Cliente_6,Producto,Baja,Fernanda P.,62,5,Resuelto,2025-01-14
8525,Cliente_396,Facturación,Media,Ana L.,70,5,Escalado,2024-05-05
8526,Cliente_111,Cuenta,Media,Carlos M.,24,5,Resuelto,2025-03-17
8527,Cliente_294,Entrega,Media,Ana L.,48,1,Resuelto,2024-02-13
8528,Cliente_77,Producto,Media,Fernanda P.,39,3,En espera,2024-12-24
8529,Cliente_349,Entrega,Media,Fernanda P.,48,3,Resuelto,2024-07-17
8530,Cliente_147,Técnico,Media,Fernanda P.,70,1,Resuelto,2024-11-03
8531,Cliente_67,Entrega,Alta,Carlos M.,9,3,Escalado,2024-12-22
8532,Cliente_392,Cuenta,Baja,Fernanda P.,29,4,Resuelto,2024-03-29
8533,Cliente_8,Cuenta,Media,Fernanda P.,68,4,Abierto,2024-06-22
8534,Cliente_122,Entrega,Alta,Ana L.,60,1,Escalado,2024-12-30
8535,Cliente_340,Técnico,Baja,Carlos M.,26,2,Resuelto,2025-04-18
8536,Cliente_175,Cuenta,Alta,Fernanda P.,38,5,Resuelto,2024-08-23
8537,Cliente_388,Producto,Alta,Ana L.,62,2,En espera,2024-08-12
8538,Cliente_179,Entrega,Media,Fernanda P.,26,5,En espera,2024-12-25
8539,Cliente_85,Técnico,Baja,Ana L.,14,3,Resuelto,2025-02-27
8540,Cliente_451,Producto,Baja,Fernanda P.,49,3,Resuelto,2024-02-23
8541,Cliente_45,Entrega,Media,Carlos M.,43,4,Resuelto,2024-11-30
8542,Cliente_136,Técnico,Baja,Carlos M.,8,2,En espera,2024-04-04
8543,Cliente_343,Producto,Crítica,Ana L.,40,1,Resuelto,2024-11-10
8544,Cliente_16,Cuenta,Media,Fernanda P.,25,5,Resuelto,2025-05-02
8545,Cliente_333,Entrega,Baja,Carlos M.,63,3,Resuelto,2025-01-09
8546,Cliente_195,Entrega,Crítica,Fernanda P.,4,5,Resuelto,2024-01-18
8547,Cliente_496,Cuenta,Alta,Carlos M.,15,1,Escalado,2024-08-08
8548,Cliente_9,Facturación,Baja,Ana L.,16,5,Escalado,2025-02-24
8549,Cliente_316,Producto,Media,Carlos M.,54,4,Resuelto,2024-02-06
8550,Cliente_334,Cuenta,Baja,Fernanda P.,11,1,Resuelto,2024-11-24
8551,Cliente_333,Entrega,Crítica,Fernanda P.,28,1,Resuelto,2024-05-22
8552,Cliente_327,Producto,Media,Fernanda P.,7,5,Resuelto,2025-01-06
8553,Cliente_15,Producto,Alta,Ana L.,38,5,Resuelto,2025-05-03
8554,Cliente_327,Facturación,Media,Ana L.,24,3,Resuelto,2024-10-29
8555,Cliente_102,Entrega,Alta,Fernanda P.,68,5,Resuelto,2025-07-12
8556,Cliente_226,Técnico,Baja,Fernanda P.,37,1,Resuelto,2024-07-23
8557,Cliente_425,Facturación,Crítica,Carlos M.,35,5,Resuelto,2024-09-27
8558,Cliente_278,Facturación,Crítica,Carlos M.,6,3,Resuelto,2024-06-30
8559,Cliente_408,Técnico,Media,Carlos M.,33,2,Resuelto,2025-07-27
8560,Cliente_113,Técnico,Alta,Fernanda P.,54,4,Resuelto,2024-10-07
8561,Cliente_485,Facturación,Alta,Carlos M.,14,1,Resuelto,2024-01-12
8562,Cliente_428,Producto,Crítica,Fernanda P.,19,3,Abierto,2024-09-21
8563,Cliente_1,Cuenta,Media,Ana L.,11,4,En espera,2024-10-19
8564,Cliente_266,Cuenta,Media,Carlos M.,71,5,Resuelto,2024-05-16
8565,Cliente_491,Facturación,Alta,Fernanda P.,45,5,Resuelto,2024-07-15
8566,Cliente_208,Producto,Alta,Fernanda P.,60,2,Resuelto,2025-03-30
8567,Cliente_110,Técnico,Media,Ana L.,58,5,Resuelto,2024-04-04
8568,Cliente_200,Facturación,Alta,Ana L.,24,4,Abierto,2024-08-23
8569,Cliente_440,Entrega,Baja,Ana L.,11,3,Resuelto,2024-01-07
8570,Cliente_369,Producto,Alta,Ana L.,72,2,Resuelto,2025-01-23
8571,Cliente_473,Entrega,Baja,Carlos M.,44,4,Escalado,2024-05-04
8572,Cliente_306,Entrega,Baja,Ana L.,66,3,Abierto,2024-07-27
8573,Cliente_12,Facturación,Media,Fernanda P.,45,4,Resuelto,2024-10-18
8574,Cliente_345,Producto,Media,Fernanda P.,32,5,Resuelto,2025-05-27
8575,Cliente_465,Entrega,Media,Fernanda P.,17,4,Resuelto,2025-05-20
8576,Cliente_188,Producto,Media,Fernanda P.,54,2,Abierto,2025-05-15
8577,Cliente_154,Cuenta,Media,Fernanda P.,10,4,Resuelto,2025-03-19
8578,Cliente_494,Entrega,Baja,Ana L.,6,1,Resuelto,2025-04-20
8579,Cliente_368,Entrega,Alta,Fernanda P.,20,5,Resuelto,2025-03-24
8580,Cliente_334,Producto,Media,Ana L.,1,4,Resuelto,2024-02-10
8581,Cliente_425,Cuenta,Media,Ana L.,64,3,Resuelto,2025-01-13
8582,Cliente_420,Entrega,Media,Ana L.,1,5,En espera,2024-04-02
8583,Cliente_377,Facturación,Crítica,Ana L.,61,3,Escalado,2024-04-13
8584,Cliente_279,Producto,Alta,Carlos M.,1,2,Abierto,2024-12-30
8585,Cliente_171,Producto,Baja,Carlos M.,46,1,Resuelto,2024-08-28
8586,Cliente_134,Entrega,Alta,Carlos M.,60,4,Resuelto,2024-09-16
8587,Cliente_495,Cuenta,Crítica,Carlos M.,43,5,Resuelto,2024-06-18
8588,Cliente_453,Entrega,Media,Carlos M.,44,4,Resuelto,2024-09-14
8589,Cliente_427,Técnico,Crítica,Fernanda P.,38,4,Resuelto,2024-09-06
8590,Cliente_25,Entrega,Media,Carlos M.,2,5,Escalado,2024-01-30
8591,Cliente_18,Técnico,Media,Fernanda P.,12,1,Resuelto,2024-03-22
8592,Cliente_190,Facturación,Media,Fernanda P.,23,1,En espera,2024-10-12
8593,Cliente_141,Producto,Media,Ana L.,9,2,Resuelto,2024-12-20
8594,Cliente_43,Producto,Baja,Ana L.,8,5,Resuelto,2024-09-13
8595,Cliente_334,Cuenta,Baja,Ana L.,50,5,Escalado,2024-11-09
8596,Cliente_284,Entrega,Baja,Carlos M.,62,3,Abierto,2025-06-18
8597,Cliente_146,Facturación,Baja,Fernanda P.,23,3,Resuelto,2024-08-19
8598,Cliente_315,Técnico,Media,Carlos M.,59,3,Resuelto,2025-02-09
8599,Cliente_444,Cuenta,Media,Ana L.,10,1,Resuelto,2024-10-31
8600,Cliente_319,Facturación,Baja,Ana L.,12,2,En espera,2025-01-09
8601,Cliente_441,Facturación,Crítica,Fernanda P.,62,2,Resuelto,2024-09-09
8602,Cliente_92,Técnico,Baja,Fernanda P.,30,4,Resuelto,2025-07-28
8603,Cliente_179,Técnico,Media,Ana L.,68,2,Resuelto,2024-02-13
8604,Cliente_56,Producto,Baja,Carlos M.,47,3,Abierto,2025-07-16
8605,Cliente_155,Entrega,Baja,Carlos M.,41,5,Resuelto,2024-07-08
8606,Cliente_160,Cuenta,Baja,Fernanda P.,7,4,Resuelto,2025-07-06
8607,Cliente_111,Entrega,Media,Ana L.,52,1,Abierto,2025-04-08
8608,Cliente_137,Cuenta,Alta,Carlos M.,45,2,Resuelto,2025-04-24
8609,Cliente_232,Facturación,Baja,Fernanda P.,38,5,Resuelto,2024-02-26
8610,Cliente_480,Técnico,Media,Fernanda P.,36,3,Escalado,2024-06-18
8611,Cliente_468,Técnico,Baja,Fernanda P.,58,1,Abierto,2025-04-10
8612,Cliente_220,Facturación,Alta,Carlos M.,46,1,Resuelto,2025-07-25
8613,Cliente_481,Facturación,Alta,Fernanda P.,67,2,Abierto,2025-07-29
8614,Cliente_68,Cuenta,Baja,Carlos M.,65,5,Resuelto,2025-04-26
8615,Cliente_302,Facturación,Media,Fernanda P.,18,3,Escalado,2025-02-26
8616,Cliente_249,Cuenta,Crítica,Carlos M.,2,3,Escalado,2025-02-06
8617,Cliente_482,Entrega,Media,Ana L.,4,3,Resuelto,2024-03-01
8618,Cliente_496,Técnico,Media,Carlos M.,42,3,Resuelto,2024-08-31
8619,Cliente_323,Técnico,Media,Ana L.,49,2,Abierto,2025-02-18
8620,Cliente_410,Técnico,Media,Fernanda P.,49,2,Resuelto,2024-06-25
8621,Cliente_392,Entrega,Crítica,Carlos M.,7,5,Resuelto,2025-07-07
8622,Cliente_6,Entrega,Crítica,Fernanda P.,9,4,Resuelto,2024-01-20
8623,Cliente_464,Producto,Alta,Ana L.,71,2,Resuelto,2024-04-21
8624,Cliente_280,Cuenta,Media,Fernanda P.,27,3,Resuelto,2025-06-15
8625,Cliente_432,Cuenta,Media,Fernanda P.,21,5,Resuelto,2024-01-16
8626,Cliente_487,Producto,Media,Fernanda P.,35,3,Resuelto,2025-05-21
8627,Cliente_94,Técnico,Crítica,Ana L.,36,2,Abierto,2024-02-26
8628,Cliente_429,Cuenta,Alta,Ana L.,67,5,Resuelto,2024-10-01
8629,Cliente_269,Cuenta,Media,Carlos M.,43,3,Resuelto,2024-01-13
8630,Cliente_197,Técnico,Baja,Carlos M.,8,4,Resuelto,2025-06-15
8631,Cliente_25,Facturación,Media,Carlos M.,36,1,Resuelto,2024-12-28
8632,Cliente_148,Facturación,Crítica,Carlos M.,48,1,Abierto,2024-11-27
8633,Cliente_118,Producto,Media,Fernanda P.,46,3,Resuelto,2025-03-08
8634,Cliente_338,Entrega,Baja,Ana L.,32,1,Resuelto,2024-08-26
8635,Cliente_367,Cuenta,Baja,Ana L.,7,4,Abierto,2025-02-13
8636,Cliente_338,Cuenta,Media,Fernanda P.,12,4,Resuelto,2025-06-30
8637,Cliente_66,Producto,Crítica,Carlos M.,55,3,Resuelto,2024-06-17
8638,Cliente_458,Producto,Crítica,Ana L.,23,4,Resuelto,2025-01-28
8639,Cliente_301,Cuenta,Crítica,Fernanda P.,52,1,Resuelto,2024-11-27
8640,Cliente_370,Técnico,Alta,Fernanda P.,13,3,Abierto,2024-10-06
8641,Cliente_175,Técnico,Media,Carlos M.,71,1,Resuelto,2024-07-19
8642,Cliente_319,Entrega,Media,Carlos M.,53,4,Resuelto,2024-06-07
8643,Cliente_76,Cuenta,Media,Ana L.,63,4,Resuelto,2025-03-13
8644,Cliente_495,Cuenta,Alta,Ana L.,71,5,Resuelto,2024-11-09
8645,Cliente_461,Cuenta,Media,Carlos M.,51,2,Resuelto,2024-04-07
8646,Cliente_114,Cuenta,Media,Ana L.,58,2,Resuelto,2024-01-11
8647,Cliente_111,Producto,Baja,Carlos M.,27,3,Resuelto,2025-08-07
8648,Cliente_249,Facturación,Baja,Fernanda P.,7,1,Resuelto,2024-08-01
8649,Cliente_439,Cuenta,Alta,Fernanda P.,50,2,Escalado,2024-02-09
8650,Cliente_203,Facturación,Crítica,Fernanda P.,24,3,Resuelto,2025-03-14
8651,Cliente_147,Técnico,Media,Ana L.,25,4,En espera,2025-03-06
8652,Cliente_35,Entrega,Baja,Carlos M.,44,2,Resuelto,2025-03-20
8653,Cliente_487,Técnico,Crítica,Fernanda P.,36,1,En espera,2025-08-08
8654,Cliente_309,Cuenta,Alta,Fernanda P.,57,5,Resuelto,2024-02-03
8655,Cliente_26,Técnico,Media,Ana L.,37,5,Escalado,2024-03-02
8656,Cliente_238,Producto,Media,Ana L.,52,2,Escalado,2024-03-19
8657,Cliente_14,Facturación,Media,Fernanda P.,63,5,Escalado,2024-06-21
8658,Cliente_374,Cuenta,Media,Ana L.,7,3,Abierto,2025-05-31
8659,Cliente_45,Producto,Alta,Ana L.,60,1,Resuelto,2024-11-02
8660,Cliente_428,Facturación,Baja,Ana L.,37,4,Resuelto,2024-12-18
8661,Cliente_216,Producto,Baja,Ana L.,21,1,Escalado,2024-02-27
8662,Cliente_233,Técnico,Baja,Carlos M.,46,4,Resuelto,2024-05-02
8663,Cliente_193,Cuenta,Media,Ana L.,21,5,Resuelto,2024-01-03
8664,Cliente_51,Técnico,Baja,Ana L.,72,3,Resuelto,2024-01-23
8665,Cliente_427,Entrega,Baja,Carlos M.,52,4,Resuelto,2024-09-22
8666,Cliente_375,Cuenta,Baja,Ana L.,29,5,Resuelto,2024-02-17
8667,Cliente_214,Técnico,Baja,Ana L.,69,4,Escalado,2024-09-09
8668,Cliente_151,Cuenta,Media,Fernanda P.,39,2,En espera,2025-07-01
8669,Cliente_440,Facturación,Baja,Fernanda P.,27,1,Resuelto,2024-03-28
8670,Cliente_275,Cuenta,Media,Fernanda P.,10,3,Resuelto,2024-11-05
8671,Cliente_338,Cuenta,Media,Carlos M.,36,5,Resuelto,2025-06-15
8672,Cliente_76,Facturación,Baja,Ana L.,16,3,Resuelto,2024-07-15
8673,Cliente_439,Técnico,Media,Carlos M.,36,1,En espera,2025-01-21
8674,Cliente_220,Cuenta,Crítica,Carlos M.,34,4,Resuelto,2024-09-07
8675,Cliente_348,Producto,Crítica,Ana L.,37,4,Resuelto,2025-04-07
8676,Cliente_444,Cuenta,Baja,Ana L.,72,3,Resuelto,2025-01-13
8677,Cliente_187,Técnico,Alta,Fernanda P.,68,4,Resuelto,2024-01-23
8678,Cliente_289,Facturación,Media,Ana L.,59,4,Resuelto,2024-06-15
8679,Cliente_403,Técnico,Baja,Carlos M.,29,4,Resuelto,2024-06-16
8680,Cliente_28,Entrega,Baja,Fernanda P.,31,2,En espera,2025-07-13
8681,Cliente_379,Cuenta,Media,Carlos M.,66,5,Resuelto,2024-07-31
8682,Cliente_180,Cuenta,Media,Ana L.,3,5,Resuelto,2024-02-06
8683,Cliente_253,Facturación,Media,Fernanda P.,69,1,Abierto,2025-02-09
8684,Cliente_126,Cuenta,Alta,Ana L.,22,4,En espera,2024-02-21
8685,Cliente_177,Producto,Baja,Fernanda P.,53,3,En espera,2024-01-14
8686,Cliente_37,Producto,Media,Fernanda P.,48,4,En espera,2025-06-13
8687,Cliente_410,Técnico,Media,Fernanda P.,47,1,Resuelto,2024-04-23
8688,Cliente_99,Facturación,Media,Ana L.,42,4,Escalado,2024-06-26
8689,Cliente_98,Entrega,Crítica,Fernanda P.,4,2,Resuelto,2025-01-20
8690,Cliente_127,Técnico,Alta,Fernanda P.,42,1,Resuelto,2024-04-28
8691,Cliente_483,Facturación,Crítica,Ana L.,43,5,Resuelto,2024-11-25
8692,Cliente_168,Facturación,Media,Carlos M.,42,5,Escalado,2025-08-03
8693,Cliente_80,Técnico,Media,Ana L.,3,2,Resuelto,2024-02-01
8694,Cliente_294,Técnico,Media,Ana L.,59,5,Resuelto,2024-11-08
8695,Cliente_333,Cuenta,Media,Fernanda P.,11,2,Resuelto,2024-09-02
8696,Cliente_126,Entrega,Media,Ana L.,35,5,Resuelto,2024-11-12
8697,Cliente_343,Producto,Alta,Ana L.,50,5,Resuelto,2024-10-22
8698,Cliente_310,Cuenta,Media,Ana L.,63,4,Resuelto,2024-03-08
8699,Cliente_150,Facturación,Baja,Fernanda P.,70,1,Resuelto,2024-02-25
8700,Cliente_16,Entrega,Alta,Ana L.,6,5,Abierto,2024-02-21
8701,Cliente_28,Entrega,Alta,Fernanda P.,32,1,Resuelto,2025-03-22
8702,Cliente_496,Técnico,Media,Ana L.,11,1,En espera,2025-02-20
8703,Cliente_419,Entrega,Media,Fernanda P.,43,5,Resuelto,2025-02-14
8704,Cliente_444,Entrega,Baja,Fernanda P.,39,1,Resuelto,2024-05-07
8705,Cliente_173,Facturación,Media,Ana L.,13,2,Abierto,2025-03-20
8706,Cliente_46,Cuenta,Baja,Carlos M.,13,3,En espera,2024-01-25
8707,Cliente_328,Entrega,Baja,Ana L.,39,2,Resuelto,2024-03-01
8708,Cliente_236,Técnico,Media,Carlos M.,46,5,En espera,2024-12-01
8709,Cliente_439,Cuenta,Media,Fernanda P.,34,2,Resuelto,2025-01-22
8710,Cliente_214,Técnico,Alta,Carlos M.,67,3,Resuelto,2024-11-10
8711,Cliente_85,Entrega,Alta,Carlos M.,32,2,Resuelto,2024-07-21
8712,Cliente_282,Cuenta,Baja,Fernanda P.,68,1,Resuelto,2024-07-18
8713,Cliente_232,Entrega,Alta,Carlos M.,65,5,Resuelto,2024-04-25
8714,Cliente_85,Facturación,Media,Ana L.,7,1,Resuelto,2025-05-15
8715,Cliente_409,Cuenta,Baja,Carlos M.,3,1,Resuelto,2025-02-12
8716,Cliente_489,Técnico,Media,Fernanda P.,72,5,En espera,2025-07-18
8717,Cliente_65,Facturación,Media,Carlos M.,69,5,Resuelto,2025-01-27
8718,Cliente_134,Producto,Media,Fernanda P.,49,4,Resuelto,2024-06-18
8719,Cliente_151,Técnico,Crítica,Fernanda P.,58,3,Escalado,2024-08-31
8720,Cliente_115,Entrega,Media,Ana L.,28,1,Resuelto,2024-03-01
8721,Cliente_64,Técnico,Crítica,Fernanda P.,27,1,Resuelto,2024-02-28
8722,Cliente_343,Producto,Media,Carlos M.,22,5,En espera,2024-03-15
8723,Cliente_427,Técnico,Baja,Ana L.,71,5,Resuelto,2025-05-19
8724,Cliente_363,Facturación,Media,Ana L.,13,2,Resuelto,2025-01-04
8725,Cliente_407,Técnico,Baja,Carlos M.,22,1,Resuelto,2024-07-31
8726,Cliente_352,Cuenta,Media,Carlos M.,5,1,Abierto,2024-05-05
8727,Cliente_158,Producto,Media,Ana L.,22,5,En espera,2024-05-31
8728,Cliente_77,Técnico,Media,Fernanda P.,53,1,Resuelto,2025-07-30
8729,Cliente_491,Producto,Baja,Ana L.,39,3,Resuelto,2024-04-25
8730,Cliente_146,Facturación,Media,Ana L.,37,4,Resuelto,2025-08-22
8731,Cliente_343,Cuenta,Baja,Ana L.,31,5,Resuelto,2025-06-05
8732,Cliente_463,Entrega,Media,Fernanda P.,62,5,Resuelto,2025-04-24
8733,Cliente_225,Técnico,Alta,Carlos M.,6,1,En espera,2025-07-15
8734,Cliente_405,Facturación,Crítica,Carlos M.,34,4,Escalado,2025-07-28
8735,Cliente_313,Producto,Baja,Carlos M.,52,4,Resuelto,2025-08-20
8736,Cliente_103,Producto,Media,Fernanda P.,30,5,Escalado,2024-07-11
8737,Cliente_407,Facturación,Media,Fernanda P.,13,5,Resuelto,2024-12-20
8738,Cliente_347,Técnico,Crítica,Carlos M.,58,5,En espera,2024-02-27
8739,Cliente_301,Entrega,Media,Carlos M.,53,3,Resuelto,2025-05-07
8740,Cliente_428,Técnico,Baja,Carlos M.,20,1,Resuelto,2024-07-22
8741,Cliente_466,Cuenta,Media,Carlos M.,6,3,Resuelto,2025-05-18
8742,Cliente_88,Técnico,Media,Fernanda P.,55,5,Resuelto,2024-10-28
8743,Cliente_371,Cuenta,Alta,Carlos M.,31,4,Abierto,2024-12-10
8744,Cliente_303,Producto,Alta,Ana L.,59,1,En espera,2024-10-10
8745,Cliente_168,Cuenta,Baja,Carlos M.,19,1,Resuelto,2024-04-29
8746,Cliente_435,Entrega,Crítica,Fernanda P.,70,5,Abierto,2025-04-09
8747,Cliente_170,Facturación,Baja,Ana L.,28,5,Resuelto,2024-07-26
8748,Cliente_135,Cuenta,Crítica,Ana L.,13,5,Abierto,2025-05-07
8749,Cliente_50,Técnico,Alta,Ana L.,52,5,Resuelto,2024-04-22
8750,Cliente_432,Cuenta,Media,Fernanda P.,61,5,Resuelto,2025-07-25
8751,Cliente_340,Producto,Alta,Carlos M.,41,5,Escalado,2024-11-13
8752,Cliente_347,Cuenta,Baja,Fernanda P.,45,1,Resuelto,2025-06-06
8753,Cliente_134,Entrega,Baja,Fernanda P.,7,3,Abierto,2025-06-15
8754,Cliente_347,Cuenta,Baja,Ana L.,14,4,Resuelto,2024-08-05
8755,Cliente_137,Entrega,Baja,Ana L.,36,5,Escalado,2024-05-14
8756,Cliente_245,Técnico,Media,Fernanda P.,8,4,Resuelto,2024-12-16
8757,Cliente_109,Producto,Baja,Ana L.,12,1,Resuelto,2025-07-27
8758,Cliente_313,Facturación,Alta,Fernanda P.,40,4,Resuelto,2024-07-18
8759,Cliente_287,Técnico,Media,Ana L.,62,1,Resuelto,2024-08-30
8760,Cliente_21,Técnico,Media,Carlos M.,14,2,Resuelto,2024-05-21
8761,Cliente_90,Facturación,Media,Carlos M.,49,3,Resuelto,2024-09-05
8762,Cliente_296,Cuenta,Media,Carlos M.,51,2,En espera,2025-05-11
8763,Cliente_112,Cuenta,Baja,Ana L.,62,1,Resuelto,2024-03-30
8764,Cliente_301,Cuenta,Media,Ana L.,5,2,Resuelto,2025-08-16
8765,Cliente_77,Producto,Alta,Carlos M.,67,1,Escalado,2024-01-21
8766,Cliente_177,Técnico,Media,Fernanda P.,1,2,Abierto,2024-03-03
8767,Cliente_343,Entrega,Baja,Fernanda P.,49,1,Resuelto,2024-10-29
8768,Cliente_148,Facturación,Alta,Carlos M.,17,3,Resuelto,2024-11-20
8769,Cliente_101,Técnico,Baja,Ana L.,35,3,Resuelto,2024-09-16
8770,Cliente_246,Cuenta,Media,Fernanda P.,67,3,Resuelto,2024-06-20
8771,Cliente_117,Facturación,Media,Fernanda P.,13,1,Resuelto,2025-03-20
8772,Cliente_92,Entrega,Alta,Fernanda P.,37,4,Abierto,2024-07-09
8773,Cliente_401,Técnico,Crítica,Ana L.,38,2,Resuelto,2024-03-23
8774,Cliente_28,Técnico,Alta,Fernanda P.,6,2,Resuelto,2024-06-02
8775,Cliente_425,Producto,Media,Fernanda P.,63,2,Resuelto,2025-03-09
8776,Cliente_450,Técnico,Baja,Carlos M.,49,2,Resuelto,2025-02-20
8777,Cliente_25,Técnico,Alta,Ana L.,9,3,En espera,2024-08-26
8778,Cliente_58,Entrega,Media,Carlos M.,36,4,Escalado,2024-04-11
8779,Cliente_498,Entrega,Baja,Fernanda P.,23,2,Resuelto,2024-06-10
8780,Cliente_297,Facturación,Alta,Ana L.,57,4,Resuelto,2024-10-25
8781,Cliente_134,Cuenta,Baja,Ana L.,50,1,Resuelto,2024-11-23
8782,Cliente_331,Entrega,Baja,Carlos M.,59,1,Resuelto,2025-03-08
8783,Cliente_249,Facturación,Crítica,Carlos M.,7,2,Resuelto,2025-06-16
8784,Cliente_38,Técnico,Media,Ana L.,47,5,Abierto,2025-07-01
8785,Cliente_390,Facturación,Baja,Ana L.,56,3,Resuelto,2025-05-22
8786,Cliente_429,Facturación,Alta,Carlos M.,8,2,Escalado,2025-03-01
8787,Cliente_75,Facturación,Alta,Fernanda P.,36,3,Resuelto,2024-12-24
8788,Cliente_142,Facturación,Baja,Ana L.,42,2,Resuelto,2024-05-23
8789,Cliente_322,Entrega,Media,Fernanda P.,39,3,Resuelto,2025-07-14
8790,Cliente_168,Cuenta,Alta,Carlos M.,65,5,Abierto,2025-06-01
8791,Cliente_259,Facturación,Baja,Ana L.,44,5,Resuelto,2024-05-03
8792,Cliente_373,Producto,Media,Carlos M.,46,1,Resuelto,2024-06-21
8793,Cliente_355,Técnico,Baja,Ana L.,13,2,Resuelto,2025-06-04
8794,Cliente_225,Técnico,Alta,Ana L.,37,5,Resuelto,2025-02-21
8795,Cliente_152,Técnico,Alta,Carlos M.,14,5,Resuelto,2024-06-08
8796,Cliente_19,Técnico,Baja,Carlos M.,13,2,Resuelto,2024-04-28
8797,Cliente_146,Técnico,Alta,Fernanda P.,12,2,Abierto,2024-03-29
8798,Cliente_448,Facturación,Alta,Carlos M.,55,1,Resuelto,2024-11-25
8799,Cliente_241,Cuenta,Media,Carlos M.,28,5,En espera,2025-03-25
8800,Cliente_372,Producto,Media,Fernanda P.,22,3,Abierto,2024-05-11
8801,Cliente_381,Entrega,Baja,Carlos M.,19,2,Resuelto,2025-06-20
8802,Cliente_344,Producto,Crítica,Fernanda P.,30,2,Resuelto,2025-08-14
8803,Cliente_237,Entrega,Media,Fernanda P.,54,2,Resuelto,2024-03-03
8804,Cliente_35,Entrega,Media,Carlos M.,15,2,Resuelto,2024-04-17
8805,Cliente_190,Producto,Media,Fernanda P.,30,5,Resuelto,2025-08-18
8806,Cliente_1,Facturación,Media,Fernanda P.,29,3,En espera,2025-01-21
8807,Cliente_484,Técnico,Alta,Fernanda P.,32,1,Resuelto,2025-01-18
8808,Cliente_153,Facturación,Media,Carlos M.,30,4,Resuelto,2024-11-16
8809,Cliente_429,Técnico,Crítica,Carlos M.,16,5,Resuelto,2024-11-02
8810,Cliente_433,Cuenta,Media,Fernanda P.,36,5,Escalado,2024-10-07
8811,Cliente_126,Entrega,Baja,Carlos M.,48,4,Resuelto,2024-07-26
8812,Cliente_491,Producto,Crítica,Ana L.,28,4,Abierto,2025-05-31
8813,Cliente_482,Cuenta,Media,Fernanda P.,62,2,Resuelto,2024-07-10
8814,Cliente_345,Técnico,Media,Ana L.,56,3,Resuelto,2025-08-10
8815,Cliente_400,Facturación,Crítica,Carlos M.,56,5,Escalado,2024-06-14
8816,Cliente_226,Producto,Baja,Ana L.,17,5,Resuelto,2024-03-01
8817,Cliente_221,Entrega,Media,Carlos M.,62,1,Resuelto,2024-01-03
8818,Cliente_403,Cuenta,Baja,Carlos M.,21,4,Resuelto,2024-12-11
8819,Cliente_407,Entrega,Media,Fernanda P.,37,4,En espera,2025-04-04
8820,Cliente_211,Técnico,Alta,Ana L.,34,5,Resuelto,2025-03-09
8821,Cliente_25,Entrega,Crítica,Fernanda P.,29,4,Resuelto,2024-12-18
8822,Cliente_16,Facturación,Media,Ana L.,68,2,En espera,2024-03-02
8823,Cliente_182,Cuenta,Alta,Carlos M.,60,1,Resuelto,2024-11-05
8824,Cliente_499,Cuenta,Crítica,Carlos M.,11,5,Resuelto,2024-09-01
8825,Cliente_329,Facturación,Media,Fernanda P.,60,1,Resuelto,2025-05-22
8826,Cliente_129,Entrega,Baja,Ana L.,34,2,Resuelto,2024-02-22
8827,Cliente_42,Facturación,Media,Ana L.,33,1,Resuelto,2025-06-04
8828,Cliente_403,Producto,Crítica,Carlos M.,10,4,En espera,2025-02-02
8829,Cliente_481,Facturación,Crítica,Fernanda P.,60,5,Resuelto,2024-04-17
8830,Cliente_418,Entrega,Media,Carlos M.,26,1,Resuelto,2025-01-28
8831,Cliente_336,Facturación,Alta,Carlos M.,25,3,Resuelto,2025-01-09
8832,Cliente_236,Técnico,Baja,Fernanda P.,2,5,Escalado,2025-07-15
8833,Cliente_360,Facturación,Baja,Ana L.,3,1,Resuelto,2025-02-18
8834,Cliente_439,Facturación,Crítica,Ana L.,32,5,Resuelto,2025-05-13
8835,Cliente_402,Entrega,Baja,Carlos M.,1,1,Escalado,2024-03-09
8836,Cliente_34,Producto,Baja,Ana L.,24,1,En espera,2025-04-20
8837,Cliente_345,Producto,Media,Fernanda P.,50,4,Abierto,2024-04-07
8838,Cliente_381,Entrega,Media,Ana L.,43,1,Resuelto,2024-01-16
8839,Cliente_45,Entrega,Media,Ana L.,44,3,Resuelto,2024-03-19
8840,Cliente_134,Entrega,Baja,Carlos M.,33,4,Resuelto,2024-10-24
8841,Cliente_21,Técnico,Crítica,Ana L.,38,3,Resuelto,2025-02-13
8842,Cliente_122,Cuenta,Crítica,Fernanda P.,52,3,Resuelto,2024-09-14
8843,Cliente_70,Facturación,Media,Carlos M.,35,2,Resuelto,2024-07-29
8844,Cliente_352,Entrega,Media,Fernanda P.,17,3,Resuelto,2024-07-02
8845,Cliente_361,Entrega,Alta,Ana L.,58,1,En espera,2024-07-13
8846,Cliente_48,Entrega,Media,Ana L.,48,5,Abierto,2024-02-09
8847,Cliente_491,Producto,Media,Carlos M.,43,4,Resuelto,2025-03-28
8848,Cliente_39,Entrega,Media,Fernanda P.,48,4,Resuelto,2024-11-10
8849,Cliente_287,Facturación,Media,Ana L.,44,4,En espera,2024-03-01
8850,Cliente_490,Entrega,Baja,Ana L.,33,5,Resuelto,2025-04-23
8851,Cliente_10,Facturación,Media,Carlos M.,2,3,Resuelto,2024-02-05
8852,Cliente_30,Técnico,Media,Ana L.,10,2,Escalado,2024-08-15
8853,Cliente_244,Cuenta,Alta,Ana L.,28,1,Resuelto,2025-06-26
8854,Cliente_274,Producto,Alta,Ana L.,47,4,Resuelto,2024-05-02
8855,Cliente_444,Facturación,Media,Fernanda P.,8,1,Abierto,2024-09-19
8856,Cliente_88,Técnico,Alta,Fernanda P.,23,3,Resuelto,2024-05-02
8857,Cliente_244,Cuenta,Baja,Fernanda P.,48,2,Resuelto,2024-08-05
8858,Cliente_381,Cuenta,Media,Ana L.,63,4,Escalado,2024-12-11
8859,Cliente_329,Cuenta,Alta,Carlos M.,37,3,Resuelto,2024-10-02
8860,Cliente_479,Facturación,Media,Carlos M.,12,2,Resuelto,2024-04-07
8861,Cliente_15,Técnico,Media,Carlos M.,65,4,Abierto,2025-04-11
8862,Cliente_4,Entrega,Media,Fernanda P.,15,3,Resuelto,2025-04-29
8863,Cliente_191,Técnico,Crítica,Fernanda P.,10,1,Resuelto,2024-01-06
8864,Cliente_168,Técnico,Media,Fernanda P.,42,5,Resuelto,2024-05-02
8865,Cliente_9,Técnico,Alta,Fernanda P.,26,4,Resuelto,2024-03-26
8866,Cliente_109,Facturación,Crítica,Ana L.,49,2,En espera,2025-05-17
8867,Cliente_137,Facturación,Alta,Carlos M.,23,2,En espera,2024-03-21
8868,Cliente_154,Facturación,Media,Carlos M.,64,5,Resuelto,2024-12-27
8869,Cliente_388,Técnico,Baja,Fernanda P.,17,5,Resuelto,2025-03-01
8870,Cliente_209,Facturación,Media,Carlos M.,34,3,Resuelto,2024-02-10
8871,Cliente_272,Cuenta,Media,Carlos M.,57,5,Resuelto,2024-12-13
8872,Cliente_143,Facturación,Alta,Fernanda P.,4,4,Resuelto,2024-04-23
8873,Cliente_99,Producto,Media,Fernanda P.,71,5,Resuelto,2024-07-18
8874,Cliente_377,Facturación,Crítica,Fernanda P.,69,4,En espera,2024-05-14
8875,Cliente_308,Facturación,Baja,Fernanda P.,68,1,Resuelto,2024-07-17
8876,Cliente_69,Facturación,Alta,Ana L.,50,5,En espera,2024-06-05
8877,Cliente_247,Facturación,Media,Carlos M.,67,1,Resuelto,2024-11-18
8878,Cliente_261,Producto,Media,Ana L.,68,2,Abierto,2025-05-25
8879,Cliente_276,Entrega,Alta,Carlos M.,59,5,En espera,2024-11-01
8880,Cliente_79,Facturación,Baja,Ana L.,63,2,Resuelto,2024-02-13
8881,Cliente_146,Cuenta,Baja,Fernanda P.,67,1,Resuelto,2024-11-18
8882,Cliente_111,Producto,Media,Ana L.,26,2,Resuelto,2024-08-09
8883,Cliente_258,Entrega,Media,Fernanda P.,1,1,Resuelto,2024-09-15
8884,Cliente_93,Facturación,Alta,Fernanda P.,68,3,Resuelto,2025-03-25
8885,Cliente_13,Entrega,Crítica,Ana L.,18,1,Resuelto,2024-12-23
8886,Cliente_260,Cuenta,Baja,Carlos M.,12,3,Resuelto,2024-09-19
8887,Cliente_426,Producto,Media,Ana L.,38,2,Resuelto,2024-01-27
8888,Cliente_109,Producto,Media,Fernanda P.,42,1,Resuelto,2024-01-07
8889,Cliente_330,Entrega,Crítica,Fernanda P.,36,3,Escalado,2024-09-20
8890,Cliente_189,Facturación,Crítica,Carlos M.,16,1,Resuelto,2024-12-21
8891,Cliente_95,Técnico,Alta,Carlos M.,65,4,Resuelto,2025-07-07
8892,Cliente_105,Producto,Media,Carlos M.,67,4,Resuelto,2024-08-08
8893,Cliente_8,Técnico,Baja,Fernanda P.,39,2,Resuelto,2024-06-02
8894,Cliente_67,Producto,Media,Ana L.,59,4,Resuelto,2025-07-26
8895,Cliente_496,Facturación,Media,Carlos M.,38,5,Resuelto,2024-10-02
8896,Cliente_191,Facturación,Alta,Fernanda P.,16,3,Resuelto,2024-08-08
8897,Cliente_366,Producto,Media,Ana L.,11,5,Resuelto,2025-08-13
8898,Cliente_256,Entrega,Alta,Carlos M.,28,4,Resuelto,2024-03-27
8899,Cliente_9,Facturación,Media,Ana L.,2,2,Resuelto,2025-08-13
8900,Cliente_478,Facturación,Alta,Ana L.,20,5,Resuelto,2024-02-20
8901,Cliente_117,Cuenta,Baja,Fernanda P.,72,2,Resuelto,2024-08-27
8902,Cliente_267,Facturación,Baja,Fernanda P.,38,1,Resuelto,2025-01-06
8903,Cliente_99,Cuenta,Baja,Fernanda P.,56,5,Resuelto,2024-05-07
8904,Cliente_485,Facturación,Alta,Ana L.,39,1,Resuelto,2024-08-16
8905,Cliente_298,Facturación,Baja,Carlos M.,31,5,Resuelto,2024-12-12
8906,Cliente_397,Entrega,Alta,Carlos M.,23,3,Resuelto,2024-07-13
8907,Cliente_164,Entrega,Baja,Carlos M.,34,2,Abierto,2024-04-10
8908,Cliente_376,Facturación,Media,Fernanda P.,17,1,Resuelto,2024-10-31
8909,Cliente_141,Producto,Crítica,Carlos M.,24,4,Escalado,2024-01-04
8910,Cliente_268,Producto,Media,Carlos M.,35,5,Resuelto,2024-06-10
8911,Cliente_37,Facturación,Baja,Fernanda P.,23,1,Resuelto,2024-08-27
8912,Cliente_74,Producto,Baja,Carlos M.,8,5,Resuelto,2025-01-27
8913,Cliente_73,Facturación,Crítica,Carlos M.,54,5,Resuelto,2024-07-04
8914,Cliente_308,Entrega,Media,Carlos M.,21,5,Resuelto,2024-03-21
8915,Cliente_199,Técnico,Media,Ana L.,19,1,Escalado,2025-08-08
8916,Cliente_130,Cuenta,Media,Ana L.,31,1,Resuelto,2024-03-21
8917,Cliente_246,Producto,Media,Fernanda P.,50,5,Resuelto,2024-07-19
8918,Cliente_312,Producto,Baja,Fernanda P.,71,4,Abierto,2024-08-09
8919,Cliente_60,Entrega,Media,Ana L.,24,2,Abierto,2024-01-17
8920,Cliente_279,Producto,Alta,Fernanda P.,46,5,Resuelto,2024-08-25
8921,Cliente_103,Facturación,Baja,Fernanda P.,8,4,Resuelto,2024-12-11
8922,Cliente_296,Facturación,Alta,Carlos M.,3,2,Escalado,2024-09-01
8923,Cliente_320,Técnico,Alta,Fernanda P.,34,5,Resuelto,2025-03-25
8924,Cliente_487,Técnico,Crítica,Fernanda P.,57,2,Resuelto,2024-10-30
8925,Cliente_341,Técnico,Baja,Carlos M.,58,5,Escalado,2024-04-22
8926,Cliente_151,Facturación,Media,Carlos M.,35,1,En espera,2025-03-29
8927,Cliente_157,Técnico,Alta,Ana L.,21,5,Resuelto,2025-02-20
8928,Cliente_206,Técnico,Baja,Fernanda P.,65,5,Resuelto,2024-09-13
8929,Cliente_474,Facturación,Baja,Carlos M.,66,5,Abierto,2024-02-24
8930,Cliente_179,Entrega,Alta,Fernanda P.,57,5,Resuelto,2025-03-14
8931,Cliente_197,Producto,Media,Fernanda P.,42,4,Resuelto,2024-05-17
8932,Cliente_223,Cuenta,Media,Ana L.,43,3,Escalado,2025-01-06
8933,Cliente_89,Facturación,Media,Ana L.,26,4,Resuelto,2024-05-04
8934,Cliente_287,Facturación,Alta,Ana L.,67,4,Abierto,2024-01-24
8935,Cliente_434,Cuenta,Media,Ana L.,26,1,Abierto,2025-03-31
8936,Cliente_276,Cuenta,Alta,Ana L.,8,5,Abierto,2024-04-01
8937,Cliente_236,Técnico,Media,Carlos M.,47,4,Escalado,2025-05-10
8938,Cliente_183,Cuenta,Media,Ana L.,37,2,Resuelto,2024-12-29
8939,Cliente_209,Producto,Media,Carlos M.,72,5,Abierto,2025-07-16
8940,Cliente_493,Producto,Baja,Ana L.,18,1,Abierto,2024-06-05
8941,Cliente_130,Producto,Media,Carlos M.,36,1,Escalado,2024-04-02
8942,Cliente_153,Producto,Media,Fernanda P.,2,2,Abierto,2025-01-13
8943,Cliente_13,Producto,Crítica,Ana L.,3,1,En espera,2025-04-23
8944,Cliente_122,Técnico,Media,Carlos M.,34,5,Resuelto,2024-01-05
8945,Cliente_359,Facturación,Media,Ana L.,46,3,Resuelto,2025-03-08
8946,Cliente_220,Cuenta,Media,Carlos M.,62,3,Resuelto,2024-04-01
8947,Cliente_106,Facturación,Alta,Carlos M.,70,4,Resuelto,2024-11-06
8948,Cliente_375,Cuenta,Media,Ana L.,57,1,Resuelto,2024-02-15
8949,Cliente_70,Técnico,Baja,Carlos M.,10,5,Resuelto,2024-05-22
8950,Cliente_195,Técnico,Alta,Fernanda P.,18,2,Escalado,2025-03-31
8951,Cliente_186,Entrega,Media,Ana L.,33,2,Resuelto,2024-08-11
8952,Cliente_99,Entrega,Media,Fernanda P.,7,5,Resuelto,2024-06-15
8953,Cliente_82,Técnico,Media,Carlos M.,45,5,En espera,2025-02-09
8954,Cliente_75,Técnico,Alta,Carlos M.,29,2,Resuelto,2024-11-13
8955,Cliente_374,Cuenta,Media,Ana L.,38,1,Resuelto,2024-07-15
8956,Cliente_340,Técnico,Baja,Fernanda P.,39,4,Resuelto,2024-10-25
8957,Cliente_192,Facturación,Alta,Fernanda P.,25,4,Resuelto,2024-02-07
8958,Cliente_325,Cuenta,Baja,Ana L.,17,4,Escalado,2024-01-11
8959,Cliente_467,Técnico,Alta,Fernanda P.,61,5,En espera,2024-10-07
8960,Cliente_214,Cuenta,Baja,Ana L.,51,2,En espera,2025-02-13
8961,Cliente_315,Cuenta,Media,Ana L.,37,2,En espera,2025-05-16
8962,Cliente_444,Producto,Baja,Carlos M.,67,2,Resuelto,2025-07-04
8963,Cliente_467,Entrega,Media,Carlos M.,24,2,Abierto,2024-02-25
8964,Cliente_382,Cuenta,Media,Fernanda P.,49,2,Abierto,2024-12-21
8965,Cliente_367,Cuenta,Baja,Ana L.,21,3,Escalado,2024-04-21
8966,Cliente_318,Producto,Media,Ana L.,57,5,Resuelto,2024-12-29
8967,Cliente_144,Técnico,Crítica,Ana L.,41,5,Resuelto,2024-05-27
8968,Cliente_384,Cuenta,Media,Ana L.,17,3,Resuelto,2025-05-12
8969,Cliente_216,Producto,Alta,Carlos M.,21,4,Resuelto,2024-11-03
8970,Cliente_361,Facturación,Crítica,Fernanda P.,68,1,Resuelto,2025-06-29
8971,Cliente_324,Producto,Crítica,Carlos M.,64,5,Resuelto,2024-10-27
8972,Cliente_15,Entrega,Alta,Ana L.,44,5,Resuelto,2024-11-27
8973,Cliente_217,Entrega,Media,Fernanda P.,28,3,Resuelto,2024-02-28
8974,Cliente_492,Técnico,Crítica,Fernanda P.,36,5,Resuelto,2024-11-18
8975,Cliente_439,Técnico,Alta,Ana L.,37,5,Resuelto,2025-03-12
8976,Cliente_35,Entrega,Alta,Ana L.,44,4,Escalado,2025-05-19
8977,Cliente_183,Entrega,Baja,Carlos M.,50,3,Abierto,2025-02-04
8978,Cliente_270,Cuenta,Crítica,Carlos M.,55,5,Resuelto,2025-03-30
8979,Cliente_433,Entrega,Alta,Ana L.,10,2,En espera,2025-01-12
8980,Cliente_467,Técnico,Alta,Ana L.,38,3,Resuelto,2025-07-10
8981,Cliente_358,Entrega,Baja,Carlos M.,49,4,Resuelto,2024-10-29
8982,Cliente_100,Técnico,Baja,Fernanda P.,72,1,Resuelto,2024-07-24
8983,Cliente_7,Facturación,Crítica,Fernanda P.,2,5,Resuelto,2025-02-13
8984,Cliente_30,Entrega,Media,Fernanda P.,44,2,Resuelto,2024-05-03
8985,Cliente_467,Técnico,Media,Carlos M.,35,2,Resuelto,2025-04-08
8986,Cliente_305,Producto,Alta,Ana L.,21,1,Resuelto,2024-11-11
8987,Cliente_473,Cuenta,Baja,Fernanda P.,57,3,En espera,2025-05-27
8988,Cliente_144,Técnico,Media,Ana L.,23,4,Resuelto,2024-06-22
8989,Cliente_111,Entrega,Media,Carlos M.,32,5,Escalado,2024-08-05
8990,Cliente_232,Entrega,Media,Carlos M.,71,5,Resuelto,2024-02-10
8991,Cliente_179,Facturación,Media,Ana L.,33,5,Resuelto,2024-02-20
8992,Cliente_72,Producto,Baja,Ana L.,17,2,En espera,2025-05-31
8993,Cliente_210,Técnico,Baja,Ana L.,72,3,En espera,2024-12-09
8994,Cliente_220,Producto,Media,Ana L.,42,1,Resuelto,2025-03-12
8995,Cliente_80,Facturación,Crítica,Fernanda P.,17,3,Resuelto,2025-01-10
8996,Cliente_500,Cuenta,Media,Ana L.,48,4,Resuelto,2024-08-21
8997,Cliente_83,Producto,Baja,Fernanda P.,48,4,Resuelto,2025-07-15
8998,Cliente_42,Facturación,Baja,Carlos M.,57,1,Resuelto,2024-11-29
8999,Cliente_273,Técnico,Alta,Fernanda P.,61,2,Resuelto,2024-03-01
9000,Cliente_191,Cuenta,Crítica,Ana L.,44,1,Resuelto,2025-05-15
9001,Cliente_173,Entrega,Media,Fernanda P.,23,4,Resuelto,2024-09-03
9002,Cliente_461,Facturación,Baja,Carlos M.,53,2,Resuelto,2024-12-23
9003,Cliente_7,Entrega,Media,Ana L.,33,3,En espera,2025-01-27
9004,Cliente_155,Cuenta,Alta,Carlos M.,56,4,Abierto,2024-12-03
9005,Cliente_10,Facturación,Media,Carlos M.,28,2,Resuelto,2024-03-08
9006,Cliente_34,Facturación,Media,Ana L.,23,2,Resuelto,2024-06-09
9007,Cliente_36,Cuenta,Alta,Fernanda P.,63,5,Resuelto,2025-02-22
9008,Cliente_409,Técnico,Crítica,Carlos M.,7,3,Resuelto,2024-09-25
9009,Cliente_6,Facturación,Baja,Ana L.,2,2,Resuelto,2025-08-13
9010,Cliente_408,Cuenta,Crítica,Carlos M.,65,1,Abierto,2024-07-07
9011,Cliente_402,Producto,Media,Fernanda P.,4,3,Resuelto,2024-04-06
9012,Cliente_215,Entrega,Alta,Carlos M.,8,3,Resuelto,2024-10-30
9013,Cliente_134,Facturación,Media,Carlos M.,49,4,Resuelto,2024-06-14
9014,Cliente_285,Producto,Media,Carlos M.,29,3,Resuelto,2025-07-19
9015,Cliente_126,Facturación,Media,Carlos M.,55,3,Resuelto,2024-06-07
9016,Cliente_409,Técnico,Media,Fernanda P.,37,5,Escalado,2024-02-18
9017,Cliente_439,Cuenta,Baja,Ana L.,6,3,Resuelto,2025-04-09
9018,Cliente_337,Facturación,Media,Carlos M.,24,2,Resuelto,2024-08-11
9019,Cliente_174,Cuenta,Media,Fernanda P.,40,1,Resuelto,2024-07-11
9020,Cliente_152,Facturación,Baja,Carlos M.,12,5,Resuelto,2024-02-17
9021,Cliente_331,Técnico,Crítica,Carlos M.,64,5,Resuelto,2024-04-14
9022,Cliente_26,Técnico,Baja,Carlos M.,46,5,Resuelto,2024-10-07
9023,Cliente_383,Producto,Media,Fernanda P.,14,5,Resuelto,2024-01-21
9024,Cliente_115,Técnico,Baja,Carlos M.,27,4,Abierto,2025-04-29
9025,Cliente_382,Cuenta,Media,Carlos M.,37,5,Escalado,2025-02-19
9026,Cliente_482,Técnico,Media,Ana L.,62,4,Resuelto,2025-08-07
9027,Cliente_284,Facturación,Media,Fernanda P.,67,4,Resuelto,2024-06-22
9028,Cliente_387,Técnico,Baja,Ana L.,14,3,En espera,2024-09-17
9029,Cliente_75,Cuenta,Baja,Ana L.,39,1,Resuelto,2024-06-16
9030,Cliente_166,Facturación,Alta,Ana L.,5,3,Escalado,2024-05-24
9031,Cliente_189,Producto,Media,Ana L.,26,4,Resuelto,2025-07-18
9032,Cliente_78,Producto,Media,Carlos M.,53,3,Resuelto,2024-08-08
9033,Cliente_435,Producto,Baja,Ana L.,63,2,Resuelto,2024-12-04
9034,Cliente_90,Facturación,Alta,Fernanda P.,11,5,Resuelto,2025-08-10
9035,Cliente_176,Producto,Baja,Carlos M.,33,5,Resuelto,2024-04-16
9036,Cliente_21,Técnico,Crítica,Ana L.,41,4,Resuelto,2025-07-08
9037,Cliente_54,Facturación,Media,Ana L.,40,3,Resuelto,2024-05-22
9038,Cliente_184,Facturación,Media,Fernanda P.,46,2,En espera,2024-06-10
9039,Cliente_359,Facturación,Alta,Fernanda P.,4,2,Resuelto,2024-12-18
9040,Cliente_222,Entrega,Alta,Ana L.,11,2,Resuelto,2024-08-15
9041,Cliente_315,Cuenta,Media,Ana L.,27,4,Escalado,2024-10-03
9042,Cliente_328,Entrega,Media,Ana L.,8,3,Resuelto,2024-04-05
9043,Cliente_179,Entrega,Media,Ana L.,21,2,Resuelto,2025-05-12
9044,Cliente_276,Entrega,Crítica,Ana L.,5,2,En espera,2024-01-01
9045,Cliente_112,Cuenta,Media,Fernanda P.,62,3,Resuelto,2024-06-27
9046,Cliente_224,Entrega,Baja,Fernanda P.,32,3,En espera,2024-06-09
9047,Cliente_214,Producto,Baja,Carlos M.,58,5,Resuelto,2025-06-21
9048,Cliente_59,Facturación,Baja,Carlos M.,72,1,Resuelto,2024-11-05
9049,Cliente_327,Facturación,Baja,Fernanda P.,27,1,En espera,2024-02-14
9050,Cliente_393,Técnico,Baja,Carlos M.,26,2,Resuelto,2024-01-28
9051,Cliente_109,Producto,Media,Ana L.,40,3,Resuelto,2024-07-30
9052,Cliente_385,Cuenta,Baja,Carlos M.,29,5,Resuelto,2025-06-03
9053,Cliente_157,Facturación,Media,Ana L.,7,4,Resuelto,2024-01-05
9054,Cliente_191,Entrega,Media,Ana L.,21,1,Resuelto,2025-06-06
9055,Cliente_200,Técnico,Baja,Carlos M.,67,1,Resuelto,2024-12-06
9056,Cliente_312,Técnico,Baja,Carlos M.,10,3,Resuelto,2024-07-18
9057,Cliente_196,Facturación,Baja,Ana L.,62,4,Resuelto,2024-07-06
9058,Cliente_35,Producto,Baja,Fernanda P.,8,1,Resuelto,2024-10-28
9059,Cliente_379,Técnico,Alta,Carlos M.,4,5,Resuelto,2024-05-19
9060,Cliente_387,Facturación,Media,Carlos M.,29,1,Resuelto,2024-01-13
9061,Cliente_246,Producto,Baja,Fernanda P.,12,3,Resuelto,2025-01-06
9062,Cliente_237,Facturación,Media,Carlos M.,51,3,Resuelto,2024-12-14
9063,Cliente_104,Facturación,Baja,Ana L.,19,4,Resuelto,2024-09-20
9064,Cliente_7,Producto,Media,Fernanda P.,31,1,Resuelto,2025-03-01
9065,Cliente_283,Producto,Media,Fernanda P.,26,4,En espera,2024-04-11
9066,Cliente_1,Producto,Media,Ana L.,6,1,Resuelto,2025-01-27
9067,Cliente_219,Facturación,Media,Ana L.,29,2,Escalado,2024-12-18
9068,Cliente_464,Técnico,Baja,Ana L.,17,1,Resuelto,2024-11-06
9069,Cliente_230,Cuenta,Alta,Fernanda P.,20,3,Resuelto,2025-05-14
9070,Cliente_455,Cuenta,Alta,Ana L.,42,3,Resuelto,2024-07-31
9071,Cliente_172,Facturación,Crítica,Carlos M.,47,2,Resuelto,2025-01-13
9072,Cliente_87,Facturación,Baja,Carlos M.,70,1,Resuelto,2024-02-24
9073,Cliente_41,Técnico,Alta,Ana L.,2,1,Resuelto,2024-04-05
9074,Cliente_123,Producto,Alta,Carlos M.,37,3,Resuelto,2024-11-08
9075,Cliente_331,Facturación,Crítica,Carlos M.,19,2,Resuelto,2024-07-03
9076,Cliente_298,Entrega,Baja,Fernanda P.,41,3,Escalado,2025-02-26
9077,Cliente_373,Producto,Alta,Ana L.,16,2,Resuelto,2025-05-19
9078,Cliente_417,Facturación,Baja,Carlos M.,60,3,Resuelto,2024-12-19
9079,Cliente_178,Entrega,Media,Ana L.,57,5,Escalado,2024-03-13
9080,Cliente_63,Técnico,Media,Ana L.,64,1,Abierto,2024-01-22
9081,Cliente_484,Entrega,Alta,Carlos M.,5,4,Resuelto,2024-07-19
9082,Cliente_165,Facturación,Alta,Carlos M.,18,5,En espera,2024-06-21
9083,Cliente_489,Cuenta,Media,Fernanda P.,72,3,Resuelto,2025-03-24
9084,Cliente_187,Facturación,Media,Fernanda P.,13,2,Resuelto,2024-12-17
9085,Cliente_383,Cuenta,Baja,Fernanda P.,36,4,En espera,2025-05-09
9086,Cliente_209,Técnico,Media,Carlos M.,19,2,Resuelto,2024-05-25
9087,Cliente_227,Técnico,Media,Fernanda P.,31,2,Resuelto,2024-09-23
9088,Cliente_432,Producto,Baja,Ana L.,23,1,Resuelto,2025-01-22
9089,Cliente_389,Producto,Alta,Fernanda P.,32,3,Abierto,2024-02-03
9090,Cliente_48,Cuenta,Baja,Fernanda P.,11,1,Resuelto,2024-10-30
9091,Cliente_224,Cuenta,Media,Fernanda P.,66,2,Resuelto,2024-03-23
9092,Cliente_3,Técnico,Alta,Ana L.,5,1,Resuelto,2025-07-13
9093,Cliente_372,Entrega,Crítica,Ana L.,13,5,Resuelto,2024-10-22
9094,Cliente_175,Cuenta,Alta,Carlos M.,64,2,Escalado,2025-04-28
9095,Cliente_446,Cuenta,Baja,Fernanda P.,35,2,Resuelto,2024-10-23
9096,Cliente_99,Entrega,Alta,Ana L.,29,5,Resuelto,2025-02-09
9097,Cliente_116,Producto,Baja,Ana L.,23,2,Resuelto,2025-01-01
9098,Cliente_270,Producto,Crítica,Ana L.,16,4,Resuelto,2024-11-15
9099,Cliente_447,Cuenta,Alta,Carlos M.,26,4,Abierto,2024-07-22
9100,Cliente_368,Producto,Alta,Carlos M.,3,3,En espera,2024-02-18
9101,Cliente_253,Producto,Baja,Carlos M.,23,3,Resuelto,2024-09-27
9102,Cliente_317,Producto,Media,Fernanda P.,57,1,Resuelto,2025-04-23
9103,Cliente_415,Técnico,Alta,Ana L.,9,1,Resuelto,2024-12-11
9104,Cliente_95,Facturación,Alta,Carlos M.,51,5,Resuelto,2024-07-30
9105,Cliente_273,Cuenta,Baja,Carlos M.,33,5,Abierto,2024-08-11
9106,Cliente_380,Cuenta,Crítica,Ana L.,24,2,Abierto,2025-06-05
9107,Cliente_24,Técnico,Baja,Ana L.,50,3,Resuelto,2024-03-20
9108,Cliente_116,Facturación,Media,Fernanda P.,52,3,Resuelto,2024-04-21
9109,Cliente_151,Facturación,Media,Fernanda P.,71,3,Abierto,2024-10-04
9110,Cliente_338,Técnico,Baja,Fernanda P.,38,3,Resuelto,2025-02-02
9111,Cliente_50,Entrega,Baja,Carlos M.,44,1,Resuelto,2025-05-26
9112,Cliente_206,Entrega,Alta,Carlos M.,56,4,Resuelto,2025-07-23
9113,Cliente_498,Facturación,Media,Ana L.,66,5,Resuelto,2024-11-27
9114,Cliente_335,Entrega,Baja,Fernanda P.,45,5,Resuelto,2024-06-15
9115,Cliente_79,Entrega,Alta,Ana L.,52,3,Resuelto,2025-03-19
9116,Cliente_70,Entrega,Alta,Fernanda P.,1,3,Resuelto,2025-02-11
9117,Cliente_27,Facturación,Media,Fernanda P.,64,1,Resuelto,2025-03-14
9118,Cliente_271,Entrega,Baja,Fernanda P.,8,1,Abierto,2025-05-28
9119,Cliente_50,Cuenta,Baja,Fernanda P.,43,5,Abierto,2025-02-10
9120,Cliente_292,Facturación,Alta,Ana L.,8,3,Resuelto,2025-01-16
9121,Cliente_247,Técnico,Media,Ana L.,29,3,Resuelto,2024-02-28
9122,Cliente_264,Entrega,Media,Carlos M.,13,5,Resuelto,2025-07-22
9123,Cliente_79,Producto,Alta,Fernanda P.,1,1,Resuelto,2025-03-01
9124,Cliente_387,Facturación,Media,Ana L.,29,5,Resuelto,2024-05-19
9125,Cliente_190,Técnico,Baja,Fernanda P.,50,1,Resuelto,2024-07-19
9126,Cliente_47,Cuenta,Crítica,Fernanda P.,37,1,Abierto,2025-08-09
9127,Cliente_461,Técnico,Media,Carlos M.,1,1,Escalado,2024-08-24
9128,Cliente_361,Entrega,Media,Carlos M.,69,3,Resuelto,2025-04-23
9129,Cliente_354,Producto,Crítica,Ana L.,48,5,Resuelto,2025-05-27
9130,Cliente_472,Entrega,Crítica,Ana L.,55,1,En espera,2025-07-19
9131,Cliente_488,Técnico,Media,Carlos M.,66,4,Resuelto,2025-06-02
9132,Cliente_352,Facturación,Baja,Ana L.,63,1,Resuelto,2025-02-15
9133,Cliente_189,Producto,Crítica,Ana L.,22,1,Escalado,2025-07-03
9134,Cliente_416,Producto,Media,Carlos M.,11,1,Resuelto,2024-06-04
9135,Cliente_256,Técnico,Media,Fernanda P.,29,2,Resuelto,2024-01-12
9136,Cliente_222,Entrega,Media,Fernanda P.,3,4,Resuelto,2024-06-20
9137,Cliente_372,Técnico,Media,Carlos M.,45,3,Resuelto,2025-06-10
9138,Cliente_241,Producto,Alta,Fernanda P.,3,5,Resuelto,2025-01-08
9139,Cliente_269,Técnico,Media,Fernanda P.,68,5,Resuelto,2024-11-06
9140,Cliente_1,Producto,Alta,Carlos M.,14,5,Resuelto,2024-04-04
9141,Cliente_34,Entrega,Alta,Ana L.,65,3,Resuelto,2024-09-01
9142,Cliente_446,Facturación,Alta,Carlos M.,57,1,Resuelto,2024-12-03
9143,Cliente_79,Facturación,Alta,Carlos M.,15,4,Resuelto,2024-03-04
9144,Cliente_236,Técnico,Alta,Fernanda P.,60,5,Resuelto,2025-06-30
9145,Cliente_334,Producto,Media,Carlos M.,54,2,Resuelto,2025-04-10
9146,Cliente_377,Facturación,Baja,Fernanda P.,2,2,Abierto,2024-01-11
9147,Cliente_349,Producto,Alta,Carlos M.,64,4,Resuelto,2024-11-08
9148,Cliente_98,Entrega,Media,Ana L.,28,5,En espera,2024-03-21
9149,Cliente_82,Técnico,Baja,Fernanda P.,67,1,En espera,2025-08-04
9150,Cliente_455,Producto,Baja,Carlos M.,3,5,Resuelto,2025-01-04
9151,Cliente_477,Técnico,Baja,Fernanda P.,53,1,Resuelto,2024-06-13
9152,Cliente_415,Producto,Alta,Carlos M.,26,5,Abierto,2024-03-03
9153,Cliente_192,Producto,Alta,Carlos M.,4,2,Resuelto,2024-03-20
9154,Cliente_253,Entrega,Baja,Carlos M.,16,3,En espera,2024-01-29
9155,Cliente_409,Técnico,Alta,Fernanda P.,72,4,Resuelto,2025-05-14
9156,Cliente_38,Cuenta,Baja,Fernanda P.,54,1,Resuelto,2025-03-26
9157,Cliente_14,Producto,Alta,Ana L.,16,3,Abierto,2024-09-30
9158,Cliente_392,Producto,Media,Ana L.,31,1,Resuelto,2025-02-04
9159,Cliente_347,Facturación,Alta,Ana L.,2,4,Resuelto,2024-08-28
9160,Cliente_310,Técnico,Media,Ana L.,45,3,Resuelto,2024-11-25
9161,Cliente_386,Cuenta,Media,Carlos M.,54,3,Resuelto,2024-08-16
9162,Cliente_209,Entrega,Alta,Fernanda P.,59,4,Resuelto,2024-12-21
9163,Cliente_357,Cuenta,Baja,Carlos M.,59,4,Resuelto,2025-05-09
9164,Cliente_462,Entrega,Crítica,Fernanda P.,22,1,En espera,2024-10-30
9165,Cliente_89,Cuenta,Media,Fernanda P.,34,3,Resuelto,2024-12-08
9166,Cliente_56,Cuenta,Media,Carlos M.,56,4,Abierto,2024-06-26
9167,Cliente_94,Técnico,Media,Carlos M.,34,1,Resuelto,2024-01-19
9168,Cliente_93,Facturación,Baja,Fernanda P.,26,5,Resuelto,2024-11-26
9169,Cliente_340,Cuenta,Media,Ana L.,71,4,Escalado,2024-02-10
9170,Cliente_85,Producto,Crítica,Ana L.,45,3,Resuelto,2024-09-17
9171,Cliente_445,Producto,Baja,Fernanda P.,21,5,Resuelto,2024-09-18
9172,Cliente_245,Producto,Alta,Carlos M.,43,4,Resuelto,2025-01-21
9173,Cliente_22,Facturación,Media,Carlos M.,39,2,Resuelto,2024-10-27
9174,Cliente_291,Cuenta,Media,Fernanda P.,13,3,Resuelto,2024-08-17
9175,Cliente_485,Entrega,Baja,Carlos M.,42,3,Resuelto,2025-08-09
9176,Cliente_272,Entrega,Media,Fernanda P.,45,1,Resuelto,2024-04-21
9177,Cliente_306,Técnico,Crítica,Fernanda P.,51,2,Resuelto,2024-12-28
9178,Cliente_122,Facturación,Baja,Fernanda P.,17,4,Resuelto,2024-06-24
9179,Cliente_128,Cuenta,Media,Carlos M.,63,2,En espera,2025-02-11
9180,Cliente_113,Producto,Media,Ana L.,7,4,Resuelto,2024-12-31
9181,Cliente_427,Facturación,Media,Fernanda P.,55,1,Resuelto,2025-07-13
9182,Cliente_273,Facturación,Media,Carlos M.,4,5,Resuelto,2025-02-13
9183,Cliente_336,Cuenta,Media,Ana L.,31,2,Resuelto,2024-06-25
9184,Cliente_442,Técnico,Baja,Fernanda P.,56,3,En espera,2025-04-18
9185,Cliente_130,Técnico,Crítica,Ana L.,4,4,Resuelto,2025-03-14
9186,Cliente_132,Técnico,Alta,Carlos M.,40,2,Resuelto,2024-02-18
9187,Cliente_85,Producto,Baja,Ana L.,47,4,Resuelto,2024-10-08
9188,Cliente_423,Producto,Media,Ana L.,50,2,Resuelto,2025-04-11
9189,Cliente_482,Cuenta,Alta,Carlos M.,23,3,En espera,2025-04-13
9190,Cliente_350,Técnico,Crítica,Fernanda P.,51,4,Abierto,2024-07-29
9191,Cliente_390,Cuenta,Crítica,Carlos M.,38,4,Resuelto,2024-05-06
9192,Cliente_81,Técnico,Alta,Carlos M.,9,5,Resuelto,2024-11-12
9193,Cliente_487,Facturación,Baja,Fernanda P.,61,1,Resuelto,2024-10-22
9194,Cliente_473,Entrega,Crítica,Fernanda P.,21,2,En espera,2024-01-19
9195,Cliente_325,Entrega,Alta,Carlos M.,9,3,Resuelto,2024-10-17
9196,Cliente_69,Técnico,Media,Fernanda P.,25,5,Resuelto,2024-05-26
9197,Cliente_148,Cuenta,Media,Fernanda P.,36,5,Resuelto,2024-03-29
9198,Cliente_448,Producto,Media,Carlos M.,43,1,Resuelto,2024-08-27
9199,Cliente_16,Técnico,Media,Carlos M.,28,3,Resuelto,2025-03-09
9200,Cliente_307,Técnico,Baja,Carlos M.,64,2,Abierto,2024-04-05
9201,Cliente_105,Producto,Baja,Carlos M.,45,4,Resuelto,2024-06-30
9202,Cliente_165,Técnico,Baja,Ana L.,56,1,En espera,2024-07-11
9203,Cliente_488,Facturación,Media,Ana L.,48,4,Resuelto,2024-05-17
9204,Cliente_201,Producto,Baja,Fernanda P.,8,5,Resuelto,2025-01-04
9205,Cliente_197,Facturación,Alta,Ana L.,14,4,Resuelto,2025-08-10
9206,Cliente_426,Entrega,Baja,Ana L.,15,2,Resuelto,2025-05-07
9207,Cliente_185,Producto,Crítica,Ana L.,39,2,Resuelto,2024-09-01
9208,Cliente_322,Producto,Alta,Fernanda P.,25,4,Escalado,2025-02-08
9209,Cliente_265,Cuenta,Crítica,Ana L.,63,4,Resuelto,2024-05-27
9210,Cliente_363,Cuenta,Alta,Carlos M.,59,1,Resuelto,2025-01-04
9211,Cliente_100,Producto,Baja,Carlos M.,29,2,Resuelto,2024-04-25
9212,Cliente_342,Entrega,Media,Fernanda P.,3,4,Resuelto,2024-10-28
9213,Cliente_320,Técnico,Baja,Fernanda P.,39,3,Resuelto,2025-06-05
9214,Cliente_214,Cuenta,Crítica,Fernanda P.,22,1,Resuelto,2024-04-30
9215,Cliente_278,Entrega,Media,Ana L.,41,1,Resuelto,2024-08-14
9216,Cliente_162,Entrega,Media,Fernanda P.,20,1,Resuelto,2024-03-19
9217,Cliente_439,Cuenta,Alta,Fernanda P.,19,1,En espera,2024-12-11
9218,Cliente_157,Técnico,Crítica,Fernanda P.,13,4,Resuelto,2024-05-19
9219,Cliente_422,Cuenta,Alta,Carlos M.,19,5,Resuelto,2025-06-19
9220,Cliente_251,Entrega,Media,Fernanda P.,66,3,Resuelto,2024-10-15
9221,Cliente_366,Facturación,Media,Carlos M.,65,5,Resuelto,2024-11-24
9222,Cliente_97,Cuenta,Media,Carlos M.,3,5,Resuelto,2025-03-05
9223,Cliente_18,Entrega,Baja,Fernanda P.,24,4,En espera,2024-04-09
9224,Cliente_327,Cuenta,Alta,Fernanda P.,38,1,Resuelto,2024-01-07
9225,Cliente_449,Entrega,Media,Ana L.,2,1,Resuelto,2024-06-19
9226,Cliente_383,Técnico,Baja,Fernanda P.,56,4,Escalado,2024-09-19
9227,Cliente_97,Entrega,Crítica,Fernanda P.,37,4,Abierto,2025-01-06
9228,Cliente_1,Producto,Media,Fernanda P.,4,2,Resuelto,2025-06-27
9229,Cliente_216,Facturación,Alta,Fernanda P.,44,1,Resuelto,2025-05-11
9230,Cliente_132,Entrega,Alta,Fernanda P.,45,3,Escalado,2024-02-28
9231,Cliente_260,Cuenta,Alta,Fernanda P.,47,2,Resuelto,2024-11-30
9232,Cliente_125,Cuenta,Baja,Ana L.,26,5,Resuelto,2024-01-30
9233,Cliente_82,Entrega,Baja,Ana L.,9,1,Resuelto,2024-09-16
9234,Cliente_283,Producto,Alta,Fernanda P.,48,4,Resuelto,2025-06-29
9235,Cliente_171,Entrega,Alta,Ana L.,31,4,Resuelto,2024-05-16
9236,Cliente_59,Técnico,Media,Carlos M.,55,4,Resuelto,2024-11-11
9237,Cliente_32,Producto,Media,Ana L.,1,1,Resuelto,2025-04-04
9238,Cliente_161,Entrega,Baja,Carlos M.,59,3,Resuelto,2025-02-11
9239,Cliente_284,Facturación,Crítica,Fernanda P.,11,4,Resuelto,2024-07-01
9240,Cliente_106,Producto,Baja,Carlos M.,2,1,Resuelto,2024-09-03
9241,Cliente_105,Entrega,Baja,Fernanda P.,46,5,Resuelto,2024-01-29
9242,Cliente_439,Facturación,Media,Ana L.,1,2,Escalado,2024-11-05
9243,Cliente_228,Entrega,Baja,Carlos M.,70,1,En espera,2024-06-27
9244,Cliente_188,Técnico,Crítica,Carlos M.,71,1,Resuelto,2025-05-19
9245,Cliente_70,Cuenta,Baja,Carlos M.,66,4,Resuelto,2025-01-11
9246,Cliente_318,Entrega,Baja,Fernanda P.,2,2,Resuelto,2024-10-04
9247,Cliente_464,Producto,Media,Fernanda P.,69,2,Resuelto,2025-04-27
9248,Cliente_290,Entrega,Media,Ana L.,13,4,Abierto,2024-10-02
9249,Cliente_87,Entrega,Baja,Ana L.,19,3,Escalado,2024-10-19
9250,Cliente_370,Entrega,Media,Fernanda P.,47,1,Resuelto,2024-05-07
9251,Cliente_362,Entrega,Media,Ana L.,1,4,Abierto,2024-11-02
9252,Cliente_472,Producto,Alta,Carlos M.,18,3,Resuelto,2024-03-13
9253,Cliente_56,Producto,Baja,Carlos M.,32,4,En espera,2025-01-07
9254,Cliente_113,Entrega,Crítica,Carlos M.,72,5,Abierto,2025-03-09
9255,Cliente_13,Cuenta,Media,Ana L.,11,3,Resuelto,2024-03-02
9256,Cliente_440,Entrega,Baja,Carlos M.,20,3,En espera,2024-02-13
9257,Cliente_18,Producto,Baja,Carlos M.,8,2,Resuelto,2025-01-04
9258,Cliente_182,Técnico,Media,Fernanda P.,38,1,Resuelto,2025-06-06
9259,Cliente_461,Entrega,Baja,Fernanda P.,6,4,Escalado,2024-03-01
9260,Cliente_113,Entrega,Media,Ana L.,2,4,Resuelto,2025-04-27
9261,Cliente_229,Entrega,Baja,Fernanda P.,55,1,Escalado,2024-06-28
9262,Cliente_171,Entrega,Media,Ana L.,3,1,Resuelto,2024-01-22
9263,Cliente_295,Facturación,Media,Ana L.,66,2,Resuelto,2025-05-29
9264,Cliente_189,Entrega,Baja,Fernanda P.,72,1,Resuelto,2025-07-26
9265,Cliente_426,Producto,Media,Fernanda P.,26,5,Resuelto,2024-12-14
9266,Cliente_465,Producto,Alta,Ana L.,48,2,Resuelto,2025-07-18
9267,Cliente_79,Facturación,Baja,Ana L.,8,3,Resuelto,2024-08-11
9268,Cliente_146,Entrega,Alta,Ana L.,67,1,Escalado,2025-06-20
9269,Cliente_407,Cuenta,Media,Carlos M.,69,3,Resuelto,2024-11-01
9270,Cliente_182,Entrega,Crítica,Carlos M.,30,2,Resuelto,2024-10-29
9271,Cliente_499,Producto,Baja,Fernanda P.,27,5,En espera,2024-12-21
9272,Cliente_286,Técnico,Crítica,Carlos M.,43,5,Abierto,2025-07-31
9273,Cliente_250,Técnico,Media,Carlos M.,5,1,Resuelto,2024-09-25
9274,Cliente_354,Cuenta,Media,Ana L.,20,5,Resuelto,2024-01-15
9275,Cliente_314,Entrega,Media,Carlos M.,52,4,Abierto,2025-06-01
9276,Cliente_196,Facturación,Baja,Fernanda P.,21,2,Resuelto,2024-09-09
9277,Cliente_323,Entrega,Crítica,Carlos M.,3,5,Escalado,2024-03-25
9278,Cliente_71,Cuenta,Media,Carlos M.,41,2,Resuelto,2025-07-07
9279,Cliente_248,Cuenta,Baja,Carlos M.,64,2,En espera,2024-06-11
9280,Cliente_146,Cuenta,Baja,Fernanda P.,68,4,Abierto,2024-08-24
9281,Cliente_106,Técnico,Baja,Fernanda P.,71,1,Resuelto,2024-03-22
9282,Cliente_263,Entrega,Media,Ana L.,24,2,Abierto,2025-08-12
9283,Cliente_296,Entrega,Media,Carlos M.,52,4,Resuelto,2025-02-05
9284,Cliente_70,Facturación,Media,Ana L.,2,5,Resuelto,2024-05-27
9285,Cliente_470,Cuenta,Media,Ana L.,44,3,Resuelto,2025-03-12
9286,Cliente_193,Cuenta,Media,Fernanda P.,41,1,Resuelto,2025-07-13
9287,Cliente_68,Producto,Media,Ana L.,70,3,Abierto,2024-06-03
9288,Cliente_494,Producto,Baja,Carlos M.,7,4,Resuelto,2025-08-10
9289,Cliente_305,Técnico,Baja,Ana L.,38,2,Resuelto,2024-05-08
9290,Cliente_52,Entrega,Baja,Fernanda P.,45,4,En espera,2024-04-28
9291,Cliente_370,Facturación,Crítica,Fernanda P.,9,1,Resuelto,2024-09-26
9292,Cliente_363,Facturación,Alta,Fernanda P.,53,1,Resuelto,2025-02-19
9293,Cliente_285,Cuenta,Crítica,Carlos M.,28,5,Resuelto,2024-01-10
9294,Cliente_405,Facturación,Media,Ana L.,19,4,Resuelto,2025-02-13
9295,Cliente_474,Cuenta,Alta,Carlos M.,68,1,Resuelto,2024-08-10
9296,Cliente_334,Entrega,Media,Fernanda P.,4,4,Resuelto,2025-07-30
9297,Cliente_9,Facturación,Media,Carlos M.,13,5,Resuelto,2024-06-26
9298,Cliente_251,Cuenta,Baja,Fernanda P.,11,5,Resuelto,2024-06-25
9299,Cliente_431,Entrega,Alta,Carlos M.,2,4,Resuelto,2025-06-27
9300,Cliente_332,Entrega,Crítica,Carlos M.,70,1,Escalado,2025-07-30
9301,Cliente_298,Cuenta,Baja,Ana L.,12,2,Escalado,2024-01-26
9302,Cliente_435,Cuenta,Baja,Ana L.,37,2,Resuelto,2024-07-15
9303,Cliente_184,Técnico,Media,Fernanda P.,56,5,Resuelto,2025-02-13
9304,Cliente_179,Entrega,Crítica,Ana L.,52,1,En espera,2024-03-05
9305,Cliente_198,Cuenta,Alta,Ana L.,4,5,Resuelto,2025-04-22
9306,Cliente_128,Entrega,Baja,Carlos M.,4,5,Resuelto,2025-01-30
9307,Cliente_20,Facturación,Media,Fernanda P.,49,5,Resuelto,2025-04-28
9308,Cliente_472,Producto,Media,Carlos M.,52,5,Resuelto,2024-07-01
9309,Cliente_411,Producto,Alta,Carlos M.,34,4,Escalado,2024-09-20
9310,Cliente_422,Cuenta,Alta,Ana L.,22,4,En espera,2024-01-27
9311,Cliente_328,Cuenta,Media,Ana L.,13,1,Resuelto,2024-09-07
9312,Cliente_65,Entrega,Baja,Fernanda P.,63,1,Resuelto,2025-05-22
9313,Cliente_182,Cuenta,Crítica,Ana L.,15,3,Resuelto,2024-05-07
9314,Cliente_241,Entrega,Media,Carlos M.,40,2,En espera,2025-02-19
9315,Cliente_369,Cuenta,Crítica,Ana L.,38,4,Resuelto,2025-02-22
9316,Cliente_24,Entrega,Media,Fernanda P.,55,1,Resuelto,2025-02-23
9317,Cliente_384,Cuenta,Alta,Fernanda P.,44,5,Resuelto,2024-08-16
9318,Cliente_431,Técnico,Alta,Carlos M.,66,4,Resuelto,2025-06-27
9319,Cliente_455,Entrega,Media,Carlos M.,66,2,Escalado,2024-03-19
9320,Cliente_83,Técnico,Crítica,Ana L.,43,4,Escalado,2024-02-25
9321,Cliente_470,Técnico,Baja,Fernanda P.,72,2,Resuelto,2024-02-23
9322,Cliente_319,Técnico,Alta,Carlos M.,38,3,Resuelto,2025-02-17
9323,Cliente_185,Técnico,Crítica,Ana L.,29,1,Resuelto,2025-04-17
9324,Cliente_439,Facturación,Media,Ana L.,56,2,Abierto,2025-06-15
9325,Cliente_316,Producto,Media,Ana L.,6,3,Resuelto,2024-07-20
9326,Cliente_99,Facturación,Media,Carlos M.,9,4,Resuelto,2024-08-10
9327,Cliente_62,Cuenta,Alta,Carlos M.,22,1,Resuelto,2024-05-08
9328,Cliente_286,Cuenta,Alta,Ana L.,46,2,Resuelto,2024-11-25
9329,Cliente_477,Producto,Media,Ana L.,31,2,Abierto,2025-03-16
9330,Cliente_22,Producto,Alta,Carlos M.,21,1,Resuelto,2024-05-07
9331,Cliente_459,Producto,Media,Fernanda P.,38,4,Resuelto,2024-05-20
9332,Cliente_212,Técnico,Baja,Ana L.,52,4,Abierto,2025-04-14
9333,Cliente_126,Facturación,Media,Fernanda P.,19,5,Abierto,2025-08-04
9334,Cliente_413,Cuenta,Media,Fernanda P.,10,4,Resuelto,2024-06-09
9335,Cliente_499,Facturación,Baja,Carlos M.,46,1,Resuelto,2025-03-24
9336,Cliente_425,Facturación,Media,Carlos M.,66,3,En espera,2025-05-29
9337,Cliente_42,Facturación,Media,Fernanda P.,38,1,Resuelto,2025-01-23
9338,Cliente_98,Producto,Alta,Carlos M.,62,2,Resuelto,2025-06-07
9339,Cliente_449,Producto,Baja,Fernanda P.,72,5,Resuelto,2024-10-15
9340,Cliente_31,Cuenta,Media,Fernanda P.,46,5,Resuelto,2025-05-03
9341,Cliente_158,Cuenta,Media,Carlos M.,35,3,Resuelto,2024-01-27
9342,Cliente_112,Cuenta,Crítica,Carlos M.,43,2,Resuelto,2025-01-03
9343,Cliente_402,Facturación,Alta,Ana L.,30,4,Resuelto,2024-01-13
9344,Cliente_247,Producto,Alta,Carlos M.,63,4,En espera,2024-12-31
9345,Cliente_122,Técnico,Crítica,Ana L.,30,4,Resuelto,2024-05-02
9346,Cliente_273,Facturación,Media,Carlos M.,29,1,Resuelto,2024-09-10
9347,Cliente_294,Entrega,Baja,Carlos M.,66,4,Resuelto,2024-12-26
9348,Cliente_398,Facturación,Alta,Carlos M.,72,2,Resuelto,2024-07-04
9349,Cliente_471,Producto,Alta,Carlos M.,22,5,Abierto,2024-11-15
9350,Cliente_473,Entrega,Media,Fernanda P.,35,1,Abierto,2025-03-09
9351,Cliente_207,Facturación,Alta,Carlos M.,42,4,Resuelto,2024-10-26
9352,Cliente_110,Producto,Alta,Fernanda P.,24,2,Resuelto,2025-06-13
9353,Cliente_440,Producto,Crítica,Carlos M.,26,3,Escalado,2024-01-18
9354,Cliente_278,Técnico,Crítica,Carlos M.,31,2,Resuelto,2025-04-20
9355,Cliente_451,Facturación,Media,Fernanda P.,2,5,Abierto,2024-01-06
9356,Cliente_56,Producto,Media,Carlos M.,39,2,Abierto,2024-07-05
9357,Cliente_375,Cuenta,Baja,Ana L.,12,2,Resuelto,2024-02-12
9358,Cliente_403,Producto,Baja,Ana L.,44,1,Resuelto,2024-09-06
9359,Cliente_57,Técnico,Alta,Carlos M.,43,5,Escalado,2024-07-15
9360,Cliente_428,Producto,Media,Ana L.,67,4,Abierto,2024-07-21
9361,Cliente_482,Facturación,Media,Ana L.,38,5,En espera,2024-07-07
9362,Cliente_291,Facturación,Media,Ana L.,66,3,Resuelto,2025-04-17
9363,Cliente_114,Entrega,Alta,Ana L.,40,5,Escalado,2024-09-29
9364,Cliente_381,Facturación,Baja,Fernanda P.,22,1,Abierto,2024-03-30
9365,Cliente_385,Entrega,Media,Fernanda P.,63,4,Abierto,2024-09-26
9366,Cliente_308,Cuenta,Media,Fernanda P.,59,5,Resuelto,2025-07-04
9367,Cliente_341,Técnico,Media,Ana L.,19,4,Resuelto,2024-04-29
9368,Cliente_477,Cuenta,Crítica,Ana L.,20,1,Resuelto,2025-07-20
9369,Cliente_198,Entrega,Alta,Fernanda P.,43,2,Resuelto,2024-08-27
9370,Cliente_421,Producto,Media,Ana L.,58,3,Resuelto,2024-09-21
9371,Cliente_321,Producto,Alta,Fernanda P.,54,5,Resuelto,2024-07-09
9372,Cliente_179,Cuenta,Media,Fernanda P.,40,4,Resuelto,2024-10-09
9373,Cliente_385,Producto,Alta,Fernanda P.,27,5,Resuelto,2025-04-08
9374,Cliente_219,Entrega,Baja,Ana L.,13,1,Abierto,2024-03-30
9375,Cliente_277,Técnico,Alta,Fernanda P.,47,2,Resuelto,2024-12-24
9376,Cliente_437,Facturación,Media,Carlos M.,72,1,Resuelto,2025-01-14
9377,Cliente_16,Entrega,Baja,Fernanda P.,23,4,Abierto,2024-06-15
9378,Cliente_492,Entrega,Baja,Fernanda P.,59,5,Resuelto,2025-07-23
9379,Cliente_379,Facturación,Media,Carlos M.,7,4,Escalado,2024-07-22
9380,Cliente_61,Facturación,Alta,Ana L.,50,1,Resuelto,2024-05-05
9381,Cliente_54,Técnico,Baja,Fernanda P.,66,5,Resuelto,2025-04-09
9382,Cliente_168,Técnico,Media,Carlos M.,3,4,Resuelto,2024-12-10
9383,Cliente_26,Técnico,Alta,Ana L.,39,5,En espera,2025-03-01
9384,Cliente_336,Producto,Media,Carlos M.,7,3,Abierto,2025-06-23
9385,Cliente_476,Entrega,Alta,Fernanda P.,68,1,Abierto,2024-07-29
9386,Cliente_65,Facturación,Baja,Carlos M.,55,1,Resuelto,2024-09-22
9387,Cliente_100,Entrega,Media,Ana L.,8,3,Escalado,2024-09-23
9388,Cliente_74,Entrega,Crítica,Fernanda P.,32,2,Escalado,2024-09-10
9389,Cliente_192,Técnico,Media,Carlos M.,19,4,Resuelto,2024-07-06
9390,Cliente_171,Técnico,Media,Ana L.,12,2,Resuelto,2024-01-30
9391,Cliente_273,Entrega,Alta,Ana L.,57,5,En espera,2024-10-31
9392,Cliente_377,Técnico,Media,Fernanda P.,10,4,Resuelto,2025-03-28
9393,Cliente_187,Producto,Alta,Fernanda P.,21,4,Resuelto,2024-01-30
9394,Cliente_23,Facturación,Crítica,Fernanda P.,20,4,Resuelto,2024-06-09
9395,Cliente_391,Entrega,Baja,Fernanda P.,4,3,Resuelto,2025-02-26
9396,Cliente_428,Facturación,Alta,Carlos M.,19,1,Resuelto,2024-12-12
9397,Cliente_181,Producto,Baja,Ana L.,29,3,Resuelto,2025-07-31
9398,Cliente_327,Técnico,Media,Fernanda P.,71,3,Resuelto,2024-08-09
9399,Cliente_108,Cuenta,Alta,Fernanda P.,64,3,En espera,2024-07-06
9400,Cliente_335,Producto,Alta,Fernanda P.,72,2,En espera,2025-02-28
9401,Cliente_162,Cuenta,Alta,Carlos M.,11,3,Abierto,2025-07-02
9402,Cliente_302,Facturación,Crítica,Ana L.,33,1,Resuelto,2025-05-25
9403,Cliente_493,Entrega,Media,Ana L.,25,4,Abierto,2024-07-24
9404,Cliente_452,Técnico,Media,Fernanda P.,33,2,Resuelto,2025-01-05
9405,Cliente_206,Producto,Media,Ana L.,26,3,Resuelto,2025-04-18
9406,Cliente_78,Técnico,Media,Carlos M.,36,3,Resuelto,2025-01-26
9407,Cliente_16,Cuenta,Media,Ana L.,11,4,Resuelto,2025-04-23
9408,Cliente_327,Cuenta,Alta,Fernanda P.,30,4,Resuelto,2025-05-23
9409,Cliente_96,Entrega,Media,Ana L.,57,2,En espera,2024-02-26
9410,Cliente_147,Cuenta,Alta,Carlos M.,10,1,Escalado,2024-03-07
9411,Cliente_2,Entrega,Alta,Carlos M.,25,2,Resuelto,2024-01-28
9412,Cliente_10,Producto,Baja,Ana L.,68,4,Resuelto,2024-08-19
9413,Cliente_434,Entrega,Media,Ana L.,57,1,Resuelto,2024-04-16
9414,Cliente_125,Cuenta,Media,Fernanda P.,34,3,Resuelto,2024-05-16
9415,Cliente_81,Facturación,Media,Fernanda P.,54,3,Escalado,2025-01-12
9416,Cliente_485,Entrega,Alta,Fernanda P.,51,5,Resuelto,2025-01-25
9417,Cliente_140,Técnico,Media,Ana L.,6,4,En espera,2025-08-21
9418,Cliente_326,Facturación,Alta,Carlos M.,59,5,Resuelto,2024-03-16
9419,Cliente_150,Entrega,Alta,Carlos M.,54,2,Resuelto,2025-03-30
9420,Cliente_288,Técnico,Media,Ana L.,17,2,Resuelto,2024-12-10
9421,Cliente_361,Facturación,Alta,Carlos M.,26,1,Resuelto,2025-08-12
9422,Cliente_340,Entrega,Baja,Carlos M.,9,4,Abierto,2025-07-23
9423,Cliente_129,Producto,Baja,Ana L.,2,1,Resuelto,2025-04-03
9424,Cliente_438,Técnico,Baja,Carlos M.,20,1,Resuelto,2024-12-28
9425,Cliente_239,Producto,Media,Ana L.,6,2,Abierto,2025-07-27
9426,Cliente_58,Cuenta,Baja,Fernanda P.,55,2,Resuelto,2024-05-22
9427,Cliente_198,Entrega,Crítica,Carlos M.,48,4,Escalado,2025-08-01
9428,Cliente_211,Entrega,Media,Ana L.,58,2,Resuelto,2024-05-24
9429,Cliente_402,Técnico,Media,Carlos M.,42,4,Resuelto,2025-01-03
9430,Cliente_390,Entrega,Baja,Carlos M.,21,5,Resuelto,2025-03-03
9431,Cliente_45,Cuenta,Media,Fernanda P.,6,3,Resuelto,2024-09-09
9432,Cliente_97,Entrega,Media,Ana L.,30,5,Resuelto,2024-05-27
9433,Cliente_279,Facturación,Media,Fernanda P.,23,2,Resuelto,2024-05-06
9434,Cliente_23,Producto,Media,Carlos M.,36,3,Resuelto,2024-12-17
9435,Cliente_410,Cuenta,Media,Carlos M.,3,3,Resuelto,2024-04-30
9436,Cliente_461,Cuenta,Media,Carlos M.,34,1,Resuelto,2025-01-08
9437,Cliente_391,Producto,Alta,Ana L.,30,3,Abierto,2024-12-06
9438,Cliente_335,Producto,Baja,Fernanda P.,42,4,Resuelto,2024-01-31
9439,Cliente_44,Cuenta,Alta,Ana L.,21,2,Resuelto,2024-12-10
9440,Cliente_27,Producto,Media,Carlos M.,4,2,En espera,2025-07-06
9441,Cliente_282,Técnico,Media,Fernanda P.,49,1,Resuelto,2024-07-22
9442,Cliente_97,Producto,Media,Carlos M.,48,1,Abierto,2025-01-06
9443,Cliente_463,Facturación,Media,Fernanda P.,51,2,Resuelto,2025-02-15
9444,Cliente_36,Facturación,Baja,Ana L.,24,1,Resuelto,2025-07-14
9445,Cliente_109,Técnico,Crítica,Ana L.,46,3,Resuelto,2024-08-15
9446,Cliente_55,Producto,Media,Ana L.,27,3,Abierto,2024-02-01
9447,Cliente_192,Facturación,Crítica,Ana L.,51,4,Resuelto,2024-12-11
9448,Cliente_219,Entrega,Media,Ana L.,20,1,Escalado,2024-07-15
9449,Cliente_185,Producto,Baja,Fernanda P.,71,2,Resuelto,2024-10-20
9450,Cliente_69,Técnico,Media,Fernanda P.,18,5,Resuelto,2025-08-11
9451,Cliente_317,Producto,Baja,Carlos M.,8,2,Abierto,2024-05-01
9452,Cliente_130,Cuenta,Crítica,Fernanda P.,27,5,Resuelto,2025-01-09
9453,Cliente_55,Cuenta,Alta,Carlos M.,14,5,En espera,2025-07-10
9454,Cliente_378,Facturación,Alta,Ana L.,18,4,Resuelto,2024-01-16
9455,Cliente_97,Cuenta,Media,Fernanda P.,65,5,Resuelto,2025-03-13
9456,Cliente_336,Técnico,Media,Fernanda P.,31,3,Resuelto,2024-12-14
9457,Cliente_87,Facturación,Crítica,Ana L.,20,3,Escalado,2024-07-28
9458,Cliente_294,Técnico,Baja,Ana L.,70,4,Resuelto,2024-06-08
9459,Cliente_119,Técnico,Alta,Ana L.,45,2,Resuelto,2024-10-11
9460,Cliente_208,Cuenta,Media,Carlos M.,1,2,Resuelto,2024-02-21
9461,Cliente_334,Cuenta,Crítica,Carlos M.,19,2,Resuelto,2024-03-21
9462,Cliente_413,Técnico,Alta,Fernanda P.,39,2,Resuelto,2025-01-15
9463,Cliente_154,Cuenta,Crítica,Ana L.,27,3,Resuelto,2024-12-17
9464,Cliente_35,Cuenta,Media,Fernanda P.,56,3,Abierto,2024-10-11
9465,Cliente_79,Cuenta,Baja,Ana L.,16,4,Abierto,2025-05-04
9466,Cliente_67,Producto,Media,Ana L.,7,4,Escalado,2025-01-21
9467,Cliente_343,Técnico,Alta,Ana L.,20,4,Resuelto,2025-03-10
9468,Cliente_413,Entrega,Alta,Ana L.,31,2,En espera,2025-08-02
9469,Cliente_34,Técnico,Baja,Ana L.,25,2,Resuelto,2024-02-13
9470,Cliente_97,Facturación,Media,Carlos M.,1,3,Resuelto,2025-05-21
9471,Cliente_169,Cuenta,Baja,Fernanda P.,17,3,Resuelto,2024-06-18
9472,Cliente_169,Cuenta,Alta,Ana L.,27,1,Escalado,2024-03-15
9473,Cliente_151,Entrega,Baja,Carlos M.,24,1,Escalado,2024-01-08
9474,Cliente_71,Facturación,Media,Carlos M.,62,2,En espera,2025-04-19
9475,Cliente_3,Producto,Baja,Ana L.,52,3,Resuelto,2024-06-20
9476,Cliente_314,Técnico,Media,Ana L.,51,2,En espera,2025-03-12
9477,Cliente_32,Producto,Crítica,Carlos M.,66,5,Resuelto,2025-03-26
9478,Cliente_287,Facturación,Baja,Ana L.,57,1,Resuelto,2025-05-09
9479,Cliente_82,Entrega,Baja,Carlos M.,55,4,Resuelto,2025-04-03
9480,Cliente_43,Facturación,Baja,Ana L.,53,2,Resuelto,2024-07-03
9481,Cliente_391,Entrega,Media,Carlos M.,19,5,En espera,2024-06-15
9482,Cliente_105,Producto,Media,Ana L.,13,4,En espera,2024-11-02
9483,Cliente_1,Producto,Media,Carlos M.,29,5,Resuelto,2024-10-03
9484,Cliente_61,Facturación,Media,Fernanda P.,6,3,Resuelto,2024-03-30
9485,Cliente_270,Facturación,Baja,Ana L.,1,3,Resuelto,2024-08-06
9486,Cliente_180,Cuenta,Alta,Ana L.,24,3,Abierto,2025-03-16
9487,Cliente_224,Entrega,Alta,Carlos M.,6,4,Resuelto,2025-02-01
9488,Cliente_6,Cuenta,Crítica,Ana L.,48,4,Abierto,2025-04-15
9489,Cliente_103,Técnico,Crítica,Fernanda P.,20,3,Resuelto,2025-02-13
9490,Cliente_10,Técnico,Media,Fernanda P.,67,4,Resuelto,2024-10-10
9491,Cliente_71,Facturación,Media,Carlos M.,55,3,Resuelto,2024-08-18
9492,Cliente_90,Producto,Alta,Carlos M.,18,2,Resuelto,2024-01-21
9493,Cliente_226,Técnico,Baja,Ana L.,21,3,Resuelto,2024-10-02
9494,Cliente_158,Técnico,Media,Carlos M.,64,1,Escalado,2025-04-23
9495,Cliente_228,Cuenta,Baja,Fernanda P.,37,2,Resuelto,2024-12-12
9496,Cliente_405,Cuenta,Media,Fernanda P.,19,3,Escalado,2024-06-20
9497,Cliente_126,Técnico,Media,Ana L.,56,1,Resuelto,2025-06-26
9498,Cliente_444,Facturación,Baja,Fernanda P.,62,3,Resuelto,2024-01-09
9499,Cliente_209,Cuenta,Baja,Carlos M.,18,2,Escalado,2025-06-27
9500,Cliente_97,Técnico,Alta,Ana L.,30,3,Resuelto,2024-07-20
9501,Cliente_74,Producto,Baja,Ana L.,56,4,Resuelto,2024-06-28
9502,Cliente_115,Cuenta,Crítica,Ana L.,42,3,Resuelto,2025-06-22
9503,Cliente_191,Técnico,Baja,Carlos M.,53,2,Resuelto,2025-05-28
9504,Cliente_495,Entrega,Media,Ana L.,50,5,Resuelto,2025-01-17
9505,Cliente_170,Cuenta,Media,Ana L.,4,3,Escalado,2025-01-28
9506,Cliente_307,Entrega,Baja,Fernanda P.,63,4,Abierto,2025-08-03
9507,Cliente_448,Cuenta,Media,Fernanda P.,67,2,Resuelto,2024-09-02
9508,Cliente_204,Cuenta,Media,Ana L.,56,1,Resuelto,2025-02-28
9509,Cliente_56,Entrega,Alta,Carlos M.,49,5,Resuelto,2024-10-30
9510,Cliente_208,Facturación,Alta,Carlos M.,22,3,Resuelto,2024-04-25
9511,Cliente_41,Técnico,Baja,Carlos M.,12,2,Resuelto,2024-04-26
9512,Cliente_32,Facturación,Baja,Carlos M.,49,4,Resuelto,2025-03-07
9513,Cliente_15,Facturación,Media,Fernanda P.,13,4,Resuelto,2024-05-04
9514,Cliente_62,Técnico,Baja,Carlos M.,33,2,Escalado,2024-02-02
9515,Cliente_155,Producto,Media,Carlos M.,47,4,Resuelto,2025-04-17
9516,Cliente_284,Facturación,Crítica,Ana L.,64,5,Resuelto,2025-03-10
9517,Cliente_209,Facturación,Media,Carlos M.,17,1,Abierto,2024-01-23
9518,Cliente_320,Facturación,Alta,Carlos M.,34,4,Resuelto,2024-03-22
9519,Cliente_494,Producto,Media,Carlos M.,68,4,Abierto,2024-07-21
9520,Cliente_187,Cuenta,Alta,Carlos M.,39,1,Abierto,2025-07-08
9521,Cliente_498,Entrega,Baja,Fernanda P.,72,5,Escalado,2024-04-16
9522,Cliente_442,Entrega,Alta,Ana L.,1,5,Resuelto,2024-03-14
9523,Cliente_130,Producto,Alta,Fernanda P.,5,5,Resuelto,2024-12-21
9524,Cliente_127,Facturación,Baja,Ana L.,40,4,Resuelto,2024-07-19
9525,Cliente_292,Entrega,Media,Ana L.,63,4,Resuelto,2024-12-27
9526,Cliente_114,Producto,Crítica,Ana L.,1,5,En espera,2025-08-11
9527,Cliente_199,Técnico,Alta,Ana L.,35,4,Abierto,2025-04-15
9528,Cliente_13,Entrega,Baja,Fernanda P.,17,3,Escalado,2025-01-19
9529,Cliente_271,Técnico,Media,Ana L.,60,4,Resuelto,2024-01-19
9530,Cliente_89,Facturación,Media,Carlos M.,1,5,En espera,2025-07-27
9531,Cliente_215,Entrega,Media,Carlos M.,4,2,Resuelto,2024-04-30
9532,Cliente_444,Producto,Media,Ana L.,9,5,Escalado,2024-05-14
9533,Cliente_278,Cuenta,Baja,Carlos M.,45,2,Resuelto,2024-09-11
9534,Cliente_447,Entrega,Media,Carlos M.,32,4,Abierto,2024-12-29
9535,Cliente_474,Entrega,Alta,Ana L.,69,4,Resuelto,2024-11-29
9536,Cliente_481,Entrega,Alta,Ana L.,14,2,Resuelto,2025-06-28
9537,Cliente_203,Entrega,Baja,Ana L.,51,5,Abierto,2024-01-06
9538,Cliente_74,Producto,Alta,Fernanda P.,23,1,En espera,2025-08-16
9539,Cliente_25,Producto,Baja,Ana L.,46,1,Abierto,2024-05-13
9540,Cliente_101,Cuenta,Media,Ana L.,27,5,Resuelto,2025-07-16
9541,Cliente_176,Producto,Crítica,Fernanda P.,36,4,Resuelto,2024-08-09
9542,Cliente_427,Producto,Media,Carlos M.,68,2,Resuelto,2024-09-24
9543,Cliente_117,Facturación,Baja,Fernanda P.,32,2,En espera,2024-05-11
9544,Cliente_166,Facturación,Baja,Carlos M.,66,5,Resuelto,2024-02-21
9545,Cliente_41,Técnico,Media,Fernanda P.,42,5,Escalado,2024-09-11
9546,Cliente_429,Cuenta,Alta,Ana L.,50,3,Resuelto,2024-11-04
9547,Cliente_344,Facturación,Crítica,Fernanda P.,57,2,Resuelto,2024-12-14
9548,Cliente_424,Cuenta,Alta,Ana L.,64,3,En espera,2024-09-26
9549,Cliente_366,Cuenta,Alta,Carlos M.,46,4,Resuelto,2025-02-08
9550,Cliente_120,Entrega,Alta,Ana L.,54,2,Resuelto,2024-06-07
9551,Cliente_97,Cuenta,Alta,Fernanda P.,53,5,Resuelto,2024-06-17
9552,Cliente_145,Entrega,Baja,Fernanda P.,29,5,Resuelto,2025-07-26
9553,Cliente_216,Técnico,Crítica,Carlos M.,37,4,Resuelto,2024-09-27
9554,Cliente_229,Técnico,Media,Ana L.,69,1,Resuelto,2025-04-21
9555,Cliente_313,Técnico,Crítica,Carlos M.,14,3,Resuelto,2025-02-02
9556,Cliente_130,Entrega,Baja,Ana L.,27,5,Resuelto,2024-12-06
9557,Cliente_352,Entrega,Alta,Ana L.,5,2,En espera,2025-08-22
9558,Cliente_377,Técnico,Alta,Carlos M.,44,2,Abierto,2024-01-07
9559,Cliente_318,Entrega,Crítica,Carlos M.,15,2,En espera,2024-01-24
9560,Cliente_472,Producto,Alta,Ana L.,67,4,Resuelto,2025-07-22
9561,Cliente_137,Producto,Media,Carlos M.,1,1,Abierto,2024-11-15
9562,Cliente_324,Entrega,Media,Ana L.,24,3,En espera,2025-06-20
9563,Cliente_337,Entrega,Media,Carlos M.,62,2,Resuelto,2025-03-31
9564,Cliente_273,Facturación,Baja,Carlos M.,57,2,Escalado,2025-02-21
9565,Cliente_117,Facturación,Baja,Carlos M.,20,5,Resuelto,2025-04-27
9566,Cliente_306,Cuenta,Baja,Fernanda P.,58,1,Resuelto,2025-07-19
9567,Cliente_368,Cuenta,Media,Carlos M.,14,5,Resuelto,2024-03-26
9568,Cliente_94,Cuenta,Crítica,Fernanda P.,53,4,Resuelto,2025-05-17
9569,Cliente_168,Técnico,Crítica,Ana L.,35,4,En espera,2024-12-29
9570,Cliente_442,Producto,Baja,Ana L.,62,3,Resuelto,2024-02-06
9571,Cliente_203,Técnico,Baja,Carlos M.,61,4,Resuelto,2024-10-12
9572,Cliente_341,Entrega,Baja,Fernanda P.,19,3,Resuelto,2025-05-21
9573,Cliente_149,Facturación,Baja,Ana L.,42,5,Abierto,2024-07-06
9574,Cliente_402,Entrega,Baja,Fernanda P.,44,2,Resuelto,2024-05-09
9575,Cliente_183,Entrega,Media,Fernanda P.,1,2,Abierto,2024-10-30
9576,Cliente_413,Facturación,Media,Ana L.,68,1,Resuelto,2025-06-19
9577,Cliente_152,Entrega,Media,Fernanda P.,46,4,Abierto,2024-09-05
9578,Cliente_74,Cuenta,Media,Fernanda P.,51,1,Escalado,2024-08-14
9579,Cliente_365,Facturación,Media,Ana L.,32,1,Resuelto,2025-04-28
9580,Cliente_401,Entrega,Alta,Carlos M.,19,2,Resuelto,2024-11-19
9581,Cliente_274,Cuenta,Alta,Carlos M.,39,4,Resuelto,2024-01-08
9582,Cliente_42,Cuenta,Media,Fernanda P.,14,2,Resuelto,2024-02-25
9583,Cliente_496,Producto,Baja,Carlos M.,29,1,Resuelto,2025-07-26
9584,Cliente_212,Cuenta,Baja,Ana L.,42,4,Resuelto,2025-07-04
9585,Cliente_101,Técnico,Baja,Ana L.,14,2,Resuelto,2024-09-30
9586,Cliente_45,Facturación,Media,Ana L.,11,3,Resuelto,2024-04-06
9587,Cliente_82,Facturación,Baja,Fernanda P.,47,3,Resuelto,2024-04-07
9588,Cliente_17,Facturación,Media,Ana L.,24,5,Resuelto,2024-07-29
9589,Cliente_73,Entrega,Baja,Fernanda P.,22,5,Abierto,2025-07-07
9590,Cliente_14,Entrega,Alta,Fernanda P.,49,4,Escalado,2025-07-18
9591,Cliente_433,Técnico,Baja,Ana L.,55,5,Resuelto,2024-02-02
9592,Cliente_157,Cuenta,Media,Ana L.,55,4,Resuelto,2024-10-03
9593,Cliente_223,Entrega,Baja,Fernanda P.,70,1,Resuelto,2025-03-19
9594,Cliente_132,Cuenta,Baja,Ana L.,35,3,Resuelto,2025-03-02
9595,Cliente_338,Cuenta,Alta,Carlos M.,44,4,Escalado,2024-05-09
9596,Cliente_404,Entrega,Media,Fernanda P.,36,1,Abierto,2024-10-22
9597,Cliente_376,Entrega,Baja,Fernanda P.,15,3,Resuelto,2025-07-15
9598,Cliente_376,Técnico,Media,Ana L.,45,2,En espera,2025-04-23
9599,Cliente_47,Producto,Media,Ana L.,62,1,Abierto,2025-07-28
9600,Cliente_107,Facturación,Media,Fernanda P.,50,2,Resuelto,2024-04-19
9601,Cliente_108,Entrega,Media,Fernanda P.,13,5,Abierto,2024-11-15
9602,Cliente_265,Entrega,Alta,Fernanda P.,31,4,Resuelto,2024-06-26
9603,Cliente_205,Cuenta,Baja,Ana L.,5,3,Resuelto,2025-01-28
9604,Cliente_79,Producto,Media,Fernanda P.,8,5,Resuelto,2024-08-31
9605,Cliente_155,Entrega,Media,Carlos M.,13,1,Resuelto,2025-08-19
9606,Cliente_271,Producto,Alta,Carlos M.,41,5,Abierto,2024-04-23
9607,Cliente_476,Facturación,Crítica,Ana L.,17,2,En espera,2024-04-25
9608,Cliente_485,Cuenta,Alta,Fernanda P.,32,2,Resuelto,2025-07-02
9609,Cliente_247,Técnico,Alta,Fernanda P.,5,4,Resuelto,2025-08-06
9610,Cliente_19,Facturación,Crítica,Carlos M.,9,5,Resuelto,2024-05-17
9611,Cliente_346,Producto,Media,Fernanda P.,34,3,En espera,2025-02-12
9612,Cliente_436,Producto,Alta,Ana L.,1,2,Resuelto,2024-10-15
9613,Cliente_26,Facturación,Crítica,Ana L.,40,1,En espera,2025-06-12
9614,Cliente_217,Producto,Baja,Ana L.,54,5,Escalado,2024-10-06
9615,Cliente_154,Técnico,Media,Fernanda P.,32,3,Resuelto,2024-06-25
9616,Cliente_154,Técnico,Alta,Fernanda P.,50,3,Resuelto,2024-08-29
9617,Cliente_174,Producto,Crítica,Carlos M.,59,3,Resuelto,2025-06-25
9618,Cliente_92,Producto,Alta,Carlos M.,62,3,Resuelto,2025-07-30
9619,Cliente_433,Técnico,Alta,Ana L.,11,2,Resuelto,2025-01-16
9620,Cliente_338,Producto,Crítica,Fernanda P.,23,4,En espera,2024-03-21
9621,Cliente_480,Entrega,Media,Fernanda P.,26,5,Resuelto,2024-01-13
9622,Cliente_181,Cuenta,Baja,Ana L.,63,2,Resuelto,2025-03-19
9623,Cliente_131,Entrega,Baja,Ana L.,46,4,Resuelto,2024-05-17
9624,Cliente_450,Producto,Media,Carlos M.,69,3,En espera,2024-07-11
9625,Cliente_481,Producto,Media,Carlos M.,6,1,Resuelto,2024-12-05
9626,Cliente_298,Cuenta,Media,Ana L.,51,3,Abierto,2025-01-25
9627,Cliente_275,Producto,Media,Fernanda P.,43,4,Resuelto,2025-04-24
9628,Cliente_273,Cuenta,Crítica,Carlos M.,42,4,Resuelto,2025-06-21
9629,Cliente_492,Técnico,Media,Ana L.,13,1,En espera,2024-08-24
9630,Cliente_417,Cuenta,Alta,Fernanda P.,25,2,Resuelto,2025-03-30
9631,Cliente_76,Cuenta,Crítica,Ana L.,2,1,Resuelto,2025-07-03
9632,Cliente_177,Entrega,Media,Fernanda P.,14,3,Abierto,2024-11-05
9633,Cliente_184,Producto,Media,Carlos M.,17,5,En espera,2025-07-10
9634,Cliente_319,Técnico,Alta,Fernanda P.,40,2,Resuelto,2025-05-02
9635,Cliente_131,Facturación,Alta,Fernanda P.,39,5,Resuelto,2025-01-02
9636,Cliente_363,Cuenta,Media,Ana L.,25,5,Resuelto,2024-06-17
9637,Cliente_49,Facturación,Baja,Fernanda P.,48,2,En espera,2024-06-21
9638,Cliente_55,Producto,Baja,Carlos M.,49,3,En espera,2024-08-06
9639,Cliente_154,Cuenta,Baja,Ana L.,33,4,Resuelto,2025-02-21
9640,Cliente_355,Facturación,Baja,Ana L.,27,3,Resuelto,2025-08-10
9641,Cliente_200,Entrega,Baja,Ana L.,45,4,Resuelto,2024-11-09
9642,Cliente_308,Facturación,Media,Ana L.,31,4,Resuelto,2025-08-13
9643,Cliente_356,Entrega,Crítica,Ana L.,63,2,Escalado,2024-07-30
9644,Cliente_373,Técnico,Media,Ana L.,38,2,En espera,2024-05-17
9645,Cliente_118,Producto,Crítica,Ana L.,40,1,Abierto,2024-08-25
9646,Cliente_263,Facturación,Alta,Carlos M.,58,5,Resuelto,2024-11-12
9647,Cliente_46,Cuenta,Alta,Carlos M.,65,5,Escalado,2024-01-11
9648,Cliente_302,Producto,Media,Ana L.,11,5,En espera,2025-02-04
9649,Cliente_356,Facturación,Media,Fernanda P.,15,5,Resuelto,2024-07-21
9650,Cliente_400,Cuenta,Alta,Ana L.,57,1,Abierto,2025-06-10
9651,Cliente_408,Cuenta,Crítica,Ana L.,25,4,Resuelto,2025-05-30
9652,Cliente_189,Cuenta,Media,Ana L.,39,1,Resuelto,2024-06-29
9653,Cliente_310,Cuenta,Baja,Fernanda P.,33,2,Escalado,2025-03-06
9654,Cliente_318,Facturación,Alta,Carlos M.,29,3,Resuelto,2025-07-11
9655,Cliente_129,Técnico,Baja,Fernanda P.,58,4,Abierto,2025-02-16
9656,Cliente_49,Entrega,Baja,Fernanda P.,72,4,Resuelto,2025-06-26
9657,Cliente_25,Entrega,Alta,Fernanda P.,11,1,Escalado,2024-11-24
9658,Cliente_266,Entrega,Media,Fernanda P.,13,2,Resuelto,2025-07-13
9659,Cliente_118,Técnico,Media,Ana L.,69,2,Abierto,2024-07-02
9660,Cliente_464,Cuenta,Crítica,Carlos M.,21,4,Resuelto,2024-05-10
9661,Cliente_144,Cuenta,Media,Fernanda P.,3,1,Resuelto,2024-10-01
9662,Cliente_442,Producto,Media,Carlos M.,26,5,Resuelto,2025-01-05
9663,Cliente_200,Entrega,Baja,Ana L.,33,4,Resuelto,2025-03-31
9664,Cliente_157,Entrega,Media,Ana L.,22,5,Escalado,2024-01-25
9665,Cliente_487,Cuenta,Alta,Carlos M.,62,3,Resuelto,2025-01-22
9666,Cliente_348,Entrega,Media,Ana L.,5,2,Resuelto,2024-11-04
9667,Cliente_134,Cuenta,Baja,Carlos M.,19,4,Resuelto,2024-06-27
9668,Cliente_400,Cuenta,Baja,Fernanda P.,9,3,Resuelto,2024-07-24
9669,Cliente_148,Cuenta,Media,Ana L.,58,5,Resuelto,2024-01-05
9670,Cliente_336,Facturación,Media,Ana L.,24,4,Escalado,2024-11-01
9671,Cliente_71,Facturación,Media,Carlos M.,39,3,Resuelto,2024-06-26
9672,Cliente_233,Facturación,Media,Ana L.,61,4,En espera,2024-11-10
9673,Cliente_334,Facturación,Baja,Fernanda P.,48,3,Abierto,2025-08-15
9674,Cliente_299,Técnico,Media,Ana L.,50,3,Resuelto,2024-05-10
9675,Cliente_154,Producto,Crítica,Ana L.,62,5,Escalado,2024-08-12
9676,Cliente_90,Producto,Baja,Ana L.,53,2,Escalado,2024-11-01
9677,Cliente_334,Cuenta,Media,Carlos M.,21,1,Resuelto,2024-11-05
9678,Cliente_199,Entrega,Media,Fernanda P.,38,3,Escalado,2024-03-31
9679,Cliente_161,Facturación,Alta,Fernanda P.,59,2,Resuelto,2024-09-18
9680,Cliente_26,Producto,Baja,Ana L.,43,1,Resuelto,2025-03-13
9681,Cliente_121,Producto,Crítica,Ana L.,17,5,Resuelto,2025-06-05
9682,Cliente_301,Facturación,Media,Carlos M.,69,4,Resuelto,2024-04-27
9683,Cliente_212,Técnico,Alta,Fernanda P.,44,2,Resuelto,2025-03-18
9684,Cliente_63,Técnico,Baja,Ana L.,63,4,En espera,2025-08-15
9685,Cliente_451,Producto,Alta,Fernanda P.,23,4,Resuelto,2024-12-24
9686,Cliente_436,Técnico,Alta,Ana L.,68,1,Resuelto,2024-06-22
9687,Cliente_68,Facturación,Media,Ana L.,26,2,Escalado,2025-04-06
9688,Cliente_253,Producto,Media,Carlos M.,48,3,Resuelto,2025-01-30
9689,Cliente_410,Facturación,Media,Fernanda P.,47,1,Resuelto,2024-08-17
9690,Cliente_459,Técnico,Baja,Fernanda P.,46,2,Escalado,2024-06-05
9691,Cliente_2,Facturación,Alta,Ana L.,29,3,Escalado,2024-11-29
9692,Cliente_398,Técnico,Baja,Ana L.,34,4,Resuelto,2024-10-31
9693,Cliente_108,Técnico,Baja,Carlos M.,10,5,Resuelto,2024-10-25
9694,Cliente_286,Facturación,Media,Ana L.,20,5,Escalado,2024-12-08
9695,Cliente_49,Técnico,Baja,Fernanda P.,34,1,Resuelto,2025-06-02
9696,Cliente_140,Cuenta,Crítica,Carlos M.,13,3,Resuelto,2024-01-13
9697,Cliente_218,Facturación,Alta,Fernanda P.,10,3,Resuelto,2025-01-17
9698,Cliente_44,Cuenta,Media,Carlos M.,45,5,Abierto,2024-06-23
9699,Cliente_417,Facturación,Alta,Fernanda P.,8,3,Resuelto,2025-02-06
9700,Cliente_269,Técnico,Alta,Ana L.,5,2,Resuelto,2025-03-31
9701,Cliente_78,Técnico,Baja,Fernanda P.,20,2,Resuelto,2024-09-24
9702,Cliente_216,Producto,Alta,Fernanda P.,44,5,Resuelto,2024-12-05
9703,Cliente_382,Producto,Baja,Carlos M.,58,4,Resuelto,2024-01-27
9704,Cliente_98,Cuenta,Media,Fernanda P.,20,4,Resuelto,2024-09-15
9705,Cliente_236,Técnico,Media,Ana L.,71,4,En espera,2025-07-17
9706,Cliente_282,Producto,Alta,Carlos M.,40,5,Escalado,2024-05-14
9707,Cliente_149,Técnico,Baja,Carlos M.,16,1,Abierto,2024-11-02
9708,Cliente_412,Facturación,Baja,Fernanda P.,4,3,Resuelto,2025-04-25
9709,Cliente_304,Producto,Media,Carlos M.,10,2,Resuelto,2024-01-17
9710,Cliente_484,Cuenta,Media,Ana L.,51,2,Resuelto,2025-01-24
9711,Cliente_424,Producto,Alta,Fernanda P.,48,1,Resuelto,2025-02-21
9712,Cliente_66,Técnico,Media,Ana L.,20,3,Abierto,2024-02-18
9713,Cliente_234,Entrega,Baja,Fernanda P.,32,4,Resuelto,2024-03-01
9714,Cliente_457,Entrega,Baja,Fernanda P.,66,2,Escalado,2024-11-09
9715,Cliente_87,Técnico,Media,Carlos M.,60,4,Abierto,2025-08-10
9716,Cliente_79,Facturación,Media,Carlos M.,11,4,Escalado,2024-05-25
9717,Cliente_205,Producto,Baja,Carlos M.,20,5,Resuelto,2025-05-10
9718,Cliente_279,Entrega,Media,Fernanda P.,23,5,Resuelto,2024-01-06
9719,Cliente_337,Facturación,Media,Carlos M.,35,3,Resuelto,2024-07-23
9720,Cliente_254,Técnico,Baja,Ana L.,17,2,Resuelto,2024-09-06
9721,Cliente_304,Facturación,Media,Carlos M.,10,5,Escalado,2024-12-10
9722,Cliente_380,Técnico,Alta,Ana L.,38,3,Resuelto,2025-03-07
9723,Cliente_130,Producto,Media,Carlos M.,32,1,Resuelto,2024-12-09
9724,Cliente_84,Facturación,Alta,Fernanda P.,54,4,Resuelto,2025-02-20
9725,Cliente_276,Producto,Baja,Carlos M.,57,2,Escalado,2025-06-16
9726,Cliente_187,Facturación,Media,Ana L.,25,2,Resuelto,2025-05-01
9727,Cliente_46,Técnico,Media,Ana L.,14,3,En espera,2024-02-24
9728,Cliente_387,Técnico,Media,Carlos M.,45,5,Resuelto,2024-06-25
9729,Cliente_183,Facturación,Media,Ana L.,44,4,En espera,2025-04-12
9730,Cliente_268,Técnico,Alta,Fernanda P.,38,4,Resuelto,2025-05-09
9731,Cliente_296,Cuenta,Media,Carlos M.,36,2,Resuelto,2025-06-04
9732,Cliente_322,Cuenta,Baja,Ana L.,39,2,Abierto,2024-04-27
9733,Cliente_100,Producto,Media,Carlos M.,39,4,En espera,2025-01-23
9734,Cliente_78,Cuenta,Alta,Carlos M.,13,1,Resuelto,2025-02-21
9735,Cliente_272,Cuenta,Crítica,Carlos M.,66,3,Abierto,2024-07-20
9736,Cliente_339,Entrega,Media,Carlos M.,34,1,Resuelto,2024-05-24
9737,Cliente_162,Entrega,Media,Carlos M.,15,5,Escalado,2024-06-29
9738,Cliente_44,Entrega,Media,Fernanda P.,58,1,Resuelto,2024-02-05
9739,Cliente_238,Entrega,Alta,Carlos M.,59,1,Resuelto,2024-02-05
9740,Cliente_134,Técnico,Crítica,Fernanda P.,66,5,Resuelto,2025-01-31
9741,Cliente_461,Producto,Alta,Carlos M.,52,3,Resuelto,2025-06-15
9742,Cliente_192,Producto,Media,Ana L.,69,4,Resuelto,2024-08-17
9743,Cliente_356,Cuenta,Baja,Carlos M.,5,1,Resuelto,2024-07-29
9744,Cliente_278,Producto,Alta,Carlos M.,43,3,Resuelto,2025-04-14
9745,Cliente_18,Cuenta,Alta,Ana L.,8,5,Resuelto,2024-01-06
9746,Cliente_12,Producto,Alta,Fernanda P.,63,3,Resuelto,2025-04-03
9747,Cliente_180,Facturación,Baja,Fernanda P.,68,1,En espera,2025-01-28
9748,Cliente_123,Facturación,Media,Fernanda P.,35,4,En espera,2024-06-07
9749,Cliente_246,Producto,Baja,Fernanda P.,71,5,Resuelto,2024-05-25
9750,Cliente_222,Técnico,Alta,Ana L.,32,5,Resuelto,2024-12-17
9751,Cliente_373,Cuenta,Baja,Fernanda P.,24,1,Resuelto,2024-02-16
9752,Cliente_51,Producto,Media,Fernanda P.,50,3,En espera,2025-06-19
9753,Cliente_488,Cuenta,Baja,Fernanda P.,59,4,Escalado,2024-04-19
9754,Cliente_71,Entrega,Baja,Fernanda P.,65,5,Resuelto,2025-05-01
9755,Cliente_480,Producto,Media,Fernanda P.,38,1,Abierto,2024-08-04
9756,Cliente_48,Técnico,Baja,Carlos M.,38,1,Resuelto,2024-04-13
9757,Cliente_19,Entrega,Media,Carlos M.,21,2,Resuelto,2025-07-10
9758,Cliente_262,Producto,Crítica,Fernanda P.,23,2,Resuelto,2024-12-04
9759,Cliente_84,Facturación,Crítica,Ana L.,46,3,Resuelto,2024-10-09
9760,Cliente_155,Producto,Baja,Ana L.,69,1,Abierto,2025-06-17
9761,Cliente_53,Facturación,Alta,Carlos M.,30,3,Abierto,2024-01-28
9762,Cliente_107,Facturación,Media,Ana L.,40,3,Escalado,2025-06-30
9763,Cliente_357,Producto,Crítica,Carlos M.,70,4,Resuelto,2025-05-29
9764,Cliente_304,Producto,Alta,Fernanda P.,69,2,Resuelto,2025-02-25
9765,Cliente_135,Facturación,Baja,Fernanda P.,42,3,Resuelto,2025-05-19
9766,Cliente_443,Cuenta,Media,Ana L.,18,4,Resuelto,2024-09-10
9767,Cliente_69,Entrega,Media,Ana L.,59,4,Resuelto,2024-08-27
9768,Cliente_11,Técnico,Alta,Ana L.,13,2,En espera,2024-08-28
9769,Cliente_143,Producto,Media,Fernanda P.,21,2,Resuelto,2024-07-20
9770,Cliente_192,Entrega,Media,Fernanda P.,68,1,Escalado,2024-05-14
9771,Cliente_387,Entrega,Media,Ana L.,61,3,Resuelto,2025-04-22
9772,Cliente_378,Cuenta,Crítica,Ana L.,38,4,Abierto,2025-04-17
9773,Cliente_69,Entrega,Crítica,Ana L.,40,1,Escalado,2025-03-01
9774,Cliente_23,Producto,Media,Ana L.,27,3,Resuelto,2024-12-19
9775,Cliente_181,Entrega,Alta,Carlos M.,58,3,Resuelto,2025-01-01
9776,Cliente_293,Producto,Alta,Ana L.,66,1,Abierto,2025-07-22
9777,Cliente_9,Producto,Alta,Ana L.,43,4,En espera,2024-03-25
9778,Cliente_271,Facturación,Baja,Carlos M.,20,1,Resuelto,2024-06-05
9779,Cliente_387,Cuenta,Media,Carlos M.,35,3,Resuelto,2024-12-02
9780,Cliente_93,Técnico,Media,Carlos M.,55,1,Resuelto,2024-07-09
9781,Cliente_454,Facturación,Media,Carlos M.,72,1,Resuelto,2025-05-13
9782,Cliente_17,Técnico,Baja,Ana L.,40,3,Escalado,2024-01-21
9783,Cliente_154,Producto,Media,Fernanda P.,46,2,Resuelto,2025-05-06
9784,Cliente_405,Facturación,Media,Fernanda P.,42,4,En espera,2024-05-16
9785,Cliente_328,Entrega,Media,Fernanda P.,18,3,En espera,2024-08-23
9786,Cliente_149,Entrega,Media,Fernanda P.,15,2,En espera,2024-01-03
9787,Cliente_377,Técnico,Baja,Fernanda P.,66,1,Resuelto,2024-01-23
9788,Cliente_267,Producto,Alta,Fernanda P.,13,2,Resuelto,2024-05-20
9789,Cliente_422,Técnico,Crítica,Carlos M.,57,3,Escalado,2024-02-07
9790,Cliente_328,Cuenta,Media,Carlos M.,9,3,Resuelto,2024-06-10
9791,Cliente_106,Entrega,Alta,Fernanda P.,66,1,Resuelto,2024-08-09
9792,Cliente_472,Facturación,Baja,Ana L.,16,3,En espera,2025-02-13
9793,Cliente_381,Facturación,Alta,Ana L.,2,5,Resuelto,2024-01-20
9794,Cliente_35,Facturación,Baja,Fernanda P.,16,2,Resuelto,2025-07-11
9795,Cliente_119,Entrega,Media,Ana L.,72,5,Escalado,2024-04-11
9796,Cliente_14,Producto,Media,Carlos M.,1,5,Abierto,2025-05-01
9797,Cliente_14,Entrega,Media,Carlos M.,26,2,Resuelto,2024-11-02
9798,Cliente_266,Entrega,Media,Ana L.,44,3,Resuelto,2024-02-26
9799,Cliente_140,Facturación,Media,Fernanda P.,5,2,Resuelto,2024-05-19
9800,Cliente_294,Entrega,Media,Carlos M.,21,1,Resuelto,2025-04-18
9801,Cliente_364,Facturación,Alta,Ana L.,35,5,Resuelto,2024-04-26
9802,Cliente_119,Producto,Media,Ana L.,54,5,Resuelto,2024-05-17
9803,Cliente_238,Cuenta,Baja,Carlos M.,50,3,Escalado,2024-11-16
9804,Cliente_34,Facturación,Media,Carlos M.,44,2,Resuelto,2024-09-24
9805,Cliente_169,Técnico,Alta,Fernanda P.,4,4,Resuelto,2025-03-11
9806,Cliente_10,Cuenta,Media,Ana L.,42,3,Abierto,2024-02-20
9807,Cliente_122,Producto,Media,Fernanda P.,41,3,Abierto,2024-11-15
9808,Cliente_401,Cuenta,Media,Carlos M.,36,3,Resuelto,2025-06-14
9809,Cliente_145,Facturación,Media,Ana L.,24,2,Resuelto,2024-12-03
9810,Cliente_451,Producto,Baja,Carlos M.,5,3,Escalado,2024-01-24
9811,Cliente_446,Técnico,Media,Carlos M.,57,1,Resuelto,2024-10-08
9812,Cliente_223,Facturación,Baja,Carlos M.,67,1,Abierto,2024-02-05
9813,Cliente_371,Facturación,Baja,Fernanda P.,11,5,Escalado,2025-05-14
9814,Cliente_257,Producto,Baja,Carlos M.,45,5,Resuelto,2025-06-27
9815,Cliente_268,Producto,Media,Fernanda P.,22,2,Escalado,2024-09-14
9816,Cliente_359,Cuenta,Media,Carlos M.,11,4,Abierto,2024-12-03
9817,Cliente_4,Técnico,Crítica,Carlos M.,38,5,Resuelto,2024-06-25
9818,Cliente_426,Cuenta,Media,Ana L.,59,5,Resuelto,2025-05-11
9819,Cliente_397,Cuenta,Alta,Carlos M.,4,5,Escalado,2025-03-05
9820,Cliente_354,Facturación,Baja,Ana L.,67,5,Resuelto,2025-05-07
9821,Cliente_106,Producto,Baja,Ana L.,10,3,Resuelto,2025-08-17
9822,Cliente_85,Facturación,Alta,Fernanda P.,19,5,Abierto,2024-09-24
9823,Cliente_214,Técnico,Media,Ana L.,28,2,En espera,2025-03-22
9824,Cliente_121,Cuenta,Baja,Ana L.,17,3,Resuelto,2024-08-27
9825,Cliente_132,Técnico,Media,Carlos M.,24,3,Resuelto,2024-04-26
9826,Cliente_338,Producto,Media,Carlos M.,1,2,En espera,2025-08-08
9827,Cliente_197,Producto,Alta,Fernanda P.,5,4,Resuelto,2025-02-09
9828,Cliente_19,Entrega,Baja,Ana L.,32,5,Resuelto,2024-09-22
9829,Cliente_130,Técnico,Media,Ana L.,53,1,Resuelto,2024-11-01
9830,Cliente_12,Facturación,Alta,Fernanda P.,57,4,Resuelto,2025-02-22
9831,Cliente_81,Técnico,Crítica,Carlos M.,43,5,Resuelto,2025-07-26
9832,Cliente_330,Cuenta,Alta,Ana L.,39,1,En espera,2025-08-09
9833,Cliente_354,Producto,Baja,Fernanda P.,34,3,Resuelto,2024-01-17
9834,Cliente_262,Producto,Alta,Carlos M.,5,3,En espera,2024-01-12
9835,Cliente_392,Técnico,Alta,Fernanda P.,18,3,En espera,2025-05-29
9836,Cliente_125,Técnico,Alta,Fernanda P.,4,5,Resuelto,2025-08-07
9837,Cliente_307,Técnico,Alta,Ana L.,70,2,Resuelto,2024-03-23
9838,Cliente_267,Cuenta,Crítica,Carlos M.,11,3,Escalado,2025-01-17
9839,Cliente_447,Cuenta,Baja,Ana L.,47,3,Resuelto,2024-03-24
9840,Cliente_441,Facturación,Baja,Ana L.,31,3,Resuelto,2025-08-09
9841,Cliente_383,Técnico,Alta,Carlos M.,13,5,Resuelto,2025-05-27
9842,Cliente_140,Facturación,Baja,Carlos M.,23,1,En espera,2025-07-18
9843,Cliente_329,Entrega,Baja,Carlos M.,65,4,Resuelto,2025-05-23
9844,Cliente_2,Cuenta,Media,Ana L.,68,3,Resuelto,2024-06-20
9845,Cliente_8,Producto,Alta,Carlos M.,30,4,En espera,2025-05-05
9846,Cliente_250,Entrega,Baja,Carlos M.,31,2,Escalado,2024-09-22
9847,Cliente_139,Producto,Media,Carlos M.,47,2,Resuelto,2025-04-03
9848,Cliente_124,Entrega,Baja,Fernanda P.,16,2,Resuelto,2024-01-08
9849,Cliente_309,Facturación,Baja,Carlos M.,43,3,En espera,2024-05-24
9850,Cliente_228,Facturación,Media,Ana L.,3,4,En espera,2024-05-14
9851,Cliente_10,Cuenta,Baja,Fernanda P.,12,1,Resuelto,2025-02-24
9852,Cliente_469,Producto,Alta,Ana L.,11,5,Resuelto,2024-03-08
9853,Cliente_212,Entrega,Alta,Fernanda P.,16,4,Resuelto,2025-07-29
9854,Cliente_112,Técnico,Alta,Carlos M.,29,5,Resuelto,2024-09-10
9855,Cliente_8,Técnico,Baja,Fernanda P.,21,4,En espera,2025-02-03
9856,Cliente_292,Cuenta,Media,Ana L.,58,3,Resuelto,2024-12-21
9857,Cliente_477,Producto,Baja,Fernanda P.,43,1,Resuelto,2024-09-06
9858,Cliente_362,Técnico,Baja,Carlos M.,5,3,Resuelto,2024-06-12
9859,Cliente_460,Cuenta,Media,Carlos M.,52,2,En espera,2024-09-23
9860,Cliente_253,Cuenta,Alta,Ana L.,13,1,Abierto,2025-01-18
9861,Cliente_14,Producto,Baja,Fernanda P.,12,4,Resuelto,2025-01-19
9862,Cliente_240,Técnico,Baja,Ana L.,1,3,Resuelto,2024-09-21
9863,Cliente_438,Técnico,Crítica,Ana L.,8,5,Resuelto,2025-06-20
9864,Cliente_242,Técnico,Media,Ana L.,16,3,Resuelto,2025-07-23
9865,Cliente_469,Facturación,Crítica,Carlos M.,15,3,Resuelto,2024-01-24
9866,Cliente_342,Técnico,Crítica,Fernanda P.,19,4,Resuelto,2025-08-06
9867,Cliente_149,Entrega,Media,Carlos M.,25,4,Resuelto,2025-01-06
9868,Cliente_236,Facturación,Baja,Carlos M.,31,2,Resuelto,2024-05-06
9869,Cliente_306,Facturación,Alta,Carlos M.,2,1,En espera,2024-06-22
9870,Cliente_478,Facturación,Baja,Fernanda P.,59,3,En espera,2024-01-18
9871,Cliente_167,Facturación,Baja,Carlos M.,31,5,Resuelto,2025-03-26
9872,Cliente_20,Cuenta,Alta,Carlos M.,68,4,Resuelto,2024-03-03
9873,Cliente_216,Entrega,Media,Carlos M.,68,4,Resuelto,2024-05-31
9874,Cliente_343,Producto,Baja,Fernanda P.,12,2,Resuelto,2025-04-18
9875,Cliente_135,Técnico,Media,Fernanda P.,17,1,Resuelto,2025-05-21
9876,Cliente_393,Facturación,Alta,Ana L.,29,2,Resuelto,2024-01-08
9877,Cliente_129,Producto,Baja,Carlos M.,36,4,Abierto,2024-08-11
9878,Cliente_410,Cuenta,Baja,Carlos M.,63,5,Resuelto,2024-07-18
9879,Cliente_422,Producto,Baja,Fernanda P.,15,2,Resuelto,2024-05-12
9880,Cliente_294,Facturación,Media,Fernanda P.,30,3,Resuelto,2025-06-22
9881,Cliente_246,Entrega,Alta,Carlos M.,51,4,Abierto,2025-01-16
9882,Cliente_189,Producto,Alta,Ana L.,11,4,Escalado,2024-07-09
9883,Cliente_44,Facturación,Media,Ana L.,57,2,Resuelto,2024-08-18
9884,Cliente_86,Facturación,Baja,Carlos M.,13,5,Resuelto,2025-07-28
9885,Cliente_44,Técnico,Baja,Ana L.,55,2,Resuelto,2024-11-18
9886,Cliente_330,Técnico,Baja,Ana L.,63,5,Resuelto,2024-02-21
9887,Cliente_375,Entrega,Baja,Carlos M.,2,4,Resuelto,2024-12-02
9888,Cliente_446,Técnico,Baja,Ana L.,72,2,Resuelto,2025-08-17
9889,Cliente_378,Entrega,Media,Fernanda P.,56,1,Abierto,2024-11-28
9890,Cliente_390,Cuenta,Baja,Carlos M.,7,2,Resuelto,2025-03-10
9891,Cliente_145,Cuenta,Alta,Fernanda P.,43,2,Abierto,2025-04-18
9892,Cliente_51,Técnico,Alta,Carlos M.,31,1,Resuelto,2025-05-21
9893,Cliente_242,Cuenta,Media,Fernanda P.,61,1,Escalado,2025-02-11
9894,Cliente_294,Producto,Baja,Ana L.,22,3,Resuelto,2025-01-13
9895,Cliente_408,Producto,Alta,Fernanda P.,62,1,Resuelto,2024-07-23
9896,Cliente_51,Producto,Crítica,Fernanda P.,28,5,Escalado,2024-12-23
9897,Cliente_266,Cuenta,Baja,Fernanda P.,25,3,Resuelto,2024-09-05
9898,Cliente_120,Producto,Alta,Fernanda P.,65,5,Resuelto,2024-05-28
9899,Cliente_200,Entrega,Alta,Fernanda P.,32,3,Resuelto,2025-04-29
9900,Cliente_405,Facturación,Media,Carlos M.,48,3,Resuelto,2024-11-13
9901,Cliente_248,Técnico,Media,Fernanda P.,24,5,Resuelto,2025-05-25
9902,Cliente_70,Entrega,Media,Fernanda P.,42,4,Abierto,2024-10-13
9903,Cliente_341,Producto,Media,Carlos M.,70,4,Resuelto,2025-01-22
9904,Cliente_57,Facturación,Media,Carlos M.,36,2,En espera,2024-05-22
9905,Cliente_382,Técnico,Crítica,Ana L.,31,4,Resuelto,2025-02-06
9906,Cliente_39,Entrega,Alta,Fernanda P.,27,2,Resuelto,2025-08-08
9907,Cliente_472,Técnico,Baja,Fernanda P.,66,4,Resuelto,2024-06-15
9908,Cliente_289,Cuenta,Media,Ana L.,45,2,Escalado,2025-07-17
9909,Cliente_443,Producto,Media,Fernanda P.,44,2,En espera,2025-01-14
9910,Cliente_18,Entrega,Baja,Ana L.,57,1,Resuelto,2024-07-28
9911,Cliente_440,Entrega,Media,Carlos M.,21,2,Abierto,2024-02-13
9912,Cliente_220,Facturación,Crítica,Fernanda P.,55,5,Resuelto,2025-04-09
9913,Cliente_313,Facturación,Media,Fernanda P.,15,5,En espera,2025-06-12
9914,Cliente_244,Facturación,Baja,Carlos M.,34,2,Resuelto,2024-11-26
9915,Cliente_352,Técnico,Baja,Fernanda P.,3,5,Resuelto,2024-11-03
9916,Cliente_460,Producto,Media,Carlos M.,1,4,Resuelto,2024-03-11
9917,Cliente_304,Técnico,Media,Carlos M.,24,5,Abierto,2024-10-16
9918,Cliente_298,Producto,Media,Ana L.,43,1,Resuelto,2024-08-08
9919,Cliente_283,Entrega,Media,Carlos M.,27,5,Resuelto,2025-05-25
9920,Cliente_74,Técnico,Baja,Ana L.,9,4,Abierto,2025-06-24
9921,Cliente_110,Técnico,Baja,Carlos M.,17,4,Resuelto,2025-04-30
9922,Cliente_180,Técnico,Media,Ana L.,39,2,Resuelto,2024-06-24
9923,Cliente_426,Cuenta,Baja,Ana L.,55,3,Abierto,2025-01-26
9924,Cliente_32,Producto,Alta,Ana L.,68,4,En espera,2025-08-02
9925,Cliente_234,Producto,Baja,Ana L.,45,2,Abierto,2024-04-01
9926,Cliente_282,Técnico,Media,Fernanda P.,28,2,Resuelto,2024-11-03
9927,Cliente_25,Cuenta,Media,Carlos M.,56,5,Resuelto,2025-08-09
9928,Cliente_331,Técnico,Media,Carlos M.,29,5,En espera,2024-12-03
9929,Cliente_279,Producto,Alta,Carlos M.,29,2,Resuelto,2025-08-19
9930,Cliente_226,Entrega,Media,Carlos M.,69,1,Resuelto,2024-02-27
9931,Cliente_57,Cuenta,Alta,Ana L.,11,2,Resuelto,2024-03-01
9932,Cliente_180,Cuenta,Media,Fernanda P.,2,5,Abierto,2025-02-27
9933,Cliente_232,Técnico,Media,Carlos M.,68,4,Resuelto,2024-09-29
9934,Cliente_382,Entrega,Alta,Carlos M.,10,1,Escalado,2024-08-13
9935,Cliente_343,Producto,Media,Carlos M.,72,3,Resuelto,2024-12-02
9936,Cliente_477,Facturación,Media,Ana L.,27,4,En espera,2025-06-10
9937,Cliente_287,Producto,Alta,Carlos M.,35,5,Resuelto,2024-12-24
9938,Cliente_64,Producto,Crítica,Carlos M.,50,4,Resuelto,2024-12-04
9939,Cliente_455,Entrega,Media,Fernanda P.,2,4,Resuelto,2024-12-03
9940,Cliente_232,Cuenta,Media,Ana L.,17,5,Abierto,2025-05-03
9941,Cliente_289,Producto,Baja,Fernanda P.,24,4,Resuelto,2025-01-11
9942,Cliente_213,Cuenta,Media,Carlos M.,57,2,Resuelto,2024-09-25
9943,Cliente_258,Entrega,Media,Ana L.,71,1,Escalado,2024-06-02
9944,Cliente_18,Entrega,Alta,Carlos M.,16,5,Resuelto,2024-01-08
9945,Cliente_175,Técnico,Media,Carlos M.,36,1,Escalado,2024-10-08
9946,Cliente_417,Facturación,Alta,Ana L.,45,2,Abierto,2025-02-01
9947,Cliente_229,Entrega,Baja,Fernanda P.,10,5,Resuelto,2024-09-02
9948,Cliente_226,Entrega,Media,Ana L.,63,2,Resuelto,2024-05-13
9949,Cliente_84,Cuenta,Crítica,Ana L.,43,3,Resuelto,2024-08-14
9950,Cliente_291,Entrega,Baja,Fernanda P.,51,3,Resuelto,2024-02-03
9951,Cliente_435,Producto,Baja,Ana L.,3,3,Resuelto,2024-10-22
9952,Cliente_370,Técnico,Media,Fernanda P.,66,1,Resuelto,2025-04-19
9953,Cliente_246,Técnico,Alta,Fernanda P.,35,3,Resuelto,2024-05-19
9954,Cliente_402,Producto,Media,Ana L.,69,3,Resuelto,2025-01-19
9955,Cliente_110,Entrega,Media,Ana L.,36,2,Resuelto,2024-10-11
9956,Cliente_254,Facturación,Media,Fernanda P.,49,4,Resuelto,2024-07-27
9957,Cliente_88,Entrega,Baja,Fernanda P.,1,4,Abierto,2024-03-22
9958,Cliente_72,Técnico,Alta,Fernanda P.,42,3,Resuelto,2025-03-08
9959,Cliente_381,Facturación,Baja,Fernanda P.,41,4,Escalado,2025-02-03
9960,Cliente_30,Cuenta,Media,Fernanda P.,57,3,Resuelto,2024-12-20
9961,Cliente_172,Cuenta,Media,Ana L.,20,3,Abierto,2024-12-29
9962,Cliente_309,Entrega,Alta,Carlos M.,14,1,Resuelto,2024-10-21
9963,Cliente_394,Entrega,Alta,Ana L.,52,5,Resuelto,2025-02-25
9964,Cliente_343,Facturación,Alta,Carlos M.,54,4,Resuelto,2024-01-06
9965,Cliente_436,Facturación,Media,Fernanda P.,49,3,Abierto,2025-08-15
9966,Cliente_177,Entrega,Baja,Ana L.,30,4,Resuelto,2025-08-08
9967,Cliente_139,Técnico,Baja,Carlos M.,3,1,Resuelto,2025-04-24
9968,Cliente_194,Cuenta,Alta,Fernanda P.,12,1,Resuelto,2025-05-29
9969,Cliente_186,Facturación,Alta,Ana L.,31,3,Resuelto,2024-08-14
9970,Cliente_218,Técnico,Crítica,Carlos M.,37,4,Resuelto,2024-10-07
9971,Cliente_164,Entrega,Baja,Ana L.,27,4,Resuelto,2024-12-05
9972,Cliente_161,Producto,Media,Carlos M.,24,4,Abierto,2025-02-10
9973,Cliente_431,Facturación,Media,Ana L.,41,1,Resuelto,2025-07-28
9974,Cliente_13,Producto,Alta,Ana L.,64,2,Resuelto,2025-03-17
9975,Cliente_296,Técnico,Media,Carlos M.,11,2,Resuelto,2025-01-26
9976,Cliente_89,Cuenta,Alta,Ana L.,16,4,Resuelto,2025-03-10
9977,Cliente_324,Técnico,Media,Ana L.,14,4,Resuelto,2024-04-10
9978,Cliente_42,Cuenta,Baja,Fernanda P.,47,5,Abierto,2024-09-04
9979,Cliente_403,Técnico,Baja,Carlos M.,30,3,Resuelto,2024-10-24
9980,Cliente_210,Facturación,Baja,Ana L.,24,1,Resuelto,2025-02-18
9981,Cliente_229,Facturación,Media,Carlos M.,13,5,Escalado,2024-04-14
9982,Cliente_350,Producto,Baja,Ana L.,9,4,En espera,2024-02-28
9983,Cliente_275,Técnico,Media,Carlos M.,49,2,Resuelto,2024-07-28
9984,Cliente_442,Técnico,Media,Carlos M.,26,2,Escalado,2024-04-04
9985,Cliente_279,Producto,Alta,Fernanda P.,49,5,Resuelto,2024-12-09
9986,Cliente_251,Entrega,Alta,Fernanda P.,42,2,Resuelto,2024-02-20
9987,Cliente_310,Técnico,Baja,Carlos M.,45,2,Escalado,2025-05-15
9988,Cliente_208,Técnico,Baja,Ana L.,21,3,Resuelto,2025-07-17
9989,Cliente_321,Técnico,Baja,Carlos M.,29,4,Resuelto,2024-05-19
9990,Cliente_140,Entrega,Crítica,Ana L.,24,5,Resuelto,2024-04-11
9991,Cliente_280,Facturación,Media,Carlos M.,42,1,Resuelto,2024-04-29
9992,Cliente_34,Producto,Baja,Fernanda P.,71,1,Resuelto,2024-11-03
9993,Cliente_309,Entrega,Alta,Fernanda P.,41,4,Resuelto,2025-04-17
9994,Cliente_392,Cuenta,Media,Ana L.,48,1,Resuelto,2025-03-22
9995,Cliente_18,Cuenta,Alta,Carlos M.,43,2,Resuelto,2024-03-16
9996,Cliente_57,Entrega,Baja,Ana L.,8,3,Resuelto,2024-05-31
9997,Cliente_112,Entrega,Media,Fernanda P.,63,5,Resuelto,2025-08-13
9998,Cliente_5,Facturación,Media,Carlos M.,63,5,Abierto,2025-05-05
9999,Cliente_410,Cuenta,Alta,Fernanda P.,6,2,En espera,2025-02-08
10000,Cliente_414,Producto,Alta,Fernanda P.,52,4,Resuelto,2024-09-08
